parcel_idx,label,hemi,x,y,z,rho_mean,rho_std,n_subjects
0,7Networks_LH_Cont_Cing_1-lh,lh,-2.2256717918325517,3.6683418127521312,30.230103321564503,0.46144260987914404,0.016906771519731325,1093
1,7Networks_LH_Cont_Cing_2-lh,lh,-3.1809476000639414,-21.007527719394798,29.78528140953138,0.475063862785756,0.014588973816764298,1093
2,7Networks_LH_Cont_OFC_1-lh,lh,-27.72670631495984,46.75480225866392,-14.109120785780847,0.43783580054426846,0.0209164298490594,1093
3,7Networks_LH_Cont_PFCl_1-lh,lh,-42.23302016870068,46.22517440858052,-4.52016727584215,0.46141317393812054,0.01927470080209393,1093
4,7Networks_LH_Cont_PFCl_2-lh,lh,-45.096832626477806,32.46106359431174,10.39753443662044,0.42950445872887116,0.02113562964924277,1093
5,7Networks_LH_Cont_PFCl_3-lh,lh,-39.34782922495966,46.15311339668606,11.77650232563848,0.41082827287576074,0.022909488183586894,1093
6,7Networks_LH_Cont_PFCl_4-lh,lh,-28.39669974502809,50.5418346111591,12.993818799157047,0.4857223611707348,0.012521857551459363,1093
7,7Networks_LH_Cont_PFCl_5-lh,lh,-42.35231753906917,35.688901406168284,20.877683296881088,0.4167112691503189,0.02621576463276421,1093
8,7Networks_LH_Cont_PFCl_6-lh,lh,-42.86352279989477,21.123559542518247,25.78900273088465,0.4048135902560708,0.02110124073124379,1093
9,7Networks_LH_Cont_PFCl_7-lh,lh,-37.14715568504142,6.909435672052142,31.01085873065482,0.4576616278925934,0.018228470384916925,1093
10,7Networks_LH_Cont_PFCl_8-lh,lh,-37.89648876758601,31.07452515734742,36.07220465300099,0.43770839227717445,0.019119114030935355,1093
11,7Networks_LH_Cont_PFCmp_1-lh,lh,-4.862709725057924,25.65371003708282,45.29731506991696,0.39549065757452456,0.027140694561680345,1093
12,7Networks_LH_Cont_PFCv_1-lh,lh,-33.10543285536419,18.18721230956968,-9.939000995639953,0.4859868006949194,0.010927200848664859,1093
13,7Networks_LH_Cont_Par_1-lh,lh,-28.972550839407567,-72.08451705061768,36.627593393065496,0.41149424947806357,0.024964429864573496,1093
14,7Networks_LH_Cont_Par_2-lh,lh,-57.43772529241607,-45.16406984404316,42.6297962684331,0.3857777062024037,0.028186235304406074,1093
15,7Networks_LH_Cont_Par_3-lh,lh,-51.70714798822522,-53.06946920254301,39.308137758384994,0.4689617889340212,0.014870578857476016,1093
16,7Networks_LH_Cont_Par_4-lh,lh,-33.01249050057453,-60.82633115703933,41.58812086132989,0.431558689260414,0.02669874805193153,1093
17,7Networks_LH_Cont_Par_5-lh,lh,-41.75459424227369,-54.409667524385625,40.20693772838962,0.40923622397164394,0.02411380265875875,1093
18,7Networks_LH_Cont_Par_6-lh,lh,-44.24843875250716,-44.61400144608295,42.80799689728426,0.3935960946907008,0.026738189312124204,1093
19,7Networks_LH_Cont_Temp_1-lh,lh,-60.02472139294152,-49.59256503171226,-10.852849359675368,0.47658814560191437,0.012378556189132854,1093
20,7Networks_LH_Cont_pCun_1-lh,lh,-10.760401704632644,-75.83670678375461,43.22303682016143,0.422805517141472,0.023642814265110505,1093
21,7Networks_LH_Cont_pCun_2-lh,lh,-7.017724206677307,-60.92232099007134,51.415970837159016,0.4470022954358781,0.019890017942864577,1093
22,7Networks_LH_Default_PFC_1-lh,lh,-35.41555273520814,22.084490812704704,-15.082578042399652,0.41522506666302433,0.030321162083215156,1093
23,7Networks_LH_Default_PFC_10-lh,lh,-53.244488806094765,19.86821067858042,10.648061996735867,0.39949198038658407,0.029461155281485067,1093
24,7Networks_LH_Default_PFC_11-lh,lh,-16.652498448100907,64.12688667021891,10.012552964724776,0.4260803453422353,0.02576400780659942,1093
25,7Networks_LH_Default_PFC_12-lh,lh,-5.448136830848746,30.143438312911176,21.237053693985988,0.4457854417959268,0.021283871177219523,1093
26,7Networks_LH_Default_PFC_13-lh,lh,-5.358658399160932,49.0758804926848,27.355037936937627,0.41844487300106614,0.02373414499521128,1093
27,7Networks_LH_Default_PFC_14-lh,lh,-16.577720333903617,54.36081275852045,30.122063154449112,0.4274073895115368,0.023208222327060917,1093
28,7Networks_LH_Default_PFC_15-lh,lh,-24.65000903312796,44.89307394795034,28.692124938338456,0.4205133221022127,0.02846560994875283,1093
29,7Networks_LH_Default_PFC_16-lh,lh,-26.229546386109305,26.803473117083488,38.6378469975037,0.444615195758689,0.02331882365057463,1093
30,7Networks_LH_Default_PFC_17-lh,lh,-41.33548079856023,18.13569087818757,45.765911541195216,0.42555472619769896,0.025238837543727077,1093
31,7Networks_LH_Default_PFC_18-lh,lh,-9.74775480605409,42.90992183266523,48.448833176237855,0.4619433171432742,0.017633647063258987,1093
32,7Networks_LH_Default_PFC_19-lh,lh,-20.882703936010376,34.39732618116795,42.4120461313348,0.44917625773746145,0.020926325565716834,1093
33,7Networks_LH_Default_PFC_2-lh,lh,-34.73836611879283,36.41457536713831,-13.202855249931073,0.4746223171612215,0.015282985101607218,1093
34,7Networks_LH_Default_PFC_20-lh,lh,-42.85162354774601,4.787632482870184,45.78667462540932,0.46864968615234087,0.015131246313784274,1093
35,7Networks_LH_Default_PFC_21-lh,lh,-32.034395758731605,13.224192363553328,52.6139647658696,0.47037213792378973,0.016180032237451198,1093
36,7Networks_LH_Default_PFC_22-lh,lh,-25.162960916195274,17.890900521908165,47.82930414931579,0.4564940988468831,0.019400271960851635,1093
37,7Networks_LH_Default_PFC_23-lh,lh,-13.077377486804217,25.037361837903557,58.38545190233328,0.4655686113264375,0.016937576383632635,1093
38,7Networks_LH_Default_PFC_24-lh,lh,-7.39856478587175,10.489577521097202,63.66846887148344,0.46187576981688594,0.016430569110268734,1093
39,7Networks_LH_Default_PFC_3-lh,lh,-4.724587174592722,52.44956600132273,-9.9265980175121,0.45004737598813355,0.020614899338961948,1093
40,7Networks_LH_Default_PFC_4-lh,lh,-5.289522376148108,34.716976993096935,-8.594936791273296,0.45759801634670444,0.01582889258286587,1093
41,7Networks_LH_Default_PFC_5-lh,lh,-46.50230795114152,33.41523071644838,-10.048385246944758,0.4522841508918597,0.016746820513154514,1093
42,7Networks_LH_Default_PFC_6-lh,lh,-28.767925863574675,53.433223522907625,0.9124134181494138,0.443130347333254,0.020069912445523756,1093
43,7Networks_LH_Default_PFC_7-lh,lh,-46.10304853360947,27.4919744831242,1.4340034216095388,0.4470968251123563,0.022913034445275444,1093
44,7Networks_LH_Default_PFC_8-lh,lh,-7.544467431338713,54.49682205118597,7.529713835653562,0.43828479065943093,0.017944200234207355,1093
45,7Networks_LH_Default_PFC_9-lh,lh,-6.932250439334702,41.64669330303486,7.384135745438122,0.4356656296162583,0.020067924241944222,1093
46,7Networks_LH_Default_Par_1-lh,lh,-57.383010887272576,-49.72522937550264,12.918316185204691,0.44235779460916375,0.01844586346618002,1093
47,7Networks_LH_Default_Par_2-lh,lh,-42.824573299427726,-57.85325620582066,17.128322882973468,0.44209658762642295,0.019348422018987378,1093
48,7Networks_LH_Default_Par_3-lh,lh,-42.61979447022183,-75.7570265501533,24.6785933005728,0.4672127896965891,0.014863009226810386,1093
49,7Networks_LH_Default_Par_4-lh,lh,-42.58179975369058,-63.030436059429306,27.821308761277734,0.451550960999094,0.016676884004767082,1093
50,7Networks_LH_Default_Par_5-lh,lh,-54.131188492661074,-55.54472807411835,25.30252821497457,0.4210281700756576,0.022719402334627114,1093
51,7Networks_LH_Default_Par_6-lh,lh,-39.05635863200874,-73.46306570016654,40.98188612567392,0.4218728874774701,0.023082453526076057,1093
52,7Networks_LH_Default_Par_7-lh,lh,-47.452882282069474,-63.57486788952937,41.60346452525405,0.44083504476078916,0.014571282121497761,1093
53,7Networks_LH_Default_Temp_1-lh,lh,-55.9116706111005,-7.6435819522878115,-27.64751808117361,0.4680234875158013,0.017135158448510265,1093
54,7Networks_LH_Default_Temp_10-lh,lh,-52.29275311985409,-44.45777504342105,3.683274732517424,0.4688236256109683,0.01686285812695055,1093
55,7Networks_LH_Default_Temp_2-lh,lh,-61.790484664840825,-23.343264159267637,-21.159731723702887,0.45668072691981987,0.015822122938325023,1093
56,7Networks_LH_Default_Temp_3-lh,lh,-58.37601721091349,-38.36302311433469,-20.80113221778244,0.42687892209592326,0.019434472242186515,1093
57,7Networks_LH_Default_Temp_4-lh,lh,-56.184116394907726,-16.283339937164754,-14.49555316398523,0.4361711616872673,0.022568471234762147,1093
58,7Networks_LH_Default_Temp_5-lh,lh,-56.14723524146419,-0.4664827350988786,-11.205865896063736,0.43819893503457785,0.018786144056220706,1093
59,7Networks_LH_Default_Temp_6-lh,lh,-58.67622828198444,-38.53217578000066,-5.0871125535864685,0.44442263151371714,0.020986892529380175,1093
60,7Networks_LH_Default_Temp_7-lh,lh,-51.35545365942661,-28.308782433717383,-6.800510683236047,0.4406387372342872,0.018123768064461532,1093
61,7Networks_LH_Default_Temp_8-lh,lh,-61.78149339379368,-16.813580985261474,-3.943987178188997,0.45420326279234463,0.019033584304408175,1093
62,7Networks_LH_Default_Temp_9-lh,lh,-61.810173705013,-35.032639649363446,2.062868429731705,0.4386882127989348,0.02263692711972793,1093
63,7Networks_LH_Default_pCunPCC_1-lh,lh,-7.1763669689368585,-54.03647287252248,7.499414140005204,0.44124079620313605,0.02402635712532542,1093
64,7Networks_LH_Default_pCunPCC_10-lh,lh,-4.11859862944659,-65.55800170732219,41.53012864522165,0.44985337490026045,0.019027188781941873,1093
65,7Networks_LH_Default_pCunPCC_11-lh,lh,-7.123247340262015,-49.818272388727465,42.59006779616111,0.44432243963969825,0.022297512093675368,1093
66,7Networks_LH_Default_pCunPCC_2-lh,lh,-14.11254913537572,-62.67526649996493,17.11080800938307,0.44314273768872825,0.022496830037886717,1093
67,7Networks_LH_Default_pCunPCC_3-lh,lh,-3.2310558035969734,-54.12389100514925,20.204847374023537,0.4567734960115313,0.01875660755482036,1093
68,7Networks_LH_Default_pCunPCC_4-lh,lh,-4.187172914616038,-39.83902543355404,24.192996006833308,0.46323830621979334,0.01757218800324769,1093
69,7Networks_LH_Default_pCunPCC_5-lh,lh,-12.182870918188613,-68.88448113755297,30.34756563875241,0.4236200922347525,0.02411949906905352,1093
70,7Networks_LH_Default_pCunPCC_6-lh,lh,-6.210162707089527,-59.21063153043514,29.97880504757839,0.4243093428713257,0.030273521493261766,1093
71,7Networks_LH_Default_pCunPCC_7-lh,lh,-7.397917231708242,-43.84895533288432,33.774448196790374,0.43749943104150096,0.026123117409880388,1093
72,7Networks_LH_Default_pCunPCC_8-lh,lh,-2.999572497981412,-31.003679178811453,39.53711645419781,0.4295568532140643,0.019193292727956446,1093
73,7Networks_LH_Default_pCunPCC_9-lh,lh,-1.8576950583632528,-14.542882574504793,39.12657913627014,0.4289739323499762,0.023309888701429568,1093
74,7Networks_LH_DorsAttn_FEF_1-lh,lh,-42.38063602239867,-4.416281575106394,49.41332086471154,0.4197697964518549,0.023504684000785467,1093
75,7Networks_LH_DorsAttn_FEF_2-lh,lh,-26.209761056873607,-0.553784114816239,51.04001641735806,0.4438522338568812,0.017141250973688127,1093
76,7Networks_LH_DorsAttn_FEF_3-lh,lh,-30.667170245005902,-7.23287867207125,49.05226208024236,0.4274350480760866,0.018512040668397005,1093
77,7Networks_LH_DorsAttn_FEF_4-lh,lh,-21.806398165744284,5.312929678721981,59.09587647811226,0.42729815226318324,0.019755888646832778,1093
78,7Networks_LH_DorsAttn_Post_1-lh,lh,-44.205691876883705,-41.47907080056187,-24.02837216130461,0.43106153022043553,0.019732366440665144,1093
79,7Networks_LH_DorsAttn_Post_10-lh,lh,-27.93978271047577,-56.96442309226698,45.037484685883264,0.43133405007829945,0.02257112807455992,1093
80,7Networks_LH_DorsAttn_Post_11-lh,lh,-35.27278000163281,-38.49769673009557,44.12522832990632,0.41385671647842814,0.02495718175888428,1093
81,7Networks_LH_DorsAttn_Post_12-lh,lh,-34.70367788801006,-51.61386739818099,51.68537143632477,0.43211447143693715,0.021619524802495366,1093
82,7Networks_LH_DorsAttn_Post_13-lh,lh,-15.236237032457543,-69.27501632643431,54.09764610619516,0.431390220307023,0.020982306107697062,1093
83,7Networks_LH_DorsAttn_Post_14-lh,lh,-26.62689025998897,-60.30824582261152,58.1833988004712,0.4309129880185759,0.02189823607174508,1093
84,7Networks_LH_DorsAttn_Post_15-lh,lh,-9.955279937660416,-57.18201072912648,61.73898947549618,0.4460278968356335,0.019557475591188006,1093
85,7Networks_LH_DorsAttn_Post_16-lh,lh,-20.9414129970836,-53.92451153709775,63.16374481616377,0.43393660580925175,0.018535244457002414,1093
86,7Networks_LH_DorsAttn_Post_17-lh,lh,-15.386701867096406,-50.276124586138806,70.73036589658349,0.4315130401974054,0.018727641895277005,1093
87,7Networks_LH_DorsAttn_Post_2-lh,lh,-47.15596871878233,-54.06269714307735,-15.919451797095528,0.445364804066838,0.015457178127028966,1093
88,7Networks_LH_DorsAttn_Post_3-lh,lh,-53.2125022771322,-62.25397700136548,-3.8142905067428297,0.43370280992764915,0.01922525639537923,1093
89,7Networks_LH_DorsAttn_Post_4-lh,lh,-46.47895984177876,-67.84704178719133,11.128987582749277,0.4350754573959965,0.019768811058142197,1093
90,7Networks_LH_DorsAttn_Post_5-lh,lh,-26.4475365004726,-69.29530358625301,27.301863451909757,0.43176569100043855,0.01809916066022571,1093
91,7Networks_LH_DorsAttn_Post_6-lh,lh,-50.50214662977085,-33.157821261654995,40.64988930574648,0.446434297057681,0.0195547992358214,1093
92,7Networks_LH_DorsAttn_Post_7-lh,lh,-23.56977437251323,-64.05671753754487,42.030502046121136,0.43985283027338595,0.022039329833155832,1093
93,7Networks_LH_DorsAttn_Post_8-lh,lh,-41.80453570444181,-31.00647144860758,38.730709529601945,0.4392333000161787,0.02213035222483265,1093
94,7Networks_LH_DorsAttn_Post_9-lh,lh,-33.93362460633502,-47.70593910757332,38.35676895789658,0.430164847148419,0.02325117391049716,1093
95,7Networks_LH_DorsAttn_PrCv_1-lh,lh,-47.97324231275872,6.2063375440996085,24.471581162030425,0.4358769590507368,0.024508779946660987,1093
96,7Networks_LH_DorsAttn_PrCv_2-lh,lh,-49.70606513484832,0.9781463359288248,36.64115305562173,0.47876675354820003,0.01502943135966932,1093
97,7Networks_LH_Limbic_OFC_1-lh,lh,-13.292980548075713,21.18468537236926,-21.08755740952804,0.4700067176514652,0.015543345079361122,1093
98,7Networks_LH_Limbic_OFC_2-lh,lh,-23.89638536037197,21.985710938771565,-20.290748986126232,0.45086673228400465,0.015377342611090994,1093
99,7Networks_LH_Limbic_OFC_3-lh,lh,-10.873434260217609,43.48105623411096,-23.46935508130253,0.4724946973761926,0.014495393340201319,1093
100,7Networks_LH_Limbic_OFC_4-lh,lh,-3.754660211937337,20.102923882762088,-18.793292442756364,0.4536217457338502,0.014610824316339577,1093
101,7Networks_LH_Limbic_OFC_5-lh,lh,-16.13442856102314,62.18571597164117,-7.906560958747399,0.4686485801845759,0.013385755899343153,1093
102,7Networks_LH_Limbic_TempPole_1-lh,lh,-39.70239196528656,-7.127084286019371,-41.0033975718879,0.4523125820006452,0.015784602982320643,1093
103,7Networks_LH_Limbic_TempPole_2-lh,lh,-26.86821711989882,4.227945093631065,-38.74394536141904,0.4546694943006229,0.017228336964391383,1093
104,7Networks_LH_Limbic_TempPole_3-lh,lh,-26.731302960713705,-10.89095298608144,-33.499243920644126,0.4385643735777649,0.0202451092906395,1093
105,7Networks_LH_Limbic_TempPole_4-lh,lh,-51.7472156144016,-24.36365758002192,-32.80556341572594,0.42349225590180894,0.024809496672574153,1093
106,7Networks_LH_Limbic_TempPole_5-lh,lh,-40.06220527048464,-23.021770585466317,-26.49928586129789,0.45108580098815426,0.015049251910157305,1093
107,7Networks_LH_Limbic_TempPole_6-lh,lh,-47.4509777497353,8.622316963813343,-30.74130548409761,0.458786954028755,0.01596457289987911,1093
108,7Networks_LH_Limbic_TempPole_7-lh,lh,-33.55322896501292,7.815340258841119,-26.289559712617294,0.46273402281292914,0.01597554760986861,1093
109,7Networks_LH_Limbic_TempPole_8-lh,lh,-20.833664374048976,-22.47760446266105,-25.046339268410676,0.44353209113597236,0.014301663041929594,1093
110,7Networks_LH_SalVentAttn_FrOperIns_1-lh,lh,-44.27507714153524,-1.9691270553615543,-15.561208579821743,0.4549985820429956,0.017581175950970054,1093
111,7Networks_LH_SalVentAttn_FrOperIns_2-lh,lh,-39.97043976865537,0.595864837537787,-6.664366941782386,0.45151521883530066,0.01978642124533356,1093
112,7Networks_LH_SalVentAttn_FrOperIns_3-lh,lh,-32.39046696366935,26.02637937874629,-0.3362175469819842,0.44580054528879565,0.01767664825054651,1093
113,7Networks_LH_SalVentAttn_FrOperIns_4-lh,lh,-40.23415162386142,-16.420856948315397,-3.941731276541112,0.4794858999405083,0.013544955744002619,1093
114,7Networks_LH_SalVentAttn_FrOperIns_5-lh,lh,-32.974421531985506,19.40142974371862,7.906767452124393,0.4668974546880694,0.01556247502044181,1093
115,7Networks_LH_SalVentAttn_FrOperIns_6-lh,lh,-35.928958713498886,4.822265129268403,10.04293815226976,0.46519977301241117,0.016243939248352025,1093
116,7Networks_LH_SalVentAttn_FrOperIns_7-lh,lh,-44.15241681496928,12.027876529637284,1.954714645833276,0.48625320815677975,0.01078261623885348,1093
117,7Networks_LH_SalVentAttn_FrOperIns_8-lh,lh,-51.096116187164135,0.163706507318967,3.985929608473668,0.43905073034578335,0.02310917096737994,1093
118,7Networks_LH_SalVentAttn_FrOperIns_9-lh,lh,-51.86575559607135,8.562580772968525,12.651200385378376,0.4701136477186392,0.01547486335765937,1093
119,7Networks_LH_SalVentAttn_Med_1-lh,lh,-7.622988210197239,19.573154094349984,32.80045354014207,0.47620203983891024,0.0156202245162009,1093
120,7Networks_LH_SalVentAttn_Med_2-lh,lh,-6.89563837940768,0.8559452925412733,41.32250199355478,0.48039975711953053,0.013190963410625643,1093
121,7Networks_LH_SalVentAttn_Med_3-lh,lh,-12.766133691386171,-24.88988610920153,41.19620874906841,0.4714850997399001,0.015745303523573846,1093
122,7Networks_LH_SalVentAttn_Med_4-lh,lh,-7.273161498623826,8.181929967880901,46.825313479857456,0.4767534652547882,0.013612130599441295,1093
123,7Networks_LH_SalVentAttn_Med_5-lh,lh,-14.46428824674244,-39.05645511824771,45.86814254720214,0.45516231305808574,0.017932950545881905,1093
124,7Networks_LH_SalVentAttn_Med_6-lh,lh,-7.996972425284158,-47.905287310632026,56.66460163651948,0.47400889449612277,0.014444943215540861,1093
125,7Networks_LH_SalVentAttn_Med_7-lh,lh,-9.581735411692527,-4.7751348625948085,68.61623965108336,0.4872525408770617,0.010870296435858883,1093
126,7Networks_LH_SalVentAttn_PFCl_1-lh,lh,-30.43239820530984,39.53049867765039,25.725265998755937,0.42565029101889024,0.02200563615850114,1093
127,7Networks_LH_SalVentAttn_ParOper_1-lh,lh,-53.007303389158544,-35.49347277359816,21.68828773603565,0.4285404357956372,0.024193417456430326,1093
128,7Networks_LH_SalVentAttn_ParOper_2-lh,lh,-57.54926100154381,-45.50295204227253,25.69512326030408,0.41898000715905215,0.026880173354507205,1093
129,7Networks_LH_SalVentAttn_ParOper_3-lh,lh,-59.68074720102058,-24.800348331803395,30.209649454625765,0.41185441929796573,0.02429843253867839,1093
130,7Networks_LH_SalVentAttn_ParOper_4-lh,lh,-60.27880584389154,-37.42226658276985,34.42161412911912,0.4178018374602744,0.02411684675544439,1093
131,7Networks_LH_SalVentAttn_TempOcc_1-lh,lh,-53.62599159361529,-54.918923530160434,7.941994568516798,0.416724063851162,0.023804698477805485,1093
132,7Networks_LH_SomMot_1-lh,lh,-49.10716878647772,-13.393378912210798,0.4076897875755875,0.4319681812040483,0.025575562306635127,1093
133,7Networks_LH_SomMot_10-lh,lh,-48.60821804058589,-25.19058727096988,17.03619863844964,0.4505263245551396,0.019392276187383845,1093
134,7Networks_LH_SomMot_11-lh,lh,-60.038825685568085,-19.98567181373921,18.521731339629167,0.4191573457477575,0.028117055200344965,1093
135,7Networks_LH_SomMot_12-lh,lh,-58.84164334007316,-5.112528729102339,22.820865601232047,0.43826721508575134,0.020227579643382558,1093
136,7Networks_LH_SomMot_13-lh,lh,-62.35561814361916,-12.373987597159909,31.45366324088424,0.4256926753649226,0.024959149936290375,1093
137,7Networks_LH_SomMot_14-lh,lh,-50.190783267419775,-10.547492154242454,28.733875165413775,0.43453943873490225,0.022126690980284473,1093
138,7Networks_LH_SomMot_15-lh,lh,-53.3214094234946,-23.75585824414029,37.91048008757211,0.4303171336102388,0.024598032593975062,1093
139,7Networks_LH_SomMot_16-lh,lh,-49.83749240769976,-10.013368644769963,40.2321214262352,0.4221484152007107,0.024617863530850107,1093
140,7Networks_LH_SomMot_17-lh,lh,-45.774021628853326,-17.987458420800163,37.90019580200836,0.43687164609748974,0.01870003219489658,1093
141,7Networks_LH_SomMot_18-lh,lh,-8.743129790720923,-13.75252651180579,45.59628399935636,0.4275491579939088,0.023063367440878224,1093
142,7Networks_LH_SomMot_19-lh,lh,-38.86746629572385,-16.22310636275578,44.99045438457107,0.47224726334524986,0.012517738385728493,1093
143,7Networks_LH_SomMot_2-lh,lh,-56.10931351951565,-23.69945911513901,5.707054936435079,0.4159340425441864,0.02428712850473376,1093
144,7Networks_LH_SomMot_20-lh,lh,-46.825092743854135,-19.557366211803597,52.93963616234915,0.43709494019205014,0.02076731534957949,1093
145,7Networks_LH_SomMot_21-lh,lh,-46.16054633649737,-30.398967910518845,54.6225489349511,0.48221121852487536,0.0110758770094233,1093
146,7Networks_LH_SomMot_22-lh,lh,-36.92225503634833,-24.852956129697137,48.816611440960536,0.468984544711745,0.012761567054656546,1093
147,7Networks_LH_SomMot_23-lh,lh,-10.595498790968524,-36.98443543109356,51.43822518967237,0.43218176087751703,0.020464553599839824,1093
148,7Networks_LH_SomMot_24-lh,lh,-4.910091947092869,-23.9275973102834,54.10443394727046,0.4516467353673728,0.016576539373309062,1093
149,7Networks_LH_SomMot_25-lh,lh,-4.144896760297461,-9.14335792123472,57.2605713372943,0.4476112434713769,0.020158105753303065,1093
150,7Networks_LH_SomMot_26-lh,lh,-35.46460509877983,-19.694496308081757,60.009912207361566,0.4492658360780985,0.0244818628606917,1093
151,7Networks_LH_SomMot_27-lh,lh,-30.09208316156825,-44.93929588001974,58.88197968505706,0.44937479565782806,0.019106442246693403,1093
152,7Networks_LH_SomMot_28-lh,lh,-33.50274708048503,-28.586031125386555,58.95554850260417,0.46309819167351846,0.01944531310019386,1093
153,7Networks_LH_SomMot_29-lh,lh,-30.132549316611065,-36.48280794796528,60.82360043621704,0.42846227222291716,0.02678752557268586,1093
154,7Networks_LH_SomMot_3-lh,lh,-36.600375378225735,-24.48510210232472,8.472105336007406,0.4531727246705141,0.017832016385945833,1093
155,7Networks_LH_SomMot_30-lh,lh,-26.147134152439435,-11.438259468999265,60.13442602888109,0.4658490607119898,0.017602129430502513,1093
156,7Networks_LH_SomMot_31-lh,lh,-22.04363322725483,-26.53818640989416,60.84053631202848,0.4526557674202256,0.022458417243710893,1093
157,7Networks_LH_SomMot_32-lh,lh,-9.737462859300951,-42.27655872147296,68.4564729499186,0.45030786815545437,0.019360263386544296,1093
158,7Networks_LH_SomMot_33-lh,lh,-4.5160255521326,-25.76914211897783,67.47828754237,0.4454243923661639,0.02338780254691293,1093
159,7Networks_LH_SomMot_34-lh,lh,-16.98395305465736,-14.130715002357736,68.84486236950427,0.43787301388823896,0.023646297970264404,1093
160,7Networks_LH_SomMot_35-lh,lh,-19.01375838058765,-31.45782142355233,64.50237796687279,0.4242630488669353,0.02925093937611279,1093
161,7Networks_LH_SomMot_36-lh,lh,-20.53849470405113,-39.21286640400155,68.25770817294696,0.42009531486977014,0.026424225321075884,1093
162,7Networks_LH_SomMot_37-lh,lh,-13.274689418241982,-29.313758384396824,68.78446425905653,0.4240220132240145,0.027360728015261952,1093
163,7Networks_LH_SomMot_4-lh,lh,-38.73192432550015,-8.68678628993808,12.735589813597676,0.4147177834938736,0.028570062118799425,1093
164,7Networks_LH_SomMot_5-lh,lh,-36.52532194769103,-26.759153874289897,17.119322231382032,0.4131863302173769,0.02835430064236149,1093
165,7Networks_LH_SomMot_6-lh,lh,-58.85225339873676,-37.719997849821056,14.647466864282077,0.4547549661200341,0.01666762776361179,1093
166,7Networks_LH_SomMot_7-lh,lh,-41.89994005826891,-34.98152779736212,12.694232993023492,0.4498364104870606,0.016321383614112693,1093
167,7Networks_LH_SomMot_8-lh,lh,-47.326613596264544,-14.227169012377164,13.181350216885946,0.447201115540855,0.01663783851018255,1093
168,7Networks_LH_SomMot_9-lh,lh,-60.75959134706309,-4.318530817605345,10.313856801180773,0.46162004709639964,0.013484105181146929,1093
169,7Networks_LH_Vis_1-lh,lh,-31.4309310791405,-41.7305473893453,-23.353852010419683,0.4399111052474525,0.018348392608761095,1093
170,7Networks_LH_Vis_10-lh,lh,-13.831584402089996,-61.93816955272968,-6.925084474659111,0.43220378208120835,0.02251875052789628,1093
171,7Networks_LH_Vis_11-lh,lh,-7.6674930474741,-76.6371835941891,-6.423972532256983,0.44341615179189264,0.019835461220209114,1093
172,7Networks_LH_Vis_12-lh,lh,-24.88535555931016,-96.7344111954627,-12.331187576548398,0.44571192835746043,0.018977528894910913,1093
173,7Networks_LH_Vis_13-lh,lh,-13.33588174859591,-44.53940906480609,-4.765169160052536,0.45359293579534654,0.016798766285361505,1093
174,7Networks_LH_Vis_14-lh,lh,-39.96225601367736,-87.00389323226904,-5.55985734128598,0.43857327837932225,0.02108245006183396,1093
175,7Networks_LH_Vis_15-lh,lh,-10.10872519621048,-97.78456176792218,-3.886825971378868,0.43691523905833884,0.024246661300608686,1093
176,7Networks_LH_Vis_16-lh,lh,-15.482495665705253,-58.09110391465523,0.7895022529339805,0.4517728744479868,0.01656685891191968,1093
177,7Networks_LH_Vis_17-lh,lh,-44.34436879345911,-72.90463907650104,1.5993256595568917,0.42746389057460715,0.02420975039737582,1093
178,7Networks_LH_Vis_18-lh,lh,-7.046712842381116,-88.08057260050357,3.616288670102469,0.4223054209411148,0.02623155499477435,1093
179,7Networks_LH_Vis_19-lh,lh,-26.07193373999697,-94.43096102044936,3.78806229834965,0.43158704253470437,0.02227101349770621,1093
180,7Networks_LH_Vis_2-lh,lh,-31.409458831813836,-35.14854264301093,-18.22494495228168,0.44030683483353555,0.018907214203171867,1093
181,7Networks_LH_Vis_20-lh,lh,-13.2440716159587,-51.69824464759048,2.876118942084057,0.4221661546090898,0.026823744079965343,1093
182,7Networks_LH_Vis_21-lh,lh,-9.856477479710986,-75.67654549863917,7.829021696911358,0.4319202559717502,0.021328101401597906,1093
183,7Networks_LH_Vis_22-lh,lh,-21.03412999840422,-66.21519638146768,5.735785520143349,0.4387044102091731,0.019358030723080708,1093
184,7Networks_LH_Vis_23-lh,lh,-38.88945099783496,-83.35966367350517,10.044632151487876,0.43219380537014396,0.020002869075120066,1093
185,7Networks_LH_Vis_24-lh,lh,-14.192239268374,-97.16284925567436,15.415261314818578,0.43569061222507466,0.02059712934124871,1093
186,7Networks_LH_Vis_25-lh,lh,-3.968079407498219,-84.70897804445805,23.46371066894313,0.4427350333324122,0.01753059249041801,1093
187,7Networks_LH_Vis_26-lh,lh,-13.974083823852643,-70.9343149771445,19.449905606403803,0.4313387993472889,0.022137584496490847,1093
188,7Networks_LH_Vis_27-lh,lh,-27.42744734250926,-83.66948806387039,16.621921721544524,0.4385133377611891,0.01766703540645337,1093
189,7Networks_LH_Vis_28-lh,lh,-33.7867070651843,-82.53938262395883,23.04350547693461,0.47282984067834904,0.013288299177771667,1093
190,7Networks_LH_Vis_29-lh,lh,-16.95356636250939,-88.38620781859349,28.612489427839005,0.45257923721579607,0.01854617819200423,1093
191,7Networks_LH_Vis_3-lh,lh,-36.478565499802265,-61.14527789659736,-20.06013478050547,0.4566451548646713,0.01677990717783495,1093
192,7Networks_LH_Vis_30-lh,lh,-13.66630835192544,-79.6397770914792,33.57240023299994,0.47173111396231865,0.012682835847229653,1093
193,7Networks_LH_Vis_31-lh,lh,-21.08930028309612,-77.06418851936388,39.01340075258939,0.42844667671832115,0.022264053524073502,1093
194,7Networks_LH_Vis_4-lh,lh,-26.57484521249041,-54.31074229378012,-9.431516289117916,0.44379833084562575,0.02198328984399757,1093
195,7Networks_LH_Vis_5-lh,lh,-24.92466871007284,-73.26484629821778,-10.00446177037557,0.45016761193245125,0.018859019256911958,1093
196,7Networks_LH_Vis_6-lh,lh,-34.64361891612201,-80.6698271388739,-16.732641611300725,0.45869683604302197,0.01671650469743462,1093
197,7Networks_LH_Vis_7-lh,lh,-19.014586882002664,-37.84904459166825,-12.17023153978938,0.46683401408915187,0.013792332873248603,1093
198,7Networks_LH_Vis_8-lh,lh,-43.993360427731226,-69.29369410149238,-9.570383422120376,0.44149889720245844,0.02115090482093839,1093
199,7Networks_LH_Vis_9-lh,lh,-17.310307839234962,-87.84337217062439,-12.153232631997174,0.4535492984823065,0.020279432249451893,1093
200,7Networks_RH_Cont_Cing_1-rh,rh,4.109800150917797,-25.29359493371917,29.053500754658767,0.46388364502263035,0.015097129463865716,1093
201,7Networks_RH_Cont_Cing_2-rh,rh,3.155343483909701,-0.2025656573961459,31.53282304703136,0.47643439660067527,0.013210605557009328,1093
202,7Networks_RH_Cont_PFCl_1-rh,rh,27.986942701890204,52.30002185149051,-13.416409871879496,0.4452701174823014,0.01879267846582496,1093
203,7Networks_RH_Cont_PFCl_10-rh,rh,36.431297569475326,11.299653027813406,30.729302708614103,0.41838172864120554,0.020459916737334032,1093
204,7Networks_RH_Cont_PFCl_11-rh,rh,37.26327935217558,30.61038870943047,36.97827252953187,0.4594438041170949,0.018289932355192495,1093
205,7Networks_RH_Cont_PFCl_12-rh,rh,41.34909707119591,20.19441542499944,39.795362961919686,0.4282050653371253,0.020542448736815665,1093
206,7Networks_RH_Cont_PFCl_13-rh,rh,41.15386166593954,7.346591785082368,46.490649022329016,0.48695398193708644,0.011225062387768195,1093
207,7Networks_RH_Cont_PFCl_14-rh,rh,34.31315690797992,15.67370102179082,52.58439444992347,0.4043137875129483,0.02035097332909111,1093
208,7Networks_RH_Cont_PFCl_15-rh,rh,24.59286099607608,8.304191625305194,53.71093755982034,0.42001174649303324,0.026338902242393887,1093
209,7Networks_RH_Cont_PFCl_2-rh,rh,42.60892465688887,48.0329504918008,-4.145084624362253,0.4160953733394205,0.02251140164584402,1093
210,7Networks_RH_Cont_PFCl_3-rh,rh,28.33977524577109,54.3951634851541,3.541195894611669,0.43891473923594315,0.018893325168534442,1093
211,7Networks_RH_Cont_PFCl_4-rh,rh,46.33146818115681,36.46545952373275,5.405926232268758,0.4614063062570465,0.017302894235309372,1093
212,7Networks_RH_Cont_PFCl_5-rh,rh,40.67638054440802,42.033907573830334,15.31384148960471,0.3972349086868959,0.026798619615615984,1093
213,7Networks_RH_Cont_PFCl_6-rh,rh,45.62040812973369,29.41268179928445,16.996940627772148,0.47384013073316,0.013949206136213988,1093
214,7Networks_RH_Cont_PFCl_7-rh,rh,43.166955864244,18.624721320717477,22.83558898127231,0.3854404295162278,0.028826652542425914,1093
215,7Networks_RH_Cont_PFCl_8-rh,rh,26.06461976441824,48.84746140173559,23.250810792745614,0.4316493291105568,0.024934479397386175,1093
216,7Networks_RH_Cont_PFCl_9-rh,rh,46.76786480805813,27.62840656745128,27.253773429454903,0.47967986758206815,0.0119465130200653,1093
217,7Networks_RH_Cont_PFCmp_1-rh,rh,8.97032985015802,32.04564013968994,26.07139907392076,0.4034903552489862,0.025332319760513245,1093
218,7Networks_RH_Cont_PFCmp_2-rh,rh,4.795652627189261,25.6176882696983,46.74457559721595,0.4184604628538242,0.02486448033511377,1093
219,7Networks_RH_Cont_PFCv_1-rh,rh,34.285116081341734,21.91055755069535,-6.664761837805324,0.44507901703232006,0.0196690708442032,1093
220,7Networks_RH_Cont_Par_1-rh,rh,51.18898262374702,-56.87642972770779,41.70235615215082,0.39402441553759965,0.027194966701418914,1093
221,7Networks_RH_Cont_Par_2-rh,rh,52.00346158599854,-46.91642377471924,40.77199843597412,0.4189385243338271,0.027606041731264314,1093
222,7Networks_RH_Cont_Par_3-rh,rh,32.362512693734004,-67.84252778415022,42.07948364389354,0.4084595624373865,0.02685872509623156,1093
223,7Networks_RH_Cont_Par_4-rh,rh,49.114118170044506,-38.99513814788865,44.43647093137592,0.44794371043238496,0.020430130696544996,1093
224,7Networks_RH_Cont_Par_5-rh,rh,42.90274063508902,-48.25392402819733,40.48044496507787,0.43070354200746697,0.022691719734819295,1093
225,7Networks_RH_Cont_Par_6-rh,rh,38.11645154143165,-57.00652062787152,44.25646655490039,0.41177715333129883,0.025525394262240417,1093
226,7Networks_RH_Cont_Temp_1-rh,rh,58.97514143091862,-35.62536605738761,-20.49556885265125,0.4227052115786815,0.022162950379904817,1093
227,7Networks_RH_Cont_Temp_2-rh,rh,60.88816406357456,-47.586759943357656,-10.291781403649022,0.4407332580961053,0.023844382382986407,1093
228,7Networks_RH_Cont_pCun_1-rh,rh,12.853132706157044,-70.58133080102115,36.26859003133168,0.4224795509994356,0.027337067723744963,1093
229,7Networks_RH_Cont_pCun_2-rh,rh,5.498088653018245,-62.45582795544751,43.55214358763527,0.43145171420975315,0.02085628956488238,1093
230,7Networks_RH_Default_PFCdPFCm_1-rh,rh,5.588297783452536,37.42104409807124,-9.593708101057,0.4634336429266122,0.019299015899189833,1093
231,7Networks_RH_Default_PFCdPFCm_10-rh,rh,25.31312210389546,31.00944399493081,39.36191293512072,0.4526752654479141,0.02263254377857865,1093
232,7Networks_RH_Default_PFCdPFCm_11-rh,rh,13.267370673931804,37.36956202311247,51.487659948928304,0.44578766542498255,0.022433227310359793,1093
233,7Networks_RH_Default_PFCdPFCm_12-rh,rh,23.762133992209066,20.444972563866443,49.20852863772774,0.47019736904826637,0.016953949029690645,1093
234,7Networks_RH_Default_PFCdPFCm_13-rh,rh,12.232005817172114,18.632650527058868,62.18023994475642,0.4763101592753214,0.013402514777875303,1093
235,7Networks_RH_Default_PFCdPFCm_2-rh,rh,9.803337070420817,64.31052014998356,2.1734403552995487,0.4715814381819313,0.01589128765164367,1093
236,7Networks_RH_Default_PFCdPFCm_3-rh,rh,8.43134450712334,40.7287696766328,5.949203541510663,0.4495809175475561,0.02257049008267562,1093
237,7Networks_RH_Default_PFCdPFCm_4-rh,rh,8.173263098639465,49.435463988704726,14.053490551931263,0.45124378154763684,0.02187874029654928,1093
238,7Networks_RH_Default_PFCdPFCm_5-rh,rh,17.81460848293272,61.53761652827872,17.781020677881713,0.4717428405277689,0.014428742428475168,1093
239,7Networks_RH_Default_PFCdPFCm_6-rh,rh,3.83684627462606,21.711594576913804,21.371467330807544,0.45967468331831424,0.020044744947499683,1093
240,7Networks_RH_Default_PFCdPFCm_7-rh,rh,6.198490611497347,54.50929613542986,30.654135791675465,0.4661029675331689,0.01601208472949299,1093
241,7Networks_RH_Default_PFCdPFCm_8-rh,rh,18.79265238505439,48.52408156955492,35.24343968205598,0.4497273392977411,0.020100184259147662,1093
242,7Networks_RH_Default_PFCdPFCm_9-rh,rh,4.954849225102049,40.90822325330792,38.285303289240055,0.4635411967382721,0.01536434698768179,1093
243,7Networks_RH_Default_PFCv_1-rh,rh,34.27081070623454,21.02159628896318,-17.531312066704565,0.4569605113567096,0.019703946118693926,1093
244,7Networks_RH_Default_PFCv_2-rh,rh,34.08088187124471,36.03029393086507,-12.585957857593256,0.4488136307539155,0.01987638810141824,1093
245,7Networks_RH_Default_PFCv_3-rh,rh,48.05995820126857,31.190751683007704,-6.094201975800245,0.42052458086782785,0.02602736285254643,1093
246,7Networks_RH_Default_PFCv_4-rh,rh,52.64648396056376,23.043459775712755,8.024921463448324,0.44688353504245637,0.02006587698739215,1093
247,7Networks_RH_Default_Par_1-rh,rh,47.57667186737061,-49.14187300364176,16.539062418937682,0.43957703948849125,0.01821507114397283,1093
248,7Networks_RH_Default_Par_2-rh,rh,42.55005280819932,-66.14002597676536,19.68927357100338,0.4455874892833012,0.01802604852438753,1093
249,7Networks_RH_Default_Par_3-rh,rh,48.5526318569415,-57.537798985778565,24.66760673696696,0.4718020829122349,0.013804400236658724,1093
250,7Networks_RH_Default_Par_4-rh,rh,53.76739533201804,-51.02891871291666,26.71510990325597,0.43588434511692714,0.022135644966329453,1093
251,7Networks_RH_Default_Par_5-rh,rh,44.072940162990406,-67.54807635619974,39.64125069103846,0.44280309805409734,0.01907961720392275,1093
252,7Networks_RH_Default_Temp_1-rh,rh,53.53213134896201,1.1876589927557926,-30.469456115386887,0.4337580848207731,0.022240527492119706,1093
253,7Networks_RH_Default_Temp_2-rh,rh,61.84137821422965,-15.036201773383093,-22.79083654841069,0.46346261056212473,0.015626027986620352,1093
254,7Networks_RH_Default_Temp_3-rh,rh,50.75050901307713,9.91206988515044,-19.35705923873676,0.43795316069126006,0.018671030362610953,1093
255,7Networks_RH_Default_Temp_4-rh,rh,54.60705314975463,-11.22631081825231,-13.954414818114367,0.4352867885254168,0.021624151627321737,1093
256,7Networks_RH_Default_Temp_5-rh,rh,62.63798049217047,-29.721897098629974,-8.070959416840427,0.44913292011479683,0.02050829904625173,1093
257,7Networks_RH_Default_Temp_6-rh,rh,48.59316793388626,-26.47810995320417,-6.890964917723239,0.4457593702226572,0.021177956510092695,1093
258,7Networks_RH_Default_Temp_7-rh,rh,61.80421009151617,-42.416495397892966,-0.9022873837826988,0.4448698432258506,0.01986268115047193,1093
259,7Networks_RH_Default_Temp_8-rh,rh,48.789136233172016,-37.17882288685476,0.8362984158140443,0.46456085214638526,0.018463594007173085,1093
260,7Networks_RH_Default_pCunPCC_1-rh,rh,11.371401494780145,-56.735878458270776,13.294874331200278,0.4481229862286991,0.018651207942982497,1093
261,7Networks_RH_Default_pCunPCC_2-rh,rh,4.470121007799451,-44.1611646641799,20.471178127768265,0.45021903416517084,0.021880602171335237,1093
262,7Networks_RH_Default_pCunPCC_3-rh,rh,16.043998142930327,-64.62959662265465,26.699371850686,0.45708634899156597,0.018715773640927576,1093
263,7Networks_RH_Default_pCunPCC_4-rh,rh,4.632948196223766,-52.26327028337693,24.680937318612408,0.4486052211363074,0.02141528745631044,1093
264,7Networks_RH_Default_pCunPCC_5-rh,rh,4.057480467457167,-62.76660713007752,31.82082361906347,0.44734190650951483,0.022275979696565803,1093
265,7Networks_RH_Default_pCunPCC_6-rh,rh,5.061209592025379,-39.29035188483977,36.50329726726588,0.45680596466348994,0.018181206403550698,1093
266,7Networks_RH_Default_pCunPCC_7-rh,rh,2.2020231840274147,-18.82170599525895,39.06002417837436,0.4359591357723319,0.022673484607272375,1093
267,7Networks_RH_Default_pCunPCC_8-rh,rh,11.215948670823998,-51.38251839040596,36.54573605261116,0.44483010728102446,0.02259993204094459,1093
268,7Networks_RH_Default_pCunPCC_9-rh,rh,6.368820904090652,-49.40895337643831,44.86351006804502,0.45321162633410667,0.020141027620909774,1093
269,7Networks_RH_DorsAttn_FEF_1-rh,rh,38.3135613531902,-3.6349047379636463,50.73709463662114,0.4403526070908408,0.021148582477762516,1093
270,7Networks_RH_DorsAttn_FEF_2-rh,rh,26.464219323712594,-3.432914727188832,49.81678637927657,0.4284844189739684,0.022955268458107542,1093
271,7Networks_RH_DorsAttn_FEF_3-rh,rh,23.17010997404063,-4.056077748322879,59.61092115084983,0.4334976744442353,0.024733444215262437,1093
272,7Networks_RH_DorsAttn_Post_1-rh,rh,46.348202926374704,-53.78820482494301,-16.448455304788023,0.44170434514584184,0.021624563811723965,1093
273,7Networks_RH_DorsAttn_Post_10-rh,rh,27.60359283239019,-61.39694359639738,46.25960829476861,0.4198776323463441,0.0275014062457963,1093
274,7Networks_RH_DorsAttn_Post_11-rh,rh,33.524815552374896,-47.94944888703964,41.1034790207358,0.4257124848458925,0.019208862532035534,1093
275,7Networks_RH_DorsAttn_Post_12-rh,rh,19.251976292190456,-66.94902267552264,50.07701479802366,0.4415507446320438,0.018997858924316526,1093
276,7Networks_RH_DorsAttn_Post_13-rh,rh,33.37628368430611,-39.10428724828372,46.32378680983373,0.428389683050953,0.022160728648769612,1093
277,7Networks_RH_DorsAttn_Post_14-rh,rh,32.46562377660196,-52.07061060395514,49.57190646265659,0.43804432127903153,0.017657204899513026,1093
278,7Networks_RH_DorsAttn_Post_15-rh,rh,6.615711579632885,-69.514271546751,51.981414178134266,0.4457039224810906,0.01707390025477418,1093
279,7Networks_RH_DorsAttn_Post_16-rh,rh,25.682524452120557,-58.1057635309535,56.53086211464622,0.427727822453675,0.02081074645705,1093
280,7Networks_RH_DorsAttn_Post_17-rh,rh,5.917152761611425,-54.19254711198761,58.621544873680094,0.4325912331105748,0.01900851187464729,1093
281,7Networks_RH_DorsAttn_Post_18-rh,rh,11.90911540499872,-63.07773404205382,63.018327955630426,0.4167623903090154,0.024074126825015658,1093
282,7Networks_RH_DorsAttn_Post_19-rh,rh,23.593890755899835,-50.32747355257527,63.883427716373056,0.4379385430097489,0.019465529968029513,1093
283,7Networks_RH_DorsAttn_Post_2-rh,rh,54.87458081135262,-57.92956979203933,-1.6242633325671365,0.42583398896706315,0.023061774964055842,1093
284,7Networks_RH_DorsAttn_Post_3-rh,rh,48.45947062045222,-59.93395796876396,10.310884260313331,0.4256409348462694,0.021828407492900267,1093
285,7Networks_RH_DorsAttn_Post_4-rh,rh,40.541916154660846,-77.21403955577411,30.873190266859154,0.42916477464623265,0.024370459050108463,1093
286,7Networks_RH_DorsAttn_Post_5-rh,rh,28.38978977378355,-65.32357463311712,32.141261043023626,0.4370124023157941,0.02244710089180392,1093
287,7Networks_RH_DorsAttn_Post_6-rh,rh,52.8949711313053,-28.002365602765764,42.98658286114128,0.4341479100865396,0.020447036492396417,1093
288,7Networks_RH_DorsAttn_Post_7-rh,rh,16.47575874889598,-75.87437212700938,45.44054128609452,0.432892786288521,0.023604676842457182,1093
289,7Networks_RH_DorsAttn_Post_8-rh,rh,36.63401797503773,-41.28795124107683,38.286859454763245,0.42602388981102074,0.020438681252138026,1093
290,7Networks_RH_DorsAttn_Post_9-rh,rh,40.97849275143211,-31.310590812225147,41.087894259436986,0.44039074067994705,0.016549748800362953,1093
291,7Networks_RH_DorsAttn_PrCv_1-rh,rh,46.47460315626796,7.09831048766041,25.061566590108807,0.4496937009670416,0.017825510573604788,1093
292,7Networks_RH_Limbic_OFC_1-rh,rh,14.07984427417498,18.34913328941622,-21.006484159163243,0.4331278916562059,0.020655874069507172,1093
293,7Networks_RH_Limbic_OFC_2-rh,rh,23.775841848137453,20.96035031559541,-21.036142926855184,0.4401479650220685,0.02207051455039257,1093
294,7Networks_RH_Limbic_OFC_3-rh,rh,8.748649224337296,40.3155188328824,-24.00032773577733,0.45436397527841466,0.01880706435315285,1093
295,7Networks_RH_Limbic_OFC_4-rh,rh,21.647665709591983,39.92307148622663,-19.1825046475014,0.4386614736761348,0.021562888608242018,1093
296,7Networks_RH_Limbic_OFC_5-rh,rh,4.75263882353461,19.991875132865456,-21.278777542904283,0.4350113618645674,0.02364366497233003,1093
297,7Networks_RH_Limbic_OFC_6-rh,rh,9.64704330301122,60.16479338558054,-14.816802146084886,0.44008148101982264,0.021226646322098225,1093
298,7Networks_RH_Limbic_TempPole_1-rh,rh,29.57476182487297,-4.768859522915494,-38.516588140360106,0.41968947662271966,0.027257490859524395,1093
299,7Networks_RH_Limbic_TempPole_2-rh,rh,50.46374282550454,-11.901481811003816,-38.40162119668476,0.41276756739062676,0.027757183063821505,1093
300,7Networks_RH_Limbic_TempPole_3-rh,rh,40.75116325458247,11.491265406882215,-37.33728399119926,0.4315089924524694,0.020776986297070765,1093
301,7Networks_RH_Limbic_TempPole_4-rh,rh,39.96872856977906,-18.480383260926203,-28.571150450309965,0.48238573566290716,0.012442790425765635,1093
302,7Networks_RH_Limbic_TempPole_5-rh,rh,30.64272738968509,8.083568287685285,-28.46018266790584,0.47104535944371045,0.015182992779417662,1093
303,7Networks_RH_Limbic_TempPole_6-rh,rh,47.899293777127525,-32.70247620545858,-26.52756239179969,0.47404795268156613,0.014459260899890023,1093
304,7Networks_RH_Limbic_TempPole_7-rh,rh,22.43537580966949,-20.49568425392618,-25.147459710130885,0.47219396173198774,0.014374066399471313,1093
305,7Networks_RH_SalVentAttn_FrOperIns_1-rh,rh,41.981187423676936,-0.3311610826986136,-14.979981759577306,0.4397947975995938,0.01806878782905445,1093
306,7Networks_RH_SalVentAttn_FrOperIns_2-rh,rh,40.967557941644,7.767952047509537,-2.0754919730171832,0.4680486930649816,0.013776741217406751,1093
307,7Networks_RH_SalVentAttn_FrOperIns_3-rh,rh,41.30119235476932,-13.839918048961742,-4.574036725030558,0.451415003795381,0.018506917402159487,1093
308,7Networks_RH_SalVentAttn_FrOperIns_4-rh,rh,39.12488603397291,0.0287277889723072,6.171664282352644,0.43260408715360704,0.022215641568538533,1093
309,7Networks_RH_SalVentAttn_FrOperIns_5-rh,rh,36.11202239439376,21.28192997667333,5.602545683507199,0.4122663541871316,0.029279903365051853,1093
310,7Networks_RH_SalVentAttn_FrOperIns_6-rh,rh,37.42141387129077,4.213974989060351,11.4872019834469,0.44503935321174437,0.01597853136246608,1093
311,7Networks_RH_SalVentAttn_FrOperIns_7-rh,rh,49.48076854091836,2.962070921519501,4.01449540630413,0.4618077717127888,0.015077809251568599,1093
312,7Networks_RH_SalVentAttn_FrOperIns_8-rh,rh,52.82435532654224,10.208086172739664,13.132418039148408,0.45547446430179694,0.017557822828323275,1093
313,7Networks_RH_SalVentAttn_Med_1-rh,rh,7.585728896351961,16.395244640006116,36.34647055067254,0.4423588838072094,0.015535491594215653,1093
314,7Networks_RH_SalVentAttn_Med_2-rh,rh,7.356912833743144,0.2745236418781872,43.25901147537145,0.4596366461661924,0.018406486952897195,1093
315,7Networks_RH_SalVentAttn_Med_3-rh,rh,12.931206527275124,-32.72201663002449,41.92644299917271,0.4685736270510858,0.015907911439153738,1093
316,7Networks_RH_SalVentAttn_Med_4-rh,rh,6.036390720934108,9.63839429282192,53.73862471096758,0.4440574302423899,0.018539448759040202,1093
317,7Networks_RH_SalVentAttn_Med_5-rh,rh,12.367558380722496,-43.91977046210052,52.13398835494717,0.4396694171050222,0.018812788938179986,1093
318,7Networks_RH_SalVentAttn_Med_6-rh,rh,11.300935133474844,-32.3369916845251,47.6872664670591,0.4801138326653933,0.013609684299798511,1093
319,7Networks_RH_SalVentAttn_Med_7-rh,rh,6.491606072125681,-2.784925786840172,65.25174341290437,0.46903838831160355,0.014825464436725095,1093
320,7Networks_RH_SalVentAttn_Med_8-rh,rh,16.81648499379724,5.63756817630571,66.50696219428112,0.4712712464680837,0.014874230468214072,1093
321,7Networks_RH_SalVentAttn_PFCl_1-rh,rh,32.15586728276433,39.53848211614935,26.49043172801937,0.4617272039439031,0.015855433682225768,1093
322,7Networks_RH_SalVentAttn_PrC_1-rh,rh,47.79780671762865,2.2614182842202317,39.861866790194846,0.48620377575105483,0.010997809210598498,1093
323,7Networks_RH_SalVentAttn_TempOccPar_1-rh,rh,56.839385596949136,-50.53383529395388,8.114580490562524,0.4530503338362425,0.018469947370759406,1093
324,7Networks_RH_SalVentAttn_TempOccPar_2-rh,rh,48.91662306793791,-42.87915146740702,10.04337062687964,0.4740758425114961,0.01593524841048991,1093
325,7Networks_RH_SalVentAttn_TempOccPar_3-rh,rh,58.09814796935924,-44.78331820751239,18.535297371133808,0.46585591927368825,0.016953233561965177,1093
326,7Networks_RH_SalVentAttn_TempOccPar_4-rh,rh,54.739830735150505,-34.855605098672584,23.026261487589704,0.46642446123417736,0.015618947442732718,1093
327,7Networks_RH_SalVentAttn_TempOccPar_5-rh,rh,57.69827638294981,-26.170714910608453,25.365206347647494,0.4748554594416117,0.01337216517325784,1093
328,7Networks_RH_SalVentAttn_TempOccPar_6-rh,rh,59.34533298094891,-32.21774297913004,35.75224575922389,0.48199921487909503,0.012183208985470154,1093
329,7Networks_RH_SalVentAttn_TempOccPar_7-rh,rh,57.98018251452363,-43.38525100004049,33.54077320859914,0.47786748472633406,0.014183282550865539,1093
330,7Networks_RH_SomMot_1-rh,rh,54.16707049868234,-3.1325528045209343,-4.817231903234957,0.48571231439071877,0.012112979764297704,1093
331,7Networks_RH_SomMot_10-rh,rh,40.146711502240336,-30.90476738529288,17.142110249696874,0.4127422394748063,0.028335996812082386,1093
332,7Networks_RH_SomMot_11-rh,rh,49.124778318940926,-14.59144760785478,14.545440470234732,0.41819442782779503,0.025185256905659686,1093
333,7Networks_RH_SomMot_12-rh,rh,59.36088851699255,-2.1840281121591505,9.89366909256555,0.41476190635442234,0.024112053851020727,1093
334,7Networks_RH_SomMot_13-rh,rh,47.57107659748623,-25.19497849016773,17.386464291689347,0.41444197482858836,0.02503769099613843,1093
335,7Networks_RH_SomMot_14-rh,rh,62.31803682872227,-15.638313655342374,16.307944854668207,0.4240607455972718,0.021487998114979576,1093
336,7Networks_RH_SomMot_15-rh,rh,59.97977982723352,4.343431564284996,31.272222819472805,0.410552164837666,0.025431129978978142,1093
337,7Networks_RH_SomMot_16-rh,rh,55.97383255349066,-8.665662223994998,28.3367738426692,0.44359671539672124,0.02466091248161152,1093
338,7Networks_RH_SomMot_17-rh,rh,58.6717884288666,-19.05908757287103,32.782994581967664,0.4242443377544373,0.027038213945447472,1093
339,7Networks_RH_SomMot_18-rh,rh,47.22718268174391,-10.461100134712,36.27267553714606,0.45533143112890795,0.015389466920725282,1093
340,7Networks_RH_SomMot_19-rh,rh,51.366038976571495,-22.07235040114476,40.97237098522675,0.4415847032775516,0.022345013467050798,1093
341,7Networks_RH_SomMot_2-rh,rh,62.27627736473283,-24.248087418615007,-1.573212818450381,0.41767944274395186,0.029158797775292768,1093
342,7Networks_RH_SomMot_20-rh,rh,10.85787755087762,-16.374574887003874,42.29369466047548,0.41794406681712304,0.029852871047368272,1093
343,7Networks_RH_SomMot_21-rh,rh,49.64813986717754,-15.760309406637786,47.72572051218269,0.4396995634404105,0.021208534616942217,1093
344,7Networks_RH_SomMot_22-rh,rh,41.20006065468514,-12.802968873091393,46.234237665905376,0.41532297550670005,0.031346063119489086,1093
345,7Networks_RH_SomMot_23-rh,rh,46.0530230812598,-28.567303431632222,53.83086544379609,0.432422410510401,0.02187605382921393,1093
346,7Networks_RH_SomMot_24-rh,rh,7.458931906394709,-9.311182114533056,49.57925182666654,0.43741456877125945,0.021024349742074847,1093
347,7Networks_RH_SomMot_25-rh,rh,38.75372867638569,-22.786434736007298,51.48008764435423,0.425308635617719,0.026739409088792066,1093
348,7Networks_RH_SomMot_26-rh,rh,35.22973374826177,-19.34261807082767,59.3431970309482,0.4165385006483645,0.02701683290621312,1093
349,7Networks_RH_SomMot_27-rh,rh,31.363481462422143,-36.75099741151538,59.3115878730634,0.43703768290012535,0.021187325379862655,1093
350,7Networks_RH_SomMot_28-rh,rh,29.776935271342367,-42.28359443751994,58.28797455161895,0.41519731651556074,0.029964531321208195,1093
351,7Networks_RH_SomMot_29-rh,rh,32.21193271912869,-28.384141826029843,58.18446229538828,0.42143419111958147,0.02800704080144923,1093
352,7Networks_RH_SomMot_3-rh,rh,53.36903767549354,-18.244371210800782,6.734288401347194,0.432058782712269,0.023194035947729306,1093
353,7Networks_RH_SomMot_30-rh,rh,3.981809020042419,-24.704219892187027,56.86575749468263,0.41465005382686193,0.02820848969392078,1093
354,7Networks_RH_SomMot_31-rh,rh,28.26973286867142,-11.522211138010023,60.640694184303285,0.43207864700817705,0.01991389821672506,1093
355,7Networks_RH_SomMot_32-rh,rh,8.84448964238402,-41.644575999333306,65.66025912267922,0.42130713339875764,0.02300490794435648,1093
356,7Networks_RH_SomMot_33-rh,rh,21.113430320995004,-26.097218609210728,60.7053500958978,0.4422102154026897,0.021099284710736542,1093
357,7Networks_RH_SomMot_34-rh,rh,21.24476136853618,-30.0118748264928,62.39330081939697,0.46783701443060133,0.012812184240917119,1093
358,7Networks_RH_SomMot_35-rh,rh,21.66870424984756,-36.93358524376748,66.25574120978044,0.4839298146636249,0.010308980406342302,1093
359,7Networks_RH_SomMot_36-rh,rh,15.91704198134573,-9.38943478747418,66.94574837132504,0.444739999111569,0.018643756126870605,1093
360,7Networks_RH_SomMot_37-rh,rh,14.517009213356246,-48.4923494000637,69.88299911475069,0.4322651522969961,0.019017005697982977,1093
361,7Networks_RH_SomMot_38-rh,rh,4.072558445913775,-24.107531795749917,70.02845520920701,0.44568291145807837,0.019067268186191363,1093
362,7Networks_RH_SomMot_39-rh,rh,15.58972176316259,-21.862215113010908,70.2278064983926,0.43852914774171037,0.022492379982712533,1093
363,7Networks_RH_SomMot_4-rh,rh,39.71924394478828,-21.259226856056166,3.87016308458452,0.42622726848257114,0.02507100253298613,1093
364,7Networks_RH_SomMot_40-rh,rh,10.677242035366314,-34.10032670977853,72.53431116032327,0.4287879580473412,0.02277461026721191,1093
365,7Networks_RH_SomMot_5-rh,rh,38.31698875996604,-9.508908070735078,13.669518731423278,0.41294714600129767,0.029444429939981184,1093
366,7Networks_RH_SomMot_6-rh,rh,35.73026431974817,-23.47255503232362,13.909120812963266,0.45477054613041684,0.017387648193855264,1093
367,7Networks_RH_SomMot_7-rh,rh,60.02697238660839,-27.96783253134113,10.53669749808638,0.4456401061356515,0.02189122977742277,1093
368,7Networks_RH_SomMot_8-rh,rh,62.91798085915415,-37.91018609937869,9.375149672360797,0.4652667943847753,0.018407667902614933,1093
369,7Networks_RH_SomMot_9-rh,rh,39.65330003591684,-15.134071417038257,17.82500345156743,0.45230767185590115,0.01952598453114614,1093
370,7Networks_RH_Vis_1-rh,rh,33.73421924152402,-38.76331486486799,-23.52695965246342,0.4352968672368937,0.023740485598523795,1093
371,7Networks_RH_Vis_10-rh,rh,42.00011734654484,-85.393584712311,-10.430461916392192,0.4551098508874758,0.016348719006017615,1093
372,7Networks_RH_Vis_11-rh,rh,9.3143160225989,-73.61334473694656,-5.402652717239465,0.4399216961747885,0.02306977851316999,1093
373,7Networks_RH_Vis_12-rh,rh,11.603607693186133,-56.83899196154295,-3.7746265772944607,0.45399589307399657,0.01911301180075788,1093
374,7Networks_RH_Vis_13-rh,rh,24.974504228786376,-97.4432663410708,-9.269698006822171,0.46112964280217295,0.015347421931743193,1093
375,7Networks_RH_Vis_14-rh,rh,17.59583367624755,-46.90128453061922,-2.5144432037822537,0.4481326768813373,0.01763348647232101,1093
376,7Networks_RH_Vis_15-rh,rh,9.230852150714432,-92.25688443710716,0.04916290388899,0.43058607860899284,0.024998879701184275,1093
377,7Networks_RH_Vis_16-rh,rh,46.25512828862423,-70.0902906840518,5.295305901964921,0.4336724799114861,0.02637694641774507,1093
378,7Networks_RH_Vis_17-rh,rh,13.130108099305229,-48.858929297629366,2.5628123190546974,0.4524563276711439,0.015296974345921253,1093
379,7Networks_RH_Vis_18-rh,rh,32.3130364311509,-88.13911828982219,5.241248358444906,0.44230952228453724,0.02252879414820067,1093
380,7Networks_RH_Vis_19-rh,rh,10.339547792008158,-73.68011280291343,8.260370245892448,0.455481657944324,0.016463239144159526,1093
381,7Networks_RH_Vis_2-rh,rh,32.11541472952472,-35.21119974912049,-16.925132261768,0.4433126145197441,0.020886808980973916,1093
382,7Networks_RH_Vis_20-rh,rh,22.964381222040803,-62.04981967264376,5.045612511913067,0.431346377807147,0.027137365281050284,1093
383,7Networks_RH_Vis_21-rh,rh,22.953943878527312,-98.85429485424145,8.0702184019862,0.4805676893782071,0.010405236515854016,1093
384,7Networks_RH_Vis_22-rh,rh,40.80733049657356,-80.73856837441477,12.199606854949842,0.4375210172530505,0.022377653138854172,1093
385,7Networks_RH_Vis_23-rh,rh,12.053622078929484,-93.16523015549988,17.63867736100133,0.4276900986418037,0.02550903176908313,1093
386,7Networks_RH_Vis_24-rh,rh,16.748238741801334,-67.17483728848971,18.483881677480845,0.43861869641173246,0.019605569521674096,1093
387,7Networks_RH_Vis_25-rh,rh,3.802205753045451,-80.82202438714127,21.99782957532992,0.4300873890062146,0.025170625921228137,1093
388,7Networks_RH_Vis_26-rh,rh,25.90658140854097,-85.26218314909599,18.995517891897283,0.42634290686450727,0.024991316229203406,1093
389,7Networks_RH_Vis_27-rh,rh,32.80195320238213,-77.03491728430505,22.98504142338047,0.4346034951110957,0.021770242122044373,1093
390,7Networks_RH_Vis_28-rh,rh,14.670695726346162,-77.49335751291049,32.26194643246925,0.4320762467119464,0.022490307051986652,1093
391,7Networks_RH_Vis_29-rh,rh,16.143456727149132,-86.62943916770764,35.24504573317061,0.4537344538998963,0.017234853198499246,1093
392,7Networks_RH_Vis_3-rh,rh,34.348148072284204,-56.77809410095215,-19.407818172288977,0.4761230027569532,0.012029831694718204,1093
393,7Networks_RH_Vis_30-rh,rh,26.223940292994182,-74.16139449013605,34.68717503106153,0.44962666401363194,0.016740581053072395,1093
394,7Networks_RH_Vis_4-rh,rh,35.16700399588354,-74.64857728140694,-15.22465385117146,0.45215679259820096,0.01984464113680719,1093
395,7Networks_RH_Vis_5-rh,rh,27.712463258849787,-53.399379567567465,-9.545823355737676,0.4498123025375936,0.020373833450806317,1093
396,7Networks_RH_Vis_6-rh,rh,23.59006001016368,-73.18717395533686,-10.34537283130314,0.45385808013362755,0.018494589129190702,1093
397,7Networks_RH_Vis_7-rh,rh,18.001350845446428,-37.05780879390296,-10.671143614504324,0.46223516926682207,0.014330889892873663,1093
398,7Networks_RH_Vis_8-rh,rh,20.84336173317649,-88.07011144464666,-11.322577492107044,0.45246822123069336,0.019472234502280892,1093
399,7Networks_RH_Vis_9-rh,rh,47.3416371365811,-67.99293328549,-7.595575102717007,0.45718712640414183,0.018968190190732613,1093
