parcel_idx,label,hemi,x,y,z,rho_mean,rho_std,coverage,n_subjects
0,7Networks_LH_Cont_Cing_1-lh,lh,-2.2256717918325517,3.6683418127521312,30.230103321564503,0.14626244896427054,0.04031003942711451,1.0,1096
1,7Networks_LH_Cont_Cing_2-lh,lh,-3.1809476000639414,-21.007527719394798,29.78528140953138,0.14675743967904173,0.03987090453066026,1.0,1096
2,7Networks_LH_Cont_OFC_1-lh,lh,-27.72670631495984,46.75480225866392,-14.109120785780847,0.14467245547446964,0.03949863098411833,1.0,1096
3,7Networks_LH_Cont_PFCl_1-lh,lh,-42.23302016870068,46.22517440858052,-4.52016727584215,0.1494355122097158,0.03858758396292473,1.0,1096
4,7Networks_LH_Cont_PFCl_2-lh,lh,-45.096832626477806,32.46106359431174,10.39753443662044,0.1476546591191531,0.03762859428915237,1.0,1096
5,7Networks_LH_Cont_PFCl_3-lh,lh,-39.34782922495966,46.15311339668606,11.77650232563848,0.14516709433606573,0.038865905547675744,1.0,1096
6,7Networks_LH_Cont_PFCl_4-lh,lh,-28.39669974502809,50.5418346111591,12.993818799157047,0.15163934943796128,0.0403889729142322,1.0,1096
7,7Networks_LH_Cont_PFCl_5-lh,lh,-42.35231753906917,35.688901406168284,20.877683296881088,0.14401844271091715,0.03895418687983423,1.0,1096
8,7Networks_LH_Cont_PFCl_6-lh,lh,-42.86352279989477,21.123559542518247,25.78900273088465,0.14539896570218588,0.03914542415015636,1.0,1096
9,7Networks_LH_Cont_PFCl_7-lh,lh,-37.14715568504142,6.909435672052142,31.01085873065482,0.14642149124467563,0.038801909172181986,1.0,1096
10,7Networks_LH_Cont_PFCl_8-lh,lh,-37.89648876758601,31.07452515734742,36.07220465300099,0.14705648318602826,0.03885614167751944,1.0,1096
11,7Networks_LH_Cont_PFCmp_1-lh,lh,-4.862709725057924,25.65371003708282,45.29731506991696,0.14167241982182643,0.03932795019294873,1.0,1096
12,7Networks_LH_Cont_PFCv_1-lh,lh,-33.10543285536419,18.18721230956968,-9.939000995639953,0.15626873661745935,0.04164157158284866,1.0,1096
13,7Networks_LH_Cont_Par_1-lh,lh,-28.972550839407567,-72.08451705061768,36.627593393065496,0.14448614291947448,0.038230241258119455,1.0,1096
14,7Networks_LH_Cont_Par_2-lh,lh,-57.43772529241607,-45.16406984404316,42.6297962684331,0.1490545137778148,0.03769845616998193,1.0,1096
15,7Networks_LH_Cont_Par_3-lh,lh,-51.70714798822522,-53.06946920254301,39.308137758384994,0.1498750496874012,0.040111620234749276,1.0,1096
16,7Networks_LH_Cont_Par_4-lh,lh,-33.01249050057453,-60.82633115703933,41.58812086132989,0.14432716358374534,0.03819382133468664,1.0,1096
17,7Networks_LH_Cont_Par_5-lh,lh,-41.75459424227369,-54.409667524385625,40.20693772838962,0.14982552452081105,0.03902177054508281,1.0,1096
18,7Networks_LH_Cont_Par_6-lh,lh,-44.24843875250716,-44.61400144608295,42.80799689728426,0.14535455685248264,0.03821242984239994,1.0,1096
19,7Networks_LH_Cont_Temp_1-lh,lh,-60.02472139294152,-49.59256503171226,-10.852849359675368,0.15219786002752528,0.03958294536341676,1.0,1096
20,7Networks_LH_Cont_pCun_1-lh,lh,-10.760401704632644,-75.83670678375461,43.22303682016143,0.15201024254270282,0.03816432677891783,1.0,1096
21,7Networks_LH_Cont_pCun_2-lh,lh,-7.017724206677307,-60.92232099007134,51.415970837159016,0.1514192433453899,0.0400293341885284,1.0,1096
22,7Networks_LH_Default_PFC_1-lh,lh,-35.41555273520814,22.084490812704704,-15.082578042399652,0.14524075419384946,0.03780522855828041,1.0,1096
23,7Networks_LH_Default_PFC_10-lh,lh,-53.244488806094765,19.86821067858042,10.648061996735867,0.14638204699943716,0.037809680567819616,1.0,1096
24,7Networks_LH_Default_PFC_11-lh,lh,-16.652498448100907,64.12688667021891,10.012552964724776,0.14533293452761617,0.03773491592220706,1.0,1096
25,7Networks_LH_Default_PFC_12-lh,lh,-5.448136830848746,30.143438312911176,21.237053693985988,0.14600194528251878,0.03931815095927896,1.0,1096
26,7Networks_LH_Default_PFC_13-lh,lh,-5.358658399160932,49.0758804926848,27.355037936937627,0.14932410367997137,0.037121347717206064,1.0,1096
27,7Networks_LH_Default_PFC_14-lh,lh,-16.577720333903617,54.36081275852045,30.122063154449112,0.14286459626349626,0.03863119165304138,1.0,1096
28,7Networks_LH_Default_PFC_15-lh,lh,-24.65000903312796,44.89307394795034,28.692124938338456,0.14623830335195676,0.03798062018253638,1.0,1096
29,7Networks_LH_Default_PFC_16-lh,lh,-26.229546386109305,26.803473117083488,38.6378469975037,0.14556106961090284,0.03898184882807462,1.0,1096
30,7Networks_LH_Default_PFC_17-lh,lh,-41.33548079856023,18.13569087818757,45.765911541195216,0.14369578228839272,0.038685386465281274,1.0,1096
31,7Networks_LH_Default_PFC_18-lh,lh,-9.74775480605409,42.90992183266523,48.448833176237855,0.14302466996053262,0.040605026830595976,1.0,1096
32,7Networks_LH_Default_PFC_19-lh,lh,-20.882703936010376,34.39732618116795,42.4120461313348,0.14258602629324912,0.040604133317572455,1.0,1096
33,7Networks_LH_Default_PFC_2-lh,lh,-34.73836611879283,36.41457536713831,-13.202855249931073,0.151277895127979,0.04057145604807345,1.0,1096
34,7Networks_LH_Default_PFC_20-lh,lh,-42.85162354774601,4.787632482870184,45.78667462540932,0.15044591888693556,0.0401270661353786,1.0,1096
35,7Networks_LH_Default_PFC_21-lh,lh,-32.034395758731605,13.224192363553328,52.6139647658696,0.14855946795865083,0.04078054127269272,1.0,1096
36,7Networks_LH_Default_PFC_22-lh,lh,-25.162960916195274,17.890900521908165,47.82930414931579,0.14419828552950467,0.03906591351313455,1.0,1096
37,7Networks_LH_Default_PFC_23-lh,lh,-13.077377486804217,25.037361837903557,58.38545190233328,0.1458913858174552,0.041051441928375954,1.0,1096
38,7Networks_LH_Default_PFC_24-lh,lh,-7.39856478587175,10.489577521097202,63.66846887148344,0.14443945379712522,0.040184189907675284,1.0,1096
39,7Networks_LH_Default_PFC_3-lh,lh,-4.724587174592722,52.44956600132273,-9.9265980175121,0.1465394017763371,0.03946105937943691,1.0,1096
40,7Networks_LH_Default_PFC_4-lh,lh,-5.289522376148108,34.716976993096935,-8.594936791273296,0.14728200247177747,0.040103000952816444,1.0,1096
41,7Networks_LH_Default_PFC_5-lh,lh,-46.50230795114152,33.41523071644838,-10.048385246944758,0.14665534723224002,0.04066296647845894,1.0,1096
42,7Networks_LH_Default_PFC_6-lh,lh,-28.767925863574675,53.433223522907625,0.9124134181494138,0.1454304898179984,0.03989485905335647,1.0,1096
43,7Networks_LH_Default_PFC_7-lh,lh,-46.10304853360947,27.4919744831242,1.4340034216095388,0.14392996094262545,0.039104230162640495,1.0,1096
44,7Networks_LH_Default_PFC_8-lh,lh,-7.544467431338713,54.49682205118597,7.529713835653562,0.15044626796564883,0.038553821589441775,1.0,1096
45,7Networks_LH_Default_PFC_9-lh,lh,-6.932250439334702,41.64669330303486,7.384135745438122,0.14516607790145042,0.03934892803640671,1.0,1096
46,7Networks_LH_Default_Par_1-lh,lh,-57.383010887272576,-49.72522937550264,12.918316185204691,0.14455147311887204,0.03895372394405811,1.0,1096
47,7Networks_LH_Default_Par_2-lh,lh,-42.824573299427726,-57.85325620582066,17.128322882973468,0.1454639519360482,0.03959761340278883,1.0,1096
48,7Networks_LH_Default_Par_3-lh,lh,-42.61979447022183,-75.7570265501533,24.6785933005728,0.1488208935996409,0.039467362293094575,1.0,1096
49,7Networks_LH_Default_Par_4-lh,lh,-42.58179975369058,-63.030436059429306,27.821308761277734,0.14579991964337477,0.038991451195604314,1.0,1096
50,7Networks_LH_Default_Par_5-lh,lh,-54.131188492661074,-55.54472807411835,25.30252821497457,0.14225153499171295,0.03964863014734709,1.0,1096
51,7Networks_LH_Default_Par_6-lh,lh,-39.05635863200874,-73.46306570016654,40.98188612567392,0.1431531122552084,0.039377177492403874,1.0,1096
52,7Networks_LH_Default_Par_7-lh,lh,-47.452882282069474,-63.57486788952937,41.60346452525405,0.14845646459839834,0.03909908052434415,1.0,1096
53,7Networks_LH_Default_Temp_1-lh,lh,-55.9116706111005,-7.6435819522878115,-27.64751808117361,0.14943998004880585,0.04105337949385396,1.0,1096
54,7Networks_LH_Default_Temp_10-lh,lh,-52.29275311985409,-44.45777504342105,3.683274732517424,0.1494077977031745,0.040439740821260596,1.0,1096
55,7Networks_LH_Default_Temp_2-lh,lh,-61.790484664840825,-23.343264159267637,-21.159731723702887,0.1468961735104627,0.040660720560631844,1.0,1096
56,7Networks_LH_Default_Temp_3-lh,lh,-58.37601721091349,-38.36302311433469,-20.80113221778244,0.14500148379347472,0.039539064404857716,1.0,1096
57,7Networks_LH_Default_Temp_4-lh,lh,-56.184116394907726,-16.283339937164754,-14.49555316398523,0.14395394586860336,0.040647437113466925,1.0,1096
58,7Networks_LH_Default_Temp_5-lh,lh,-56.14723524146419,-0.4664827350988786,-11.205865896063736,0.14533499029138738,0.040305164446732655,1.0,1096
59,7Networks_LH_Default_Temp_6-lh,lh,-58.67622828198444,-38.53217578000066,-5.0871125535864685,0.14051625120422143,0.04133207696045375,1.0,1096
60,7Networks_LH_Default_Temp_7-lh,lh,-51.35545365942661,-28.308782433717383,-6.800510683236047,0.14780122897343284,0.039310304726742074,1.0,1096
61,7Networks_LH_Default_Temp_8-lh,lh,-61.78149339379368,-16.813580985261474,-3.943987178188997,0.14733012571968077,0.04097810968339091,1.0,1096
62,7Networks_LH_Default_Temp_9-lh,lh,-61.810173705013,-35.032639649363446,2.062868429731705,0.14477399448466743,0.040463635624225426,1.0,1096
63,7Networks_LH_Default_pCunPCC_1-lh,lh,-7.1763669689368585,-54.03647287252248,7.499414140005204,0.1480579154769239,0.03943914244592828,1.0,1096
64,7Networks_LH_Default_pCunPCC_10-lh,lh,-4.11859862944659,-65.55800170732219,41.53012864522165,0.1468325077380638,0.04085156773687818,1.0,1096
65,7Networks_LH_Default_pCunPCC_11-lh,lh,-7.123247340262015,-49.818272388727465,42.59006779616111,0.14588141438780644,0.04073709440418373,1.0,1096
66,7Networks_LH_Default_pCunPCC_2-lh,lh,-14.11254913537572,-62.67526649996493,17.11080800938307,0.1431996141892191,0.041571101367426776,1.0,1096
67,7Networks_LH_Default_pCunPCC_3-lh,lh,-3.2310558035969734,-54.12389100514925,20.204847374023537,0.14660220233610258,0.04083420184459975,1.0,1096
68,7Networks_LH_Default_pCunPCC_4-lh,lh,-4.187172914616038,-39.83902543355404,24.192996006833308,0.14555812058056508,0.038878636113300905,1.0,1096
69,7Networks_LH_Default_pCunPCC_5-lh,lh,-12.182870918188613,-68.88448113755297,30.34756563875241,0.14191315853078593,0.038539115679267155,1.0,1096
70,7Networks_LH_Default_pCunPCC_6-lh,lh,-6.210162707089527,-59.21063153043514,29.97880504757839,0.14274694419582948,0.03749988197917932,1.0,1096
71,7Networks_LH_Default_pCunPCC_7-lh,lh,-7.397917231708242,-43.84895533288432,33.774448196790374,0.14489450866307124,0.03834568683295063,1.0,1096
72,7Networks_LH_Default_pCunPCC_8-lh,lh,-2.999572497981412,-31.003679178811453,39.53711645419781,0.1448593874425943,0.038895048728816564,1.0,1096
73,7Networks_LH_Default_pCunPCC_9-lh,lh,-1.8576950583632528,-14.542882574504793,39.12657913627014,0.1431053789156831,0.03802691726820108,1.0,1096
74,7Networks_LH_DorsAttn_FEF_1-lh,lh,-42.38063602239867,-4.416281575106394,49.41332086471154,0.1412499299024863,0.0382912340116856,1.0,1096
75,7Networks_LH_DorsAttn_FEF_2-lh,lh,-26.209761056873607,-0.553784114816239,51.04001641735806,0.14458606381044486,0.03994031555065784,1.0,1096
76,7Networks_LH_DorsAttn_FEF_3-lh,lh,-30.667170245005902,-7.23287867207125,49.05226208024236,0.14329018560999773,0.03858343758103715,1.0,1096
77,7Networks_LH_DorsAttn_FEF_4-lh,lh,-21.806398165744284,5.312929678721981,59.09587647811226,0.14259023246002064,0.039578684035088914,1.0,1096
78,7Networks_LH_DorsAttn_Post_1-lh,lh,-44.205691876883705,-41.47907080056187,-24.02837216130461,0.14461067235147002,0.03869779247743951,1.0,1096
79,7Networks_LH_DorsAttn_Post_10-lh,lh,-27.93978271047577,-56.96442309226698,45.037484685883264,0.14233910210042616,0.03965401240651729,1.0,1096
80,7Networks_LH_DorsAttn_Post_11-lh,lh,-35.27278000163281,-38.49769673009557,44.12522832990632,0.1431374732776023,0.03890324105187515,1.0,1096
81,7Networks_LH_DorsAttn_Post_12-lh,lh,-34.70367788801006,-51.61386739818099,51.68537143632477,0.14445249618196512,0.03839200107178989,1.0,1096
82,7Networks_LH_DorsAttn_Post_13-lh,lh,-15.236237032457543,-69.27501632643431,54.09764610619516,0.14131806419317067,0.03926765763447843,1.0,1096
83,7Networks_LH_DorsAttn_Post_14-lh,lh,-26.62689025998897,-60.30824582261152,58.1833988004712,0.14249080645185197,0.04026290926739183,1.0,1096
84,7Networks_LH_DorsAttn_Post_15-lh,lh,-9.955279937660416,-57.18201072912648,61.73898947549618,0.14542994425154362,0.0400645497334879,1.0,1096
85,7Networks_LH_DorsAttn_Post_16-lh,lh,-20.9414129970836,-53.92451153709775,63.16374481616377,0.14495880888949847,0.038790424851439784,1.0,1096
86,7Networks_LH_DorsAttn_Post_17-lh,lh,-15.386701867096406,-50.276124586138806,70.73036589658349,0.14363733392681527,0.039503532267595884,1.0,1096
87,7Networks_LH_DorsAttn_Post_2-lh,lh,-47.15596871878233,-54.06269714307735,-15.919451797095528,0.14757793330991634,0.039629402390975454,1.0,1096
88,7Networks_LH_DorsAttn_Post_3-lh,lh,-53.2125022771322,-62.25397700136548,-3.8142905067428297,0.13991029201517777,0.038740508010587246,1.0,1096
89,7Networks_LH_DorsAttn_Post_4-lh,lh,-46.47895984177876,-67.84704178719133,11.128987582749277,0.14242973238509035,0.039838943731771714,1.0,1096
90,7Networks_LH_DorsAttn_Post_5-lh,lh,-26.4475365004726,-69.29530358625301,27.301863451909757,0.14261963217114154,0.03898870723290137,1.0,1096
91,7Networks_LH_DorsAttn_Post_6-lh,lh,-50.50214662977085,-33.157821261654995,40.64988930574648,0.14450345499122566,0.039452223671326794,1.0,1096
92,7Networks_LH_DorsAttn_Post_7-lh,lh,-23.56977437251323,-64.05671753754487,42.030502046121136,0.14254666249743875,0.0385801681065525,1.0,1096
93,7Networks_LH_DorsAttn_Post_8-lh,lh,-41.80453570444181,-31.00647144860758,38.730709529601945,0.14300376432569706,0.03921471468892395,1.0,1096
94,7Networks_LH_DorsAttn_Post_9-lh,lh,-33.93362460633502,-47.70593910757332,38.35676895789658,0.13805515328733658,0.03781609209441889,1.0,1096
95,7Networks_LH_DorsAttn_PrCv_1-lh,lh,-47.97324231275872,6.2063375440996085,24.471581162030425,0.14422023744057727,0.03913566792679542,1.0,1096
96,7Networks_LH_DorsAttn_PrCv_2-lh,lh,-49.70606513484832,0.9781463359288248,36.64115305562173,0.1485277035735771,0.04055344893177225,1.0,1096
97,7Networks_LH_Limbic_OFC_1-lh,lh,-13.292980548075713,21.18468537236926,-21.08755740952804,0.14688852489377108,0.0413706207154927,1.0,1096
98,7Networks_LH_Limbic_OFC_2-lh,lh,-23.89638536037197,21.985710938771565,-20.290748986126232,0.14883303724024963,0.03935247398872128,1.0,1096
99,7Networks_LH_Limbic_OFC_3-lh,lh,-10.873434260217609,43.48105623411096,-23.46935508130253,0.14871810061724716,0.03977916033920664,1.0,1096
100,7Networks_LH_Limbic_OFC_4-lh,lh,-3.754660211937337,20.102923882762088,-18.793292442756364,0.14760288167913949,0.03906390605588215,1.0,1096
101,7Networks_LH_Limbic_OFC_5-lh,lh,-16.13442856102314,62.18571597164117,-7.906560958747399,0.1489613755303066,0.03953700978181685,1.0,1096
102,7Networks_LH_Limbic_TempPole_1-lh,lh,-39.70239196528656,-7.127084286019371,-41.0033975718879,0.1442520456067131,0.039200234282349235,1.0,1096
103,7Networks_LH_Limbic_TempPole_2-lh,lh,-26.86821711989882,4.227945093631065,-38.74394536141904,0.14499482089861293,0.039451368773886344,1.0,1096
104,7Networks_LH_Limbic_TempPole_3-lh,lh,-26.731302960713705,-10.89095298608144,-33.499243920644126,0.1401498270146185,0.03915764782068518,1.0,1096
105,7Networks_LH_Limbic_TempPole_4-lh,lh,-51.7472156144016,-24.36365758002192,-32.80556341572594,0.14216756468821148,0.03847575035921303,1.0,1096
106,7Networks_LH_Limbic_TempPole_5-lh,lh,-40.06220527048464,-23.021770585466317,-26.49928586129789,0.14731780496423588,0.03946140024081509,1.0,1096
107,7Networks_LH_Limbic_TempPole_6-lh,lh,-47.4509777497353,8.622316963813343,-30.74130548409761,0.14698527876455503,0.03970722627214071,1.0,1096
108,7Networks_LH_Limbic_TempPole_7-lh,lh,-33.55322896501292,7.815340258841119,-26.289559712617294,0.1456682060455502,0.03862050830143616,1.0,1096
109,7Networks_LH_Limbic_TempPole_8-lh,lh,-20.833664374048976,-22.47760446266105,-25.046339268410676,0.14407190124192407,0.04035658349313466,1.0,1096
110,7Networks_LH_SalVentAttn_FrOperIns_1-lh,lh,-44.27507714153524,-1.9691270553615543,-15.561208579821743,0.14657947066592067,0.03918196951410133,1.0,1096
111,7Networks_LH_SalVentAttn_FrOperIns_2-lh,lh,-39.97043976865537,0.595864837537787,-6.664366941782386,0.14522285595976384,0.039501973474224676,1.0,1096
112,7Networks_LH_SalVentAttn_FrOperIns_3-lh,lh,-32.39046696366935,26.02637937874629,-0.3362175469819842,0.1445915471841567,0.041430229980072834,1.0,1096
113,7Networks_LH_SalVentAttn_FrOperIns_4-lh,lh,-40.23415162386142,-16.420856948315397,-3.941731276541112,0.15479903487084665,0.040948569008347625,1.0,1096
114,7Networks_LH_SalVentAttn_FrOperIns_5-lh,lh,-32.974421531985506,19.40142974371862,7.906767452124393,0.14853623036022784,0.040029847747814186,1.0,1096
115,7Networks_LH_SalVentAttn_FrOperIns_6-lh,lh,-35.928958713498886,4.822265129268403,10.04293815226976,0.1453921884276445,0.04141532006540408,1.0,1096
116,7Networks_LH_SalVentAttn_FrOperIns_7-lh,lh,-44.15241681496928,12.027876529637284,1.954714645833276,0.15217866649523354,0.04167742895126503,1.0,1096
117,7Networks_LH_SalVentAttn_FrOperIns_8-lh,lh,-51.096116187164135,0.163706507318967,3.985929608473668,0.13965714573749446,0.04096247267722034,1.0,1096
118,7Networks_LH_SalVentAttn_FrOperIns_9-lh,lh,-51.86575559607135,8.562580772968525,12.651200385378376,0.14670165350904402,0.04014439204609997,1.0,1096
119,7Networks_LH_SalVentAttn_Med_1-lh,lh,-7.622988210197239,19.573154094349984,32.80045354014207,0.14892721563031655,0.040957672937429815,1.0,1096
120,7Networks_LH_SalVentAttn_Med_2-lh,lh,-6.89563837940768,0.8559452925412733,41.32250199355478,0.15336330383371966,0.040097540425924,1.0,1096
121,7Networks_LH_SalVentAttn_Med_3-lh,lh,-12.766133691386171,-24.88988610920153,41.19620874906841,0.14760669950252983,0.041190213990670715,1.0,1096
122,7Networks_LH_SalVentAttn_Med_4-lh,lh,-7.273161498623826,8.181929967880901,46.825313479857456,0.1505703924679553,0.040427435890833995,1.0,1096
123,7Networks_LH_SalVentAttn_Med_5-lh,lh,-14.46428824674244,-39.05645511824771,45.86814254720214,0.1424266649237707,0.038725740598410746,1.0,1096
124,7Networks_LH_SalVentAttn_Med_6-lh,lh,-7.996972425284158,-47.905287310632026,56.66460163651948,0.1472321351594513,0.04057176517980095,1.0,1096
125,7Networks_LH_SalVentAttn_Med_7-lh,lh,-9.581735411692527,-4.7751348625948085,68.61623965108336,0.15210933892291312,0.04075544864801367,1.0,1096
126,7Networks_LH_SalVentAttn_PFCl_1-lh,lh,-30.43239820530984,39.53049867765039,25.725265998755937,0.14445336705411913,0.038146870143692994,1.0,1096
127,7Networks_LH_SalVentAttn_ParOper_1-lh,lh,-53.007303389158544,-35.49347277359816,21.68828773603565,0.13768534765294752,0.038914387773897025,1.0,1096
128,7Networks_LH_SalVentAttn_ParOper_2-lh,lh,-57.54926100154381,-45.50295204227253,25.69512326030408,0.14360061443885502,0.03765668927771656,1.0,1096
129,7Networks_LH_SalVentAttn_ParOper_3-lh,lh,-59.68074720102058,-24.800348331803395,30.209649454625765,0.14657176540174996,0.03856007094915376,1.0,1096
130,7Networks_LH_SalVentAttn_ParOper_4-lh,lh,-60.27880584389154,-37.42226658276985,34.42161412911912,0.14525104298515332,0.03844868344811323,1.0,1096
131,7Networks_LH_SalVentAttn_TempOcc_1-lh,lh,-53.62599159361529,-54.918923530160434,7.941994568516798,0.14180831525495657,0.03823489759399119,1.0,1096
132,7Networks_LH_SomMot_1-lh,lh,-49.10716878647772,-13.393378912210798,0.4076897875755875,0.14271991453160518,0.0373619404993743,1.0,1096
133,7Networks_LH_SomMot_10-lh,lh,-48.60821804058589,-25.19058727096988,17.03619863844964,0.1400699681729542,0.03964430533197749,1.0,1096
134,7Networks_LH_SomMot_11-lh,lh,-60.038825685568085,-19.98567181373921,18.521731339629167,0.13923196969329754,0.03812629706224047,1.0,1096
135,7Networks_LH_SomMot_12-lh,lh,-58.84164334007316,-5.112528729102339,22.820865601232047,0.14138632054206993,0.039007479486073,1.0,1096
136,7Networks_LH_SomMot_13-lh,lh,-62.35561814361916,-12.373987597159909,31.45366324088424,0.14112395250196083,0.03834875621306017,1.0,1096
137,7Networks_LH_SomMot_14-lh,lh,-50.190783267419775,-10.547492154242454,28.733875165413775,0.14342248615923386,0.038990868712985925,1.0,1096
138,7Networks_LH_SomMot_15-lh,lh,-53.3214094234946,-23.75585824414029,37.91048008757211,0.1394973146332058,0.038568246332656306,1.0,1096
139,7Networks_LH_SomMot_16-lh,lh,-49.83749240769976,-10.013368644769963,40.2321214262352,0.14301816261127365,0.038165268180742624,1.0,1096
140,7Networks_LH_SomMot_17-lh,lh,-45.774021628853326,-17.987458420800163,37.90019580200836,0.1446548967841962,0.03781167874276378,1.0,1096
141,7Networks_LH_SomMot_18-lh,lh,-8.743129790720923,-13.75252651180579,45.59628399935636,0.13998500598047614,0.03849497399395167,1.0,1096
142,7Networks_LH_SomMot_19-lh,lh,-38.86746629572385,-16.22310636275578,44.99045438457107,0.15225027123036344,0.041722876080035914,1.0,1096
143,7Networks_LH_SomMot_2-lh,lh,-56.10931351951565,-23.69945911513901,5.707054936435079,0.14390712108718123,0.03849249733747728,1.0,1096
144,7Networks_LH_SomMot_20-lh,lh,-46.825092743854135,-19.557366211803597,52.93963616234915,0.1434455312565166,0.03827063287891422,1.0,1096
145,7Networks_LH_SomMot_21-lh,lh,-46.16054633649737,-30.398967910518845,54.6225489349511,0.1549546760323178,0.040761110988628564,1.0,1096
146,7Networks_LH_SomMot_22-lh,lh,-36.92225503634833,-24.852956129697137,48.816611440960536,0.1517745189624098,0.040144591647438624,1.0,1096
147,7Networks_LH_SomMot_23-lh,lh,-10.595498790968524,-36.98443543109356,51.43822518967237,0.14378381693091608,0.0390623289892881,1.0,1096
148,7Networks_LH_SomMot_24-lh,lh,-4.910091947092869,-23.9275973102834,54.10443394727046,0.14128425007595152,0.038891092286032235,1.0,1096
149,7Networks_LH_SomMot_25-lh,lh,-4.144896760297461,-9.14335792123472,57.2605713372943,0.14017221798160362,0.03857578966577204,1.0,1096
150,7Networks_LH_SomMot_26-lh,lh,-35.46460509877983,-19.694496308081757,60.009912207361566,0.14204515845558852,0.03916544663195619,1.0,1096
151,7Networks_LH_SomMot_27-lh,lh,-30.09208316156825,-44.93929588001974,58.88197968505706,0.1406674487482598,0.037796434952017136,1.0,1096
152,7Networks_LH_SomMot_28-lh,lh,-33.50274708048503,-28.586031125386555,58.95554850260417,0.1445707341558526,0.039790102405596606,1.0,1096
153,7Networks_LH_SomMot_29-lh,lh,-30.132549316611065,-36.48280794796528,60.82360043621704,0.14335371353041973,0.03754704150263831,1.0,1096
154,7Networks_LH_SomMot_3-lh,lh,-36.600375378225735,-24.48510210232472,8.472105336007406,0.14493530139907562,0.0387731354575016,1.0,1096
155,7Networks_LH_SomMot_30-lh,lh,-26.147134152439435,-11.438259468999265,60.13442602888109,0.14409799843687773,0.039369991557088146,1.0,1096
156,7Networks_LH_SomMot_31-lh,lh,-22.04363322725483,-26.53818640989416,60.84053631202848,0.14338215686328837,0.03896615407184966,1.0,1096
157,7Networks_LH_SomMot_32-lh,lh,-9.737462859300951,-42.27655872147296,68.4564729499186,0.14571652678462874,0.03833446065447205,1.0,1096
158,7Networks_LH_SomMot_33-lh,lh,-4.5160255521326,-25.76914211897783,67.47828754237,0.14306632120016907,0.04011911456753541,1.0,1096
159,7Networks_LH_SomMot_34-lh,lh,-16.98395305465736,-14.130715002357736,68.84486236950427,0.1450843518102567,0.03815320943765614,1.0,1096
160,7Networks_LH_SomMot_35-lh,lh,-19.01375838058765,-31.45782142355233,64.50237796687279,0.14562993808713934,0.037764419680552344,1.0,1096
161,7Networks_LH_SomMot_36-lh,lh,-20.53849470405113,-39.21286640400155,68.25770817294696,0.14395009439056197,0.03784091900562794,1.0,1096
162,7Networks_LH_SomMot_37-lh,lh,-13.274689418241982,-29.313758384396824,68.78446425905653,0.14554378651176492,0.03767021332845441,1.0,1096
163,7Networks_LH_SomMot_4-lh,lh,-38.73192432550015,-8.68678628993808,12.735589813597676,0.14644855182828223,0.037192707229681904,1.0,1096
164,7Networks_LH_SomMot_5-lh,lh,-36.52532194769103,-26.759153874289897,17.119322231382032,0.14532343408402196,0.03812808794760367,1.0,1096
165,7Networks_LH_SomMot_6-lh,lh,-58.85225339873676,-37.719997849821056,14.647466864282077,0.14698547401951756,0.04007912052838777,1.0,1096
166,7Networks_LH_SomMot_7-lh,lh,-41.89994005826891,-34.98152779736212,12.694232993023492,0.14478991533877983,0.0384016312654767,1.0,1096
167,7Networks_LH_SomMot_8-lh,lh,-47.326613596264544,-14.227169012377164,13.181350216885946,0.13725167351306522,0.03921570974966181,1.0,1096
168,7Networks_LH_SomMot_9-lh,lh,-60.75959134706309,-4.318530817605345,10.313856801180773,0.1437967837571868,0.03929484793899657,1.0,1096
169,7Networks_LH_Vis_1-lh,lh,-31.4309310791405,-41.7305473893453,-23.353852010419683,0.1425942846161572,0.038850674155320716,1.0,1096
170,7Networks_LH_Vis_10-lh,lh,-13.831584402089996,-61.93816955272968,-6.925084474659111,0.1438463315225446,0.039136033846115206,1.0,1096
171,7Networks_LH_Vis_11-lh,lh,-7.6674930474741,-76.6371835941891,-6.423972532256983,0.1454589690396936,0.03883614400456624,1.0,1096
172,7Networks_LH_Vis_12-lh,lh,-24.88535555931016,-96.7344111954627,-12.331187576548398,0.14192052561240173,0.0393373283133743,1.0,1096
173,7Networks_LH_Vis_13-lh,lh,-13.33588174859591,-44.53940906480609,-4.765169160052536,0.1437202498644683,0.038743736946403824,1.0,1096
174,7Networks_LH_Vis_14-lh,lh,-39.96225601367736,-87.00389323226904,-5.55985734128598,0.14595135305422288,0.03884321433253698,1.0,1096
175,7Networks_LH_Vis_15-lh,lh,-10.10872519621048,-97.78456176792218,-3.886825971378868,0.14032310764779699,0.03882725551792548,1.0,1096
176,7Networks_LH_Vis_16-lh,lh,-15.482495665705253,-58.09110391465523,0.7895022529339805,0.14664572186116162,0.039664189108006606,1.0,1096
177,7Networks_LH_Vis_17-lh,lh,-44.34436879345911,-72.90463907650104,1.5993256595568917,0.14186838891202128,0.038670596196097536,1.0,1096
178,7Networks_LH_Vis_18-lh,lh,-7.046712842381116,-88.08057260050357,3.616288670102469,0.14128940180705377,0.038778259913320186,1.0,1096
179,7Networks_LH_Vis_19-lh,lh,-26.07193373999697,-94.43096102044936,3.78806229834965,0.14136512228673534,0.0389389528956435,1.0,1096
180,7Networks_LH_Vis_2-lh,lh,-31.409458831813836,-35.14854264301093,-18.22494495228168,0.14071053436489736,0.03934812023434453,1.0,1096
181,7Networks_LH_Vis_20-lh,lh,-13.2440716159587,-51.69824464759048,2.876118942084057,0.14282247356497688,0.03826421549936166,1.0,1096
182,7Networks_LH_Vis_21-lh,lh,-9.856477479710986,-75.67654549863917,7.829021696911358,0.14186977274940718,0.03896717078621157,1.0,1096
183,7Networks_LH_Vis_22-lh,lh,-21.03412999840422,-66.21519638146768,5.735785520143349,0.13925171238150028,0.03875660719038822,1.0,1096
184,7Networks_LH_Vis_23-lh,lh,-38.88945099783496,-83.35966367350517,10.044632151487876,0.14304488064844584,0.03811712967491124,1.0,1096
185,7Networks_LH_Vis_24-lh,lh,-14.192239268374,-97.16284925567436,15.415261314818578,0.14209661639022936,0.03769246770363081,1.0,1096
186,7Networks_LH_Vis_25-lh,lh,-3.968079407498219,-84.70897804445805,23.46371066894313,0.14071084831602557,0.038403133309981956,1.0,1096
187,7Networks_LH_Vis_26-lh,lh,-13.974083823852643,-70.9343149771445,19.449905606403803,0.14340945210508776,0.038739423473445486,1.0,1096
188,7Networks_LH_Vis_27-lh,lh,-27.42744734250926,-83.66948806387039,16.621921721544524,0.1456649529020082,0.037879408816002234,1.0,1096
189,7Networks_LH_Vis_28-lh,lh,-33.7867070651843,-82.53938262395883,23.04350547693461,0.14964349497024246,0.04021206974919863,1.0,1096
190,7Networks_LH_Vis_29-lh,lh,-16.95356636250939,-88.38620781859349,28.612489427839005,0.14706012711036406,0.037042731933560065,1.0,1096
191,7Networks_LH_Vis_3-lh,lh,-36.478565499802265,-61.14527789659736,-20.06013478050547,0.14329069698816105,0.038535363536570756,1.0,1096
192,7Networks_LH_Vis_30-lh,lh,-13.66630835192544,-79.6397770914792,33.57240023299994,0.15075835223523837,0.04054056819680717,1.0,1096
193,7Networks_LH_Vis_31-lh,lh,-21.08930028309612,-77.06418851936388,39.01340075258939,0.14945001124748333,0.037523069830651706,1.0,1096
194,7Networks_LH_Vis_4-lh,lh,-26.57484521249041,-54.31074229378012,-9.431516289117916,0.14162427124995605,0.03750856754416051,1.0,1096
195,7Networks_LH_Vis_5-lh,lh,-24.92466871007284,-73.26484629821778,-10.00446177037557,0.143303896710832,0.03833842518840615,1.0,1096
196,7Networks_LH_Vis_6-lh,lh,-34.64361891612201,-80.6698271388739,-16.732641611300725,0.1483667480029103,0.03882089077120635,1.0,1096
197,7Networks_LH_Vis_7-lh,lh,-19.014586882002664,-37.84904459166825,-12.17023153978938,0.15150171612056149,0.03988878655381821,1.0,1096
198,7Networks_LH_Vis_8-lh,lh,-43.993360427731226,-69.29369410149238,-9.570383422120376,0.1441925988857839,0.0386761717803636,1.0,1096
199,7Networks_LH_Vis_9-lh,lh,-17.310307839234962,-87.84337217062439,-12.153232631997174,0.14469026031169507,0.03846653698857703,1.0,1096
200,7Networks_RH_Cont_Cing_1-rh,rh,4.109800150917797,-25.29359493371917,29.053500754658767,0.14810441765841284,0.04009126512850938,1.0,1096
201,7Networks_RH_Cont_Cing_2-rh,rh,3.155343483909701,-0.2025656573961459,31.53282304703136,0.14793719112569811,0.03910818252355377,1.0,1096
202,7Networks_RH_Cont_PFCl_1-rh,rh,27.986942701890204,52.30002185149051,-13.416409871879496,0.14417697568263257,0.039120346976534846,1.0,1096
203,7Networks_RH_Cont_PFCl_10-rh,rh,36.431297569475326,11.299653027813406,30.729302708614103,0.14400400329000906,0.03992384931495586,1.0,1096
204,7Networks_RH_Cont_PFCl_11-rh,rh,37.26327935217558,30.61038870943047,36.97827252953187,0.1468232922072495,0.03885260790994522,1.0,1096
205,7Networks_RH_Cont_PFCl_12-rh,rh,41.34909707119591,20.19441542499944,39.795362961919686,0.1476896812121774,0.037471443401717014,1.0,1096
206,7Networks_RH_Cont_PFCl_13-rh,rh,41.15386166593954,7.346591785082368,46.490649022329016,0.15516935751088307,0.04032760130547229,1.0,1096
207,7Networks_RH_Cont_PFCl_14-rh,rh,34.31315690797992,15.67370102179082,52.58439444992347,0.14522638471980517,0.03833856076901054,1.0,1096
208,7Networks_RH_Cont_PFCl_15-rh,rh,24.59286099607608,8.304191625305194,53.71093755982034,0.14314609799016983,0.037680768145173904,1.0,1096
209,7Networks_RH_Cont_PFCl_2-rh,rh,42.60892465688887,48.0329504918008,-4.145084624362253,0.14095115287342294,0.038161457511236174,1.0,1096
210,7Networks_RH_Cont_PFCl_3-rh,rh,28.33977524577109,54.3951634851541,3.541195894611669,0.14812757501183782,0.037866172915665325,1.0,1096
211,7Networks_RH_Cont_PFCl_4-rh,rh,46.33146818115681,36.46545952373275,5.405926232268758,0.14631663426594008,0.03858198400172778,1.0,1096
212,7Networks_RH_Cont_PFCl_5-rh,rh,40.67638054440802,42.033907573830334,15.31384148960471,0.14241998648898682,0.03861959150421464,1.0,1096
213,7Networks_RH_Cont_PFCl_6-rh,rh,45.62040812973369,29.41268179928445,16.996940627772148,0.1501193799718789,0.040308991760971434,1.0,1096
214,7Networks_RH_Cont_PFCl_7-rh,rh,43.166955864244,18.624721320717477,22.83558898127231,0.148856458706225,0.039081380336123954,1.0,1096
215,7Networks_RH_Cont_PFCl_8-rh,rh,26.06461976441824,48.84746140173559,23.250810792745614,0.14563419565289643,0.03779902107214474,1.0,1096
216,7Networks_RH_Cont_PFCl_9-rh,rh,46.76786480805813,27.62840656745128,27.253773429454903,0.15185218264228292,0.03988660583245443,1.0,1096
217,7Networks_RH_Cont_PFCmp_1-rh,rh,8.97032985015802,32.04564013968994,26.07139907392076,0.1448474795644312,0.03787082528504041,1.0,1096
218,7Networks_RH_Cont_PFCmp_2-rh,rh,4.795652627189261,25.6176882696983,46.74457559721595,0.15178608219810558,0.03789011657558229,1.0,1096
219,7Networks_RH_Cont_PFCv_1-rh,rh,34.285116081341734,21.91055755069535,-6.664761837805324,0.15079505661213516,0.03906019933512596,1.0,1096
220,7Networks_RH_Cont_Par_1-rh,rh,51.18898262374702,-56.87642972770779,41.70235615215082,0.14489636570712028,0.03814849909097327,1.0,1096
221,7Networks_RH_Cont_Par_2-rh,rh,52.00346158599854,-46.91642377471924,40.77199843597412,0.1460599895896731,0.03818336182868732,1.0,1096
222,7Networks_RH_Cont_Par_3-rh,rh,32.362512693734004,-67.84252778415022,42.07948364389354,0.14673248999403363,0.03771317301175808,1.0,1096
223,7Networks_RH_Cont_Par_4-rh,rh,49.114118170044506,-38.99513814788865,44.43647093137592,0.14819056455115254,0.0385788373871444,1.0,1096
224,7Networks_RH_Cont_Par_5-rh,rh,42.90274063508902,-48.25392402819733,40.48044496507787,0.1455463616830429,0.03801096700564499,1.0,1096
225,7Networks_RH_Cont_Par_6-rh,rh,38.11645154143165,-57.00652062787152,44.25646655490039,0.14718965923580027,0.03741455790302463,1.0,1096
226,7Networks_RH_Cont_Temp_1-rh,rh,58.97514143091862,-35.62536605738761,-20.49556885265125,0.14694828408966476,0.03751386966842579,1.0,1096
227,7Networks_RH_Cont_Temp_2-rh,rh,60.88816406357456,-47.586759943357656,-10.291781403649022,0.14581199892201127,0.03876737462900162,1.0,1096
228,7Networks_RH_Cont_pCun_1-rh,rh,12.853132706157044,-70.58133080102115,36.26859003133168,0.14518477978261576,0.037535085066570155,1.0,1096
229,7Networks_RH_Cont_pCun_2-rh,rh,5.498088653018245,-62.45582795544751,43.55214358763527,0.1452650658120645,0.038486360975170414,1.0,1096
230,7Networks_RH_Default_PFCdPFCm_1-rh,rh,5.588297783452536,37.42104409807124,-9.593708101057,0.1410507753499204,0.04081790168452956,1.0,1096
231,7Networks_RH_Default_PFCdPFCm_10-rh,rh,25.31312210389546,31.00944399493081,39.36191293512072,0.14368947793118814,0.03940074105874453,1.0,1096
232,7Networks_RH_Default_PFCdPFCm_11-rh,rh,13.267370673931804,37.36956202311247,51.487659948928304,0.14362922773074352,0.041099853638186135,1.0,1096
233,7Networks_RH_Default_PFCdPFCm_12-rh,rh,23.762133992209066,20.444972563866443,49.20852863772774,0.14859634987081982,0.04080903994233109,1.0,1096
234,7Networks_RH_Default_PFCdPFCm_13-rh,rh,12.232005817172114,18.632650527058868,62.18023994475642,0.14868335335027624,0.0417189620673236,1.0,1096
235,7Networks_RH_Default_PFCdPFCm_2-rh,rh,9.803337070420817,64.31052014998356,2.1734403552995487,0.15186839650926082,0.03970923128833029,1.0,1096
236,7Networks_RH_Default_PFCdPFCm_3-rh,rh,8.43134450712334,40.7287696766328,5.949203541510663,0.14415961237691838,0.0408647654487636,1.0,1096
237,7Networks_RH_Default_PFCdPFCm_4-rh,rh,8.173263098639465,49.435463988704726,14.053490551931263,0.1446637756802908,0.038483184639414914,1.0,1096
238,7Networks_RH_Default_PFCdPFCm_5-rh,rh,17.81460848293272,61.53761652827872,17.781020677881713,0.14925274908426564,0.040038421686967675,1.0,1096
239,7Networks_RH_Default_PFCdPFCm_6-rh,rh,3.83684627462606,21.711594576913804,21.371467330807544,0.14683268876379982,0.04027128763139677,1.0,1096
240,7Networks_RH_Default_PFCdPFCm_7-rh,rh,6.198490611497347,54.50929613542986,30.654135791675465,0.14849038022653815,0.03924185866508612,1.0,1096
241,7Networks_RH_Default_PFCdPFCm_8-rh,rh,18.79265238505439,48.52408156955492,35.24343968205598,0.14452546881008463,0.03928002380882144,1.0,1096
242,7Networks_RH_Default_PFCdPFCm_9-rh,rh,4.954849225102049,40.90822325330792,38.285303289240055,0.1468364564913156,0.039597504881936516,1.0,1096
243,7Networks_RH_Default_PFCv_1-rh,rh,34.27081070623454,21.02159628896318,-17.531312066704565,0.14282575155568392,0.039465475655723815,1.0,1096
244,7Networks_RH_Default_PFCv_2-rh,rh,34.08088187124471,36.03029393086507,-12.585957857593256,0.1449793053617649,0.0403296516107709,1.0,1096
245,7Networks_RH_Default_PFCv_3-rh,rh,48.05995820126857,31.190751683007704,-6.094201975800245,0.14549482716051867,0.03932883199610962,1.0,1096
246,7Networks_RH_Default_PFCv_4-rh,rh,52.64648396056376,23.043459775712755,8.024921463448324,0.1444430977395878,0.03925547619019253,1.0,1096
247,7Networks_RH_Default_Par_1-rh,rh,47.57667186737061,-49.14187300364176,16.539062418937682,0.147260209746458,0.03979463927891822,1.0,1096
248,7Networks_RH_Default_Par_2-rh,rh,42.55005280819932,-66.14002597676536,19.68927357100338,0.14662283740099763,0.04000530863739586,1.0,1096
249,7Networks_RH_Default_Par_3-rh,rh,48.5526318569415,-57.537798985778565,24.66760673696696,0.15107826552380743,0.04121185596005504,1.0,1096
250,7Networks_RH_Default_Par_4-rh,rh,53.76739533201804,-51.02891871291666,26.71510990325597,0.14066765201589074,0.04099607775654874,1.0,1096
251,7Networks_RH_Default_Par_5-rh,rh,44.072940162990406,-67.54807635619974,39.64125069103846,0.1445414467720452,0.039052149015373495,1.0,1096
252,7Networks_RH_Default_Temp_1-rh,rh,53.53213134896201,1.1876589927557926,-30.469456115386887,0.1435971687551667,0.039438752241306954,1.0,1096
253,7Networks_RH_Default_Temp_2-rh,rh,61.84137821422965,-15.036201773383093,-22.79083654841069,0.14637997783343962,0.040404229717320814,1.0,1096
254,7Networks_RH_Default_Temp_3-rh,rh,50.75050901307713,9.91206988515044,-19.35705923873676,0.14558452087917276,0.03921510464092403,1.0,1096
255,7Networks_RH_Default_Temp_4-rh,rh,54.60705314975463,-11.22631081825231,-13.954414818114367,0.14489100827457826,0.03900377690049864,1.0,1096
256,7Networks_RH_Default_Temp_5-rh,rh,62.63798049217047,-29.721897098629974,-8.070959416840427,0.1419345012181482,0.040825175822555335,1.0,1096
257,7Networks_RH_Default_Temp_6-rh,rh,48.59316793388626,-26.47810995320417,-6.890964917723239,0.1437078015910155,0.040675948814611285,1.0,1096
258,7Networks_RH_Default_Temp_7-rh,rh,61.80421009151617,-42.416495397892966,-0.9022873837826988,0.14407030288875203,0.040641136005128385,1.0,1096
259,7Networks_RH_Default_Temp_8-rh,rh,48.789136233172016,-37.17882288685476,0.8362984158140443,0.14426345080648673,0.04005225731013129,1.0,1096
260,7Networks_RH_Default_pCunPCC_1-rh,rh,11.371401494780145,-56.735878458270776,13.294874331200278,0.14573795571983403,0.040614218395675625,1.0,1096
261,7Networks_RH_Default_pCunPCC_2-rh,rh,4.470121007799451,-44.1611646641799,20.471178127768265,0.14326881310972017,0.0405806009334446,1.0,1096
262,7Networks_RH_Default_pCunPCC_3-rh,rh,16.043998142930327,-64.62959662265465,26.699371850686,0.14957371676172737,0.04096092144890116,1.0,1096
263,7Networks_RH_Default_pCunPCC_4-rh,rh,4.632948196223766,-52.26327028337693,24.680937318612408,0.14939653949613735,0.04070598678520151,1.0,1096
264,7Networks_RH_Default_pCunPCC_5-rh,rh,4.057480467457167,-62.76660713007752,31.82082361906347,0.14175813731951947,0.04142702487436515,1.0,1096
265,7Networks_RH_Default_pCunPCC_6-rh,rh,5.061209592025379,-39.29035188483977,36.50329726726588,0.1482872052116213,0.03983491157616077,1.0,1096
266,7Networks_RH_Default_pCunPCC_7-rh,rh,2.2020231840274147,-18.82170599525895,39.06002417837436,0.14603752613008048,0.0390742823062664,1.0,1096
267,7Networks_RH_Default_pCunPCC_8-rh,rh,11.215948670823998,-51.38251839040596,36.54573605261116,0.14579170962246024,0.039195155296693464,1.0,1096
268,7Networks_RH_Default_pCunPCC_9-rh,rh,6.368820904090652,-49.40895337643831,44.86351006804502,0.14408374486173,0.03964001816860738,1.0,1096
269,7Networks_RH_DorsAttn_FEF_1-rh,rh,38.3135613531902,-3.6349047379636463,50.73709463662114,0.14570670880049746,0.03949899383709707,1.0,1096
270,7Networks_RH_DorsAttn_FEF_2-rh,rh,26.464219323712594,-3.432914727188832,49.81678637927657,0.14244766889465357,0.038489929317203055,1.0,1096
271,7Networks_RH_DorsAttn_FEF_3-rh,rh,23.17010997404063,-4.056077748322879,59.61092115084983,0.1415275012195042,0.03849727183631835,1.0,1096
272,7Networks_RH_DorsAttn_Post_1-rh,rh,46.348202926374704,-53.78820482494301,-16.448455304788023,0.14347898443738774,0.038617165896537554,1.0,1096
273,7Networks_RH_DorsAttn_Post_10-rh,rh,27.60359283239019,-61.39694359639738,46.25960829476861,0.14349443138941906,0.03772926400274692,1.0,1096
274,7Networks_RH_DorsAttn_Post_11-rh,rh,33.524815552374896,-47.94944888703964,41.1034790207358,0.14356949512290587,0.039371889755071394,1.0,1096
275,7Networks_RH_DorsAttn_Post_12-rh,rh,19.251976292190456,-66.94902267552264,50.07701479802366,0.14226108383638375,0.04006472219192994,1.0,1096
276,7Networks_RH_DorsAttn_Post_13-rh,rh,33.37628368430611,-39.10428724828372,46.32378680983373,0.14234788292911188,0.038823973877049514,1.0,1096
277,7Networks_RH_DorsAttn_Post_14-rh,rh,32.46562377660196,-52.07061060395514,49.57190646265659,0.1427541744359613,0.038167273813907665,1.0,1096
278,7Networks_RH_DorsAttn_Post_15-rh,rh,6.615711579632885,-69.514271546751,51.981414178134266,0.1444478795215342,0.039926598193675646,1.0,1096
279,7Networks_RH_DorsAttn_Post_16-rh,rh,25.682524452120557,-58.1057635309535,56.53086211464622,0.1433044497952147,0.038613539499526756,1.0,1096
280,7Networks_RH_DorsAttn_Post_17-rh,rh,5.917152761611425,-54.19254711198761,58.621544873680094,0.14075717693467765,0.03894757058531254,1.0,1096
281,7Networks_RH_DorsAttn_Post_18-rh,rh,11.90911540499872,-63.07773404205382,63.018327955630426,0.14103416334914276,0.03852431570097116,1.0,1096
282,7Networks_RH_DorsAttn_Post_19-rh,rh,23.593890755899835,-50.32747355257527,63.883427716373056,0.14391745413403906,0.03957764715218847,1.0,1096
283,7Networks_RH_DorsAttn_Post_2-rh,rh,54.87458081135262,-57.92956979203933,-1.6242633325671365,0.14125920990623655,0.038716222111994776,1.0,1096
284,7Networks_RH_DorsAttn_Post_3-rh,rh,48.45947062045222,-59.93395796876396,10.310884260313331,0.14101408343028152,0.0388627578579768,1.0,1096
285,7Networks_RH_DorsAttn_Post_4-rh,rh,40.541916154660846,-77.21403955577411,30.873190266859154,0.14420387387602562,0.038140875505543397,1.0,1096
286,7Networks_RH_DorsAttn_Post_5-rh,rh,28.38978977378355,-65.32357463311712,32.141261043023626,0.1443991431330171,0.03845361187577234,1.0,1096
287,7Networks_RH_DorsAttn_Post_6-rh,rh,52.8949711313053,-28.002365602765764,42.98658286114128,0.14219802408016316,0.038836611339394304,1.0,1096
288,7Networks_RH_DorsAttn_Post_7-rh,rh,16.47575874889598,-75.87437212700938,45.44054128609452,0.14409071702464524,0.04020180772157631,1.0,1096
289,7Networks_RH_DorsAttn_Post_8-rh,rh,36.63401797503773,-41.28795124107683,38.286859454763245,0.14266743544860874,0.038861294264919057,1.0,1096
290,7Networks_RH_DorsAttn_Post_9-rh,rh,40.97849275143211,-31.310590812225147,41.087894259436986,0.14474175902604544,0.0396464181395503,1.0,1096
291,7Networks_RH_DorsAttn_PrCv_1-rh,rh,46.47460315626796,7.09831048766041,25.061566590108807,0.1455618074749416,0.04046975670880154,1.0,1096
292,7Networks_RH_Limbic_OFC_1-rh,rh,14.07984427417498,18.34913328941622,-21.006484159163243,0.13875593722914137,0.03948576247360681,1.0,1096
293,7Networks_RH_Limbic_OFC_2-rh,rh,23.775841848137453,20.96035031559541,-21.036142926855184,0.14718376772476896,0.037827606205174155,1.0,1096
294,7Networks_RH_Limbic_OFC_3-rh,rh,8.748649224337296,40.3155188328824,-24.00032773577733,0.1466229179238295,0.040040129134151274,1.0,1096
295,7Networks_RH_Limbic_OFC_4-rh,rh,21.647665709591983,39.92307148622663,-19.1825046475014,0.1456852197796038,0.03961842411116672,1.0,1096
296,7Networks_RH_Limbic_OFC_5-rh,rh,4.75263882353461,19.991875132865456,-21.278777542904283,0.14246400069719933,0.03913623941816324,1.0,1096
297,7Networks_RH_Limbic_OFC_6-rh,rh,9.64704330301122,60.16479338558054,-14.816802146084886,0.14341270228184963,0.03933392030426854,1.0,1096
298,7Networks_RH_Limbic_TempPole_1-rh,rh,29.57476182487297,-4.768859522915494,-38.516588140360106,0.1377066430629762,0.03854099491529946,1.0,1096
299,7Networks_RH_Limbic_TempPole_2-rh,rh,50.46374282550454,-11.901481811003816,-38.40162119668476,0.14020182339142648,0.037999903024932086,1.0,1096
300,7Networks_RH_Limbic_TempPole_3-rh,rh,40.75116325458247,11.491265406882215,-37.33728399119926,0.14269565454840827,0.03921609443850613,1.0,1096
301,7Networks_RH_Limbic_TempPole_4-rh,rh,39.96872856977906,-18.480383260926203,-28.571150450309965,0.15037605515713212,0.04105265135055375,1.0,1096
302,7Networks_RH_Limbic_TempPole_5-rh,rh,30.64272738968509,8.083568287685285,-28.46018266790584,0.1475363348175185,0.04037565873181586,1.0,1096
303,7Networks_RH_Limbic_TempPole_6-rh,rh,47.899293777127525,-32.70247620545858,-26.52756239179969,0.1475035618998423,0.04071696305703932,1.0,1096
304,7Networks_RH_Limbic_TempPole_7-rh,rh,22.43537580966949,-20.49568425392618,-25.147459710130885,0.1466010683029214,0.039461345323566446,1.0,1096
305,7Networks_RH_SalVentAttn_FrOperIns_1-rh,rh,41.981187423676936,-0.3311610826986136,-14.979981759577306,0.14297815738762923,0.03930469913945796,1.0,1096
306,7Networks_RH_SalVentAttn_FrOperIns_2-rh,rh,40.967557941644,7.767952047509537,-2.0754919730171832,0.14853943224325641,0.04033563121399524,1.0,1096
307,7Networks_RH_SalVentAttn_FrOperIns_3-rh,rh,41.30119235476932,-13.839918048961742,-4.574036725030558,0.14181615640517758,0.039319190288599086,1.0,1096
308,7Networks_RH_SalVentAttn_FrOperIns_4-rh,rh,39.12488603397291,0.0287277889723072,6.171664282352644,0.1374152247837579,0.03994734197964249,1.0,1096
309,7Networks_RH_SalVentAttn_FrOperIns_5-rh,rh,36.11202239439376,21.28192997667333,5.602545683507199,0.13899441268475934,0.03926544078383601,1.0,1096
310,7Networks_RH_SalVentAttn_FrOperIns_6-rh,rh,37.42141387129077,4.213974989060351,11.4872019834469,0.14667711638402564,0.038167116571115406,1.0,1096
311,7Networks_RH_SalVentAttn_FrOperIns_7-rh,rh,49.48076854091836,2.962070921519501,4.01449540630413,0.1492235403038252,0.03910188110196906,1.0,1096
312,7Networks_RH_SalVentAttn_FrOperIns_8-rh,rh,52.82435532654224,10.208086172739664,13.132418039148408,0.14378007024507325,0.03958601278881184,1.0,1096
313,7Networks_RH_SalVentAttn_Med_1-rh,rh,7.585728896351961,16.395244640006116,36.34647055067254,0.14487808603436048,0.038999837701450185,1.0,1096
314,7Networks_RH_SalVentAttn_Med_2-rh,rh,7.356912833743144,0.2745236418781872,43.25901147537145,0.14752833650017214,0.03959821867850473,1.0,1096
315,7Networks_RH_SalVentAttn_Med_3-rh,rh,12.931206527275124,-32.72201663002449,41.92644299917271,0.14690290117315563,0.03986879020889335,1.0,1096
316,7Networks_RH_SalVentAttn_Med_4-rh,rh,6.036390720934108,9.63839429282192,53.73862471096758,0.14454072213709915,0.03979294530447868,1.0,1096
317,7Networks_RH_SalVentAttn_Med_5-rh,rh,12.367558380722496,-43.91977046210052,52.13398835494717,0.1424091837465414,0.03986256807012457,1.0,1096
318,7Networks_RH_SalVentAttn_Med_6-rh,rh,11.300935133474844,-32.3369916845251,47.6872664670591,0.15701240345937156,0.04055270759051202,1.0,1096
319,7Networks_RH_SalVentAttn_Med_7-rh,rh,6.491606072125681,-2.784925786840172,65.25174341290437,0.1489320251726855,0.039552822263408914,1.0,1096
320,7Networks_RH_SalVentAttn_Med_8-rh,rh,16.81648499379724,5.63756817630571,66.50696219428112,0.14827012451001637,0.04150529156070437,1.0,1096
321,7Networks_RH_SalVentAttn_PFCl_1-rh,rh,32.15586728276433,39.53848211614935,26.49043172801937,0.14265401884863652,0.04032562898890924,1.0,1096
322,7Networks_RH_SalVentAttn_PrC_1-rh,rh,47.79780671762865,2.2614182842202317,39.861866790194846,0.15455110294950328,0.04002303894354822,1.0,1096
323,7Networks_RH_SalVentAttn_TempOccPar_1-rh,rh,56.839385596949136,-50.53383529395388,8.114580490562524,0.137127465189256,0.03989037394156191,1.0,1096
324,7Networks_RH_SalVentAttn_TempOccPar_2-rh,rh,48.91662306793791,-42.87915146740702,10.04337062687964,0.147041301769559,0.0396687123486858,1.0,1096
325,7Networks_RH_SalVentAttn_TempOccPar_3-rh,rh,58.09814796935924,-44.78331820751239,18.535297371133808,0.14580115229954313,0.03871326090117603,1.0,1096
326,7Networks_RH_SalVentAttn_TempOccPar_4-rh,rh,54.739830735150505,-34.855605098672584,23.026261487589704,0.14146910339451826,0.03917340209390296,1.0,1096
327,7Networks_RH_SalVentAttn_TempOccPar_5-rh,rh,57.69827638294981,-26.170714910608453,25.365206347647494,0.15173534112911047,0.040394282220478195,1.0,1096
328,7Networks_RH_SalVentAttn_TempOccPar_6-rh,rh,59.34533298094891,-32.21774297913004,35.75224575922389,0.15247909840502655,0.03988935390254961,1.0,1096
329,7Networks_RH_SalVentAttn_TempOccPar_7-rh,rh,57.98018251452363,-43.38525100004049,33.54077320859914,0.14894290379486558,0.040737091969809604,1.0,1096
330,7Networks_RH_SomMot_1-rh,rh,54.16707049868234,-3.1325528045209343,-4.817231903234957,0.15284369527915118,0.04029393271833549,1.0,1096
331,7Networks_RH_SomMot_10-rh,rh,40.146711502240336,-30.90476738529288,17.142110249696874,0.14407570057966773,0.03754617643187011,1.0,1096
332,7Networks_RH_SomMot_11-rh,rh,49.124778318940926,-14.59144760785478,14.545440470234732,0.14175839444329805,0.03832080455555966,1.0,1096
333,7Networks_RH_SomMot_12-rh,rh,59.36088851699255,-2.1840281121591505,9.89366909256555,0.14510628351508414,0.036572885200419215,1.0,1096
334,7Networks_RH_SomMot_13-rh,rh,47.57107659748623,-25.19497849016773,17.386464291689347,0.1424250602701802,0.037717050106608134,1.0,1096
335,7Networks_RH_SomMot_14-rh,rh,62.31803682872227,-15.638313655342374,16.307944854668207,0.14144683783622902,0.03829301767818129,1.0,1096
336,7Networks_RH_SomMot_15-rh,rh,59.97977982723352,4.343431564284996,31.272222819472805,0.14430529352116925,0.038238298708425426,1.0,1096
337,7Networks_RH_SomMot_16-rh,rh,55.97383255349066,-8.665662223994998,28.3367738426692,0.1404729926853647,0.03875848703628532,1.0,1096
338,7Networks_RH_SomMot_17-rh,rh,58.6717884288666,-19.05908757287103,32.782994581967664,0.14193740958016257,0.03857224793658186,1.0,1096
339,7Networks_RH_SomMot_18-rh,rh,47.22718268174391,-10.461100134712,36.27267553714606,0.14881175739047275,0.040376643135790646,1.0,1096
340,7Networks_RH_SomMot_19-rh,rh,51.366038976571495,-22.07235040114476,40.97237098522675,0.14066224369973318,0.04180468656776068,1.0,1096
341,7Networks_RH_SomMot_2-rh,rh,62.27627736473283,-24.248087418615007,-1.573212818450381,0.13774939435969807,0.0395503625662101,1.0,1096
342,7Networks_RH_SomMot_20-rh,rh,10.85787755087762,-16.374574887003874,42.29369466047548,0.13774423464175983,0.03960565554406851,1.0,1096
343,7Networks_RH_SomMot_21-rh,rh,49.64813986717754,-15.760309406637786,47.72572051218269,0.1368250575506651,0.03910221564482388,1.0,1096
344,7Networks_RH_SomMot_22-rh,rh,41.20006065468514,-12.802968873091393,46.234237665905376,0.13583855000790837,0.0395264128738811,1.0,1096
345,7Networks_RH_SomMot_23-rh,rh,46.0530230812598,-28.567303431632222,53.83086544379609,0.14131707225283474,0.03887582507431326,1.0,1096
346,7Networks_RH_SomMot_24-rh,rh,7.458931906394709,-9.311182114533056,49.57925182666654,0.1432496232197826,0.0393538141131396,1.0,1096
347,7Networks_RH_SomMot_25-rh,rh,38.75372867638569,-22.786434736007298,51.48008764435423,0.14074012669179006,0.039052418266888024,1.0,1096
348,7Networks_RH_SomMot_26-rh,rh,35.22973374826177,-19.34261807082767,59.3431970309482,0.14011807325300307,0.03874793876648023,1.0,1096
349,7Networks_RH_SomMot_27-rh,rh,31.363481462422143,-36.75099741151538,59.3115878730634,0.1422038350799563,0.04027877286378545,1.0,1096
350,7Networks_RH_SomMot_28-rh,rh,29.776935271342367,-42.28359443751994,58.28797455161895,0.13689269269915674,0.03979023518188899,1.0,1096
351,7Networks_RH_SomMot_29-rh,rh,32.21193271912869,-28.384141826029843,58.18446229538828,0.1427097004128438,0.03872227895693932,1.0,1096
352,7Networks_RH_SomMot_3-rh,rh,53.36903767549354,-18.244371210800782,6.734288401347194,0.14504251468030388,0.03983726165514729,1.0,1096
353,7Networks_RH_SomMot_30-rh,rh,3.981809020042419,-24.704219892187027,56.86575749468263,0.13934687448409944,0.03956093250134241,1.0,1096
354,7Networks_RH_SomMot_31-rh,rh,28.26973286867142,-11.522211138010023,60.640694184303285,0.13883938768622098,0.03885651641363022,1.0,1096
355,7Networks_RH_SomMot_32-rh,rh,8.84448964238402,-41.644575999333306,65.66025912267922,0.1476723722314365,0.03797290442670273,1.0,1096
356,7Networks_RH_SomMot_33-rh,rh,21.113430320995004,-26.097218609210728,60.7053500958978,0.1447737116208149,0.03804147405497306,1.0,1096
357,7Networks_RH_SomMot_34-rh,rh,21.24476136853618,-30.0118748264928,62.39330081939697,0.15290436309529531,0.04028692808281737,1.0,1096
358,7Networks_RH_SomMot_35-rh,rh,21.66870424984756,-36.93358524376748,66.25574120978044,0.15690222628951206,0.04198690311404121,1.0,1096
359,7Networks_RH_SomMot_36-rh,rh,15.91704198134573,-9.38943478747418,66.94574837132504,0.14575377359945713,0.03890171704846672,1.0,1096
360,7Networks_RH_SomMot_37-rh,rh,14.517009213356246,-48.4923494000637,69.88299911475069,0.14402786974281914,0.039992885186328764,1.0,1096
361,7Networks_RH_SomMot_38-rh,rh,4.072558445913775,-24.107531795749917,70.02845520920701,0.14465071538119972,0.03865439339415715,1.0,1096
362,7Networks_RH_SomMot_39-rh,rh,15.58972176316259,-21.862215113010908,70.2278064983926,0.14535480920220592,0.03767277224470535,1.0,1096
363,7Networks_RH_SomMot_4-rh,rh,39.71924394478828,-21.259226856056166,3.87016308458452,0.14485595037753946,0.03684047818495678,1.0,1096
364,7Networks_RH_SomMot_40-rh,rh,10.677242035366314,-34.10032670977853,72.53431116032327,0.1451994269735497,0.0379838728628427,1.0,1096
365,7Networks_RH_SomMot_5-rh,rh,38.31698875996604,-9.508908070735078,13.669518731423278,0.14402841410339418,0.03795682504807149,1.0,1096
366,7Networks_RH_SomMot_6-rh,rh,35.73026431974817,-23.47255503232362,13.909120812963266,0.14212487368141677,0.0378577562138609,1.0,1096
367,7Networks_RH_SomMot_7-rh,rh,60.02697238660839,-27.96783253134113,10.53669749808638,0.14044191921052157,0.038122892391406864,1.0,1096
368,7Networks_RH_SomMot_8-rh,rh,62.91798085915415,-37.91018609937869,9.375149672360797,0.1438865394062695,0.041096062120914455,1.0,1096
369,7Networks_RH_SomMot_9-rh,rh,39.65330003591684,-15.134071417038257,17.82500345156743,0.14169536799880147,0.03893186461246664,1.0,1096
370,7Networks_RH_Vis_1-rh,rh,33.73421924152402,-38.76331486486799,-23.52695965246342,0.1412593748002136,0.03787675695587296,1.0,1096
371,7Networks_RH_Vis_10-rh,rh,42.00011734654484,-85.393584712311,-10.430461916392192,0.14729096378462617,0.039475305717282735,1.0,1096
372,7Networks_RH_Vis_11-rh,rh,9.3143160225989,-73.61334473694656,-5.402652717239465,0.144130856824756,0.03875503071309037,1.0,1096
373,7Networks_RH_Vis_12-rh,rh,11.603607693186133,-56.83899196154295,-3.7746265772944607,0.14526898749467512,0.03930089223166069,1.0,1096
374,7Networks_RH_Vis_13-rh,rh,24.974504228786376,-97.4432663410708,-9.269698006822171,0.1478456898304032,0.04022790771966516,1.0,1096
375,7Networks_RH_Vis_14-rh,rh,17.59583367624755,-46.90128453061922,-2.5144432037822537,0.14468975069539045,0.039590693426447866,1.0,1096
376,7Networks_RH_Vis_15-rh,rh,9.230852150714432,-92.25688443710716,0.04916290388899,0.14375065459212993,0.038445240628063516,1.0,1096
377,7Networks_RH_Vis_16-rh,rh,46.25512828862423,-70.0902906840518,5.295305901964921,0.14243419919346534,0.03979145958765815,1.0,1096
378,7Networks_RH_Vis_17-rh,rh,13.130108099305229,-48.858929297629366,2.5628123190546974,0.14017952185967733,0.038528277826207095,1.0,1096
379,7Networks_RH_Vis_18-rh,rh,32.3130364311509,-88.13911828982219,5.241248358444906,0.1371636279062789,0.03944528915845676,1.0,1096
380,7Networks_RH_Vis_19-rh,rh,10.339547792008158,-73.68011280291343,8.260370245892448,0.1458822929678127,0.03936835533019173,1.0,1096
381,7Networks_RH_Vis_2-rh,rh,32.11541472952472,-35.21119974912049,-16.925132261768,0.13979255237523794,0.04011146806851481,1.0,1096
382,7Networks_RH_Vis_20-rh,rh,22.964381222040803,-62.04981967264376,5.045612511913067,0.14024512894011593,0.04016365988067981,1.0,1096
383,7Networks_RH_Vis_21-rh,rh,22.953943878527312,-98.85429485424145,8.0702184019862,0.15382524148077445,0.04068874849433889,1.0,1096
384,7Networks_RH_Vis_22-rh,rh,40.80733049657356,-80.73856837441477,12.199606854949842,0.1389871936451132,0.03881215567796684,1.0,1096
385,7Networks_RH_Vis_23-rh,rh,12.053622078929484,-93.16523015549988,17.63867736100133,0.1402702011856459,0.039246655787386314,1.0,1096
386,7Networks_RH_Vis_24-rh,rh,16.748238741801334,-67.17483728848971,18.483881677480845,0.14455042372088,0.04011995071484295,1.0,1096
387,7Networks_RH_Vis_25-rh,rh,3.802205753045451,-80.82202438714127,21.99782957532992,0.1382347610109944,0.039521872443984786,1.0,1096
388,7Networks_RH_Vis_26-rh,rh,25.90658140854097,-85.26218314909599,18.995517891897283,0.13951397270169066,0.03887596596397722,1.0,1096
389,7Networks_RH_Vis_27-rh,rh,32.80195320238213,-77.03491728430505,22.98504142338047,0.13885238629426103,0.03924321072401347,1.0,1096
390,7Networks_RH_Vis_28-rh,rh,14.670695726346162,-77.49335751291049,32.26194643246925,0.14335959134380885,0.0397621939400422,1.0,1096
391,7Networks_RH_Vis_29-rh,rh,16.143456727149132,-86.62943916770764,35.24504573317061,0.14645494908724474,0.03758902194667988,1.0,1096
392,7Networks_RH_Vis_3-rh,rh,34.348148072284204,-56.77809410095215,-19.407818172288977,0.15511724466764515,0.03972327883464746,1.0,1096
393,7Networks_RH_Vis_30-rh,rh,26.223940292994182,-74.16139449013605,34.68717503106153,0.14710898270082312,0.03832547087861095,1.0,1096
394,7Networks_RH_Vis_4-rh,rh,35.16700399588354,-74.64857728140694,-15.22465385117146,0.14208551382802503,0.03779142527014586,1.0,1096
395,7Networks_RH_Vis_5-rh,rh,27.712463258849787,-53.399379567567465,-9.545823355737676,0.14270400428057797,0.03762329256977761,1.0,1096
396,7Networks_RH_Vis_6-rh,rh,23.59006001016368,-73.18717395533686,-10.34537283130314,0.1467187174115334,0.038157686022765556,1.0,1096
397,7Networks_RH_Vis_7-rh,rh,18.001350845446428,-37.05780879390296,-10.671143614504324,0.1488449532382653,0.03904080182200825,1.0,1096
398,7Networks_RH_Vis_8-rh,rh,20.84336173317649,-88.07011144464666,-11.322577492107044,0.14477200220550682,0.03818519229567656,1.0,1096
399,7Networks_RH_Vis_9-rh,rh,47.3416371365811,-67.99293328549,-7.595575102717007,0.14588376013707346,0.03893096201056125,1.0,1096
