parcel_idx,x,y,z,tau_fmri,spectral_exp,alff,falff,rho_fmri,n_subjects
1,-32.16138328530259,-41.44092219020173,-21.048991354466857,4.975438694248621,1.053778097212349,3.5133025623350647,0.8953307304086559,0.5623222646635392,68
2,-30.061176470588236,-32.550588235294114,-18.04705882352941,4.879614871736623,0.9354804584813072,3.4937421514635405,0.8957376013800185,0.564571556973836,68
3,-35.36569579288026,-62.032362459546924,-17.055016181229774,4.565863861467492,0.5426647267294652,3.2622922186795855,0.8419158785572213,0.5864837515733857,68
4,-24.518703241895267,-54.45386533665835,-8.249376558603494,5.245182371281322,1.0726211704135944,3.423570409193362,0.899490812718715,0.5569971292113778,68
5,-23.36150234741784,-72.67136150234742,-10.305164319248824,4.826010104778317,0.7391662551748355,3.366523223185888,0.8611921490392677,0.5788679924628211,68
6,-36.41456582633053,-81.38935574229691,-15.966386554621849,4.359203310122402,0.3076139074386617,3.2783978560483273,0.8266808475667213,0.5962305633984644,68
7,-18.612021857923494,-37.2896174863388,-11.770491803278688,4.967683260085904,0.8597984121852601,3.441982800374629,0.881809680557774,0.5682702189852452,68
8,-45.15973741794312,-70.04814004376368,-8.301969365426693,4.33964889596015,0.3497329084776807,3.303586616749323,0.836447208103183,0.5957612364327798,68
9,-16.950000000000003,-86.3875,-14.987499999999997,4.6200602212883695,0.5551805294455066,3.3467732375861776,0.8493394388792876,0.5893174403371185,68
10,-12.168582375478934,-61.18773946360153,-4.727969348659002,5.117132527462452,1.0336815518243219,3.438110605060458,0.8969757033609862,0.560426506882251,68
11,-6.727272727272734,-75.76623376623377,-5.733766233766232,4.829115584732048,0.7281764193257907,3.319041393820604,0.8620691554359243,0.5778385379561746,68
12,-24.406779661016955,-96.74576271186442,-11.92467043314501,4.314393786580429,0.4127674182702565,3.360854765350365,0.8371163671612342,0.591979385665258,68
13,-13.445378151260499,-42.94117647058823,-5.445378151260499,5.024643759375382,0.9174938167318707,3.4714747138559514,0.8920846616755745,0.5639518689651185,68
14,-41.553846153846166,-86.43076923076923,-3.2564102564102626,4.111038746838628,0.29579807182790013,3.337282806477494,0.831036097574842,0.5983742154536895,68
15,-7.437984496124031,-97.31007751937985,-7.244186046511629,4.401908868604667,0.4466766858613454,3.321731867889136,0.8342339168073025,0.5920596959321437,68
16,-14.103092783505161,-56.85567010309278,1.3402061855670127,5.119859215558538,1.0401905615497014,3.4192938123317718,0.904203193540562,0.5583383863775131,68
17,-46.14953271028037,-73.07476635514018,6.135514018691595,4.203537196405054,0.23958942058537172,3.28547056282648,0.82556908170696,0.5970144958766204,68
18,-4.633093525179859,-88.41247002398082,1.7553956834532443,4.534003589141952,0.5187716671773932,3.3412226661140387,0.8454286656458986,0.5904906181782754,68
19,-24.431239388794566,-95.87436332767402,5.925297113752123,4.224528502754491,0.3176812359878183,3.3333888765946718,0.8288237144901962,0.5968200782972785,68
20,-13.533333333333331,-48.88333333333334,3.9833333333333343,4.979721796960536,0.9171204531048173,3.444667857090719,0.9015242548333052,0.5632702179548122,68
21,-7.372549019607845,-74.21350762527233,9.51633986928104,5.070195324535078,0.915227291023664,3.3892996229391903,0.8885646975598034,0.5636544298924506,68
22,-18.886178861788622,-64.21951219512195,6.975609756097555,5.188791845058815,1.0591114285002063,3.4324003488729455,0.9096416987938707,0.5555662745260241,68
23,-39.415492957746466,-83.74647887323944,14.140845070422529,4.155622368506832,0.25749807998602625,3.3026453765900623,0.8333073146040259,0.599889922539258,68
24,-10.913043478260875,-96.53846153846155,17.163879598662206,4.346643469650514,0.38210675754224815,3.3622174174142416,0.8452150113349047,0.5934630176226419,68
25,-2.9635974304068498,-84.18415417558887,24.50107066381156,4.580394556340802,0.6338124004728272,3.3615788995451337,0.8589985986249274,0.581472560097069,68
26,-12.198630136986296,-71.04109589041096,20.472602739726028,5.152257323703408,1.0115195009854572,3.4290303964391082,0.9032105933164751,0.5593424147131375,68
27,-24.914772727272734,-84.6534090909091,21.903409090909093,4.230514285474271,0.3437508250095065,3.303069401223899,0.8254680167742764,0.5968695223575516,68
28,-31.809954751131215,-84.12669683257919,27.031674208144793,4.09794521406953,0.16805205225812841,3.3168466852890885,0.8230164429256995,0.5995383123859055,68
29,-16.006211180124225,-88.98136645962734,33.58385093167702,4.143651226647158,0.2620654607417696,3.3225835402532025,0.8226985641793603,0.5973515815803533,68
30,-12.031999999999996,-80.832,35.952,4.260839372401256,0.3441062468502922,3.2983718811957057,0.8285379940556549,0.5968324054155992,68
31,-21.235521235521233,-78.58687258687259,44.6949806949807,4.113412864390585,0.23386732943856844,3.3165496317907888,0.8176151003479681,0.6002289812977106,68
32,-49.79591836734693,-9.775510204081627,0.45408163265305745,5.1791562941027545,1.0983782713303845,3.5079601302354044,0.9080396335314896,0.5609814196135402,68
33,-55.94285714285715,-21.35918367346939,7.70204081632653,5.227360318902122,1.1814486879122388,3.5374674320811117,0.915335552847567,0.5577522073407339,68
34,-36.09271523178808,-24.066225165562912,9.867549668874176,4.53373059593619,0.6294106102754968,3.5203993901239197,0.8871887083381892,0.5801618604149427,68
35,-38.30830039525691,-9.13833992094861,12.77470355731225,4.500604407813859,0.5893281576204147,3.441222759013393,0.8897362598520713,0.5830310934928596,68
36,-35.662790697674424,-26.29069767441861,18.930232558139537,4.682594664184593,0.8035952179012759,3.4737717501619176,0.9009607511547975,0.5765785625880104,68
37,-58.59016393442624,-37.00327868852459,15.67213114754098,4.994236483906327,0.8969207099054533,3.389138104738142,0.8822819737271788,0.5709926274452446,68
38,-41.14285714285714,-34.94581280788178,14.266009852216754,5.165042997676435,1.110077975571401,3.498512498453436,0.9050727929986426,0.5580838601811554,68
39,-48.686192468619254,-12.887029288702934,14.158995815899587,4.991258963907906,1.0574271779877285,3.523185147825135,0.9055428040924477,0.5662293726534529,68
40,-59.551724137931046,-2.3448275862068897,11.267241379310349,5.049546237693511,1.0543296802450643,3.4742642748253587,0.8965571583983474,0.5634785551373038,68
41,-48.11538461538461,-24.15384615384616,17.82692307692308,5.092132459001322,1.0832379661654392,3.548126479033219,0.9056700891580091,0.5626369499414668,68
42,-60.92385786802029,-17.492385786802032,19.461928934010146,5.041310626846112,0.9867413738393996,3.4310218526751477,0.886167223363775,0.5681353082443004,68
43,-59.23549488054607,-2.232081911262796,23.74744027303754,5.382676294925409,1.0715002058889957,3.378253957477252,0.8931077807508476,0.561172718587013,68
44,-62.4321608040201,-10.291457286432163,31.165829145728637,5.203163872757447,0.991011144909369,3.4340113086698945,0.89512248042432,0.566023778817431,68
45,-53.22279792746113,-8.974093264248708,30.0,5.302565629778478,1.078587587308201,3.419384373801168,0.8972954761991305,0.5612104889063445,68
46,-54.83422459893049,-19.807486631016047,40.705882352941174,5.247566587810767,1.0984260874243823,3.5101619331229594,0.9042436637447645,0.561434108586308,68
47,-50.88079470198676,-6.814569536423846,43.11258278145695,5.312453513974718,1.096644902993644,3.444074591796569,0.8999505497864174,0.5601966353327247,68
48,-47.98830409356725,-16.292397660818708,40.18713450292398,5.005999266374106,0.9986409968763229,3.484209626430452,0.8962371683906815,0.5661404928618526,68
49,-7.874213836477992,-15.289308176100633,46.89937106918239,5.191952385579235,1.1285312220250596,3.501481380614959,0.9095168893027602,0.5568691166898431,68
50,-40.984771573604064,-14.345177664974614,47.97969543147208,5.038451237844751,0.9568257258658432,3.3962168200586795,0.8892881616116517,0.5679607185719702,68
51,-48.71428571428572,-17.38095238095238,54.2,5.240351530501725,1.1028779173849361,3.5130883364122645,0.9000548338930925,0.5614305073996515,68
52,-47.30459770114942,-29.591954022988503,58.19540229885058,5.121681385072538,1.038663275648973,3.479355094785938,0.8934231516983345,0.5653998709034701,68
53,-39.184,-24.784000000000006,52.879999999999995,5.189137242524429,1.0282575516755565,3.460043537808556,0.8966845930030788,0.5633969056182506,68
54,-8.59420289855072,-37.53623188405797,53.53623188405797,5.157621157420041,1.1015516141222286,3.506821261598206,0.9070015231218851,0.5581963646686355,68
55,-4.299065420560751,-24.785046728971963,56.19626168224298,5.289409886188835,1.1200467990515202,3.441501595167101,0.9064964408387169,0.557249943541604,68
56,-3.898916967509024,-8.628158844765338,59.09747292418771,5.327056777180564,1.0909007197141167,3.3716465903256414,0.8975787795391128,0.5578728206497932,68
57,-34.51680672268908,-18.277310924369743,63.64285714285714,5.637313609783109,1.1405660625411975,3.320405028920799,0.9013555837328748,0.5554869712147241,68
58,-30.15789473684211,-46.29824561403508,62.71345029239765,5.215508095254672,0.9578998320158691,3.3227113264910297,0.8836854309172707,0.5644655204180307,68
59,-32.0530303030303,-28.939393939393938,62.151515151515156,5.4105955111672825,1.043552537398462,3.3624725022952333,0.895749357863568,0.5599076431612962,68
60,-29.821561338289968,-38.25278810408922,64.84758364312268,5.489196997369117,1.1224359242084003,3.4083925768508863,0.8956728968261182,0.5583414169046166,68
61,-23.520215633423177,-10.700808625336933,64.88948787061994,5.31033533713775,0.9976767328928081,3.3285337412328095,0.8985606386665982,0.5611761381021082,68
62,-19.27407407407408,-24.251851851851853,66.47407407407408,5.373532574545165,0.9879130803653946,3.366559932546221,0.8929108750992443,0.565314676422002,68
63,-8.40425531914893,-41.65957446808511,70.18439716312056,5.0020426123871715,0.9152395754281409,3.377698759553465,0.8827117339208806,0.564655191126441,68
64,-4.02873563218391,-25.741379310344826,68.56896551724137,5.2336169351819795,1.0825598679882666,3.41400191126741,0.9053118342335997,0.556105165550857,68
65,-14.224215246636774,-11.228699551569505,72.2152466367713,5.363955902035913,0.9886906884012788,3.305056176600413,0.8958022004886442,0.5618032643308756,68
66,-18.456521739130437,-30.985507246376812,68.70289855072463,5.570227195212334,1.1469123626361233,3.349196590474289,0.8967293825764908,0.5569599609264286,68
67,-19.00769230769231,-39.98461538461538,71.76153846153846,5.148850695862614,0.9304324696492943,3.3724532507080554,0.8900755988176093,0.5654829389982892,68
68,-11.857142857142861,-26.76785714285714,73.26785714285714,5.258115864081092,1.0255711644014633,3.3594144896502542,0.8911769882450066,0.5616295556034485,68
69,-44.94214876033058,-42.29752066115702,-21.294765840220386,4.80967867493346,0.7452414859286216,3.384162090603393,0.8648250655367028,0.5794080168277344,68
70,-48.72222222222223,-55.66666666666667,-15.54248366013072,4.285664837501645,0.3603093007787682,3.311551811169231,0.8336595942404417,0.5952346493084434,68
71,-55.10088495575221,-61.68495575221239,-0.6796460176991133,4.136624876360901,0.22191076096335532,3.2884125072465915,0.8311969619657903,0.6002062122975123,68
72,-47.87428571428572,-65.33714285714285,14.925714285714292,4.286584600741531,0.3628091309901336,3.2907548200380337,0.8402669059681166,0.5954151636006413,68
73,-26.379746835443044,-70.12658227848101,30.405063291139243,4.576130190463894,0.5413989454148487,3.3079406058861935,0.8527292261137344,0.5814983328000551,68
74,-54.8116883116883,-31.298701298701303,44.40909090909091,5.161024612703409,1.0507963404193037,3.4829408670352358,0.8980591360276704,0.5639945391068198,68
75,-22.72,-65.512,46.42400000000001,4.624828001383099,0.6194983195096191,3.3164379227215015,0.8630754250028763,0.5814317591148115,68
76,-46.2415458937198,-29.101449275362313,43.78743961352657,5.235005726459955,1.11369233747406,3.498587729464571,0.9042194259514026,0.5585138704769699,68
77,-33.113725490196074,-46.49411764705883,40.87058823529412,5.6156808979088435,1.2667327685325065,3.44678602399624,0.9113719689648173,0.5528853742589667,68
78,-28.721518987341767,-58.037974683544306,50.56962025316456,5.056031397898843,0.9515906945864794,3.410929935366736,0.8903388513541087,0.5682430900929527,68
79,-38.968421052631584,-37.53684210526316,49.77543859649123,5.429924548999858,1.2534276280911198,3.565904790269102,0.9129633552507437,0.5532633122123789,68
80,-35.85645933014354,-51.827751196172244,56.02870813397129,4.986876098140356,0.8469727445148116,3.4098261732545483,0.872887704596524,0.5724888057815365,68
81,-14.918781725888323,-71.13197969543148,57.03553299492387,4.272463272109384,0.33601908934763697,3.3049177913212255,0.8325055153461222,0.5948000679074025,68
82,-28.211538461538467,-61.19230769230769,62.326923076923066,4.308572217109676,0.3557771003695909,3.3320292155434896,0.831699494357642,0.5954645275586279,68
83,-7.393728222996515,-58.46689895470384,63.12891986062718,4.654206582069549,0.6149846191464725,3.393593893767773,0.8577572811157297,0.5814811695451283,68
84,-19.710914454277287,-56.48377581120944,66.2772861356932,4.5585950256531005,0.5512863181266644,3.2922267884492546,0.8450037719871029,0.5859785368714614,68
85,-12.939130434782612,-50.59130434782608,71.58260869565217,4.445280865584529,0.4676657639336918,3.3136455227112505,0.8366802488646903,0.5905651686551826,68
86,-40.33009708737865,-2.3430420711974165,51.26860841423948,5.0890214037083945,0.983020876603104,3.4454928638933335,0.8983489779002392,0.5647712257508383,68
87,-25.723163841807903,-0.47457627118643586,55.158192090395474,4.697475771686838,0.7711592447911282,3.4447490331474144,0.888511734906103,0.5732127787857705,68
88,-30.021390374331546,-8.021390374331546,51.71122994652407,4.845933637394752,0.8946415196829549,3.4749961446229665,0.8875006650844357,0.5712709547570999,68
89,-21.214750542299356,5.149674620390442,64.02169197396964,4.985070251079513,0.8636546029004126,3.4065180851239845,0.8944138864618261,0.5665557278757394,68
90,-49.44736842105263,6.03947368421052,25.618421052631575,5.238307489091471,1.0054919113508292,3.367695912984943,0.8961362250927131,0.5634796174778292,68
91,-49.96981132075473,2.633962264150938,37.97735849056603,5.0964417599913245,0.9880722026945877,3.460580334871551,0.8955282973013583,0.5660549855250576,68
92,-54.63959390862945,-31.974619289340097,22.223350253807112,5.287121332828295,1.1265832896933141,3.443320259606224,0.9075728135334684,0.5594738857744603,68
93,-58.00714285714287,-44.192857142857136,27.307142857142864,4.5056994288505905,0.49125142740360844,3.3856704909203397,0.8566652166118947,0.5860088079112672,68
94,-61.354368932038824,-23.262135922330103,32.76699029126213,5.136356947655853,0.9881628248379545,3.4434060846735886,0.8912547441913754,0.5677641172180875,68
95,-61.16438356164383,-36.07534246575342,33.31506849315069,4.6831308231075255,0.6763583419273738,3.38579691363544,0.8675455428784876,0.5825134052779954,68
96,-56.61325966850828,-53.70718232044199,9.988950276243088,4.501207813771588,0.52076908115874,3.3032680053784063,0.8412627035848886,0.5866910274995631,68
97,-44.17910447761193,5.298507462686558,-16.21641791044776,4.789545827347431,0.7089624626244627,3.380322126953651,0.860698814017298,0.5835688072957054,68
98,-38.73596673596674,1.92515592515592,-4.615384615384613,4.776051386620161,0.7845468477736914,3.4554028947603115,0.8851681909238901,0.5801578682537984,68
99,-32.908212560386474,24.57004830917873,-0.8405797101449224,4.572039233341766,0.6443092257813482,3.3245632727028305,0.8763386703241632,0.584141122486784,68
100,-39.7913043478261,-14.365217391304341,-1.7478260869565219,4.923362074852886,0.857540759683833,3.4477885121518033,0.8847801015012857,0.5709738346277381,68
101,-32.988142292490124,19.162055335968375,8.158102766798422,4.539796049865446,0.6533620451809714,3.3367185150124694,0.8710637074873846,0.582239628233396,68
102,-36.48175182481752,4.394160583941613,10.68613138686132,4.350232899099951,0.47571747026479455,3.391709575610353,0.8733410618309073,0.5887078409992,68
103,-43.34969325153375,11.926380368098165,2.2944785276073674,4.631648020896169,0.6301552683235393,3.3852903803689554,0.8636523968608449,0.5840560814538899,68
104,-50.478764478764475,1.4980694980694977,4.355212355212359,5.0367386690865645,1.0584423901592548,3.5406741504201964,0.9057625447748036,0.56489032761449,68
105,-52.074074074074076,8.666666666666657,13.345679012345684,5.112594892584918,0.9829245009439401,3.4044396575766855,0.890483712272886,0.5660084030700493,68
106,-28.941176470588232,43.30365659777425,29.545310015898252,4.742889878024732,0.7989044181444552,3.4491820458228415,0.8852453823425588,0.5724050956512701,68
107,-5.9537275064267305,21.80462724935734,31.136246786632384,5.356320606382062,0.5916559354129223,3.0542188233718304,0.8720528154372894,0.5759324471671559,68
108,-6.493702770780857,0.8060453400503746,40.54911838790932,4.999162218309162,0.9204113822886787,3.43288989887473,0.9018258081621537,0.56506052576516,68
109,-10.99638989169675,-27.37906137184116,41.12635379061372,5.096476403454982,1.0973825442360312,3.584865494219655,0.9112718728894637,0.5578157601952217,68
110,-5.310704960835508,9.300261096605738,48.38120104438643,5.069268683139808,0.9398329779522395,3.4098983094300066,0.8933071406974404,0.5651531554110802,68
111,-12.57309941520468,-41.45029239766082,47.30994152046783,5.095315607820057,1.0357705874208467,3.4334824050851016,0.9080022531591718,0.559306063328858,68
112,-5.844961240310084,-49.116279069767444,57.01550387596899,5.15332835687446,1.055795261339851,3.3849335427224703,0.8938456848313858,0.5593639322625906,68
113,-8.485436893203882,-2.679611650485441,70.90291262135923,5.292916167719489,1.0320960180826253,3.374753753011314,0.8973989829887724,0.5619398018630314,68
114,-12.370860927152322,24.264900662251648,-20.456953642384107,4.467521744029632,0.3489555835836642,3.2518427392857774,0.8285356286034583,0.5952861718637904,68
115,-23.5645472061657,22.42389210019269,-19.69556840077071,4.602519119082063,0.5308111460492775,3.2609949151583675,0.8511563068029561,0.5886937334610054,68
116,-10.587479935794548,47.32263242375603,-21.335473515248793,4.266799969672063,0.3802605907110095,3.325023502658034,0.8302832816911286,0.5961326049257014,68
117,-3.9061728395061692,23.3432098765432,-18.874074074074073,4.360562259139236,0.4319449875834632,3.3596970427130355,0.8384840891073072,0.5926359126908549,68
118,-15.441758241758237,64.34725274725275,-8.470329670329669,5.076619309796721,0.9254705525881672,3.3888061657169817,0.8788958034583874,0.5722916576664161,68
119,-37.44701986754967,-5.460264900662253,-42.33443708609272,4.65492651985024,0.6733486613023872,3.321587122928132,0.8641576342015223,0.5852655830422708,68
120,-25.1328320802005,5.809523809523796,-38.285714285714285,4.535759334670157,0.541147056273946,3.301770757933776,0.85545477147179,0.5833904209555127,68
121,-25.638036809815958,-8.969325153374228,-32.576687116564415,4.785700269714714,0.7702052261299469,3.4038226784371157,0.872314084105936,0.5764435170948828,68
122,-53.84516129032258,-21.380645161290317,-31.427956989247313,4.639466168350535,0.5831460080594181,3.33731892582499,0.8491158464783976,0.5856867081923154,68
123,-40.101010101010104,-21.848484848484844,-26.575757575757578,5.005977230153135,0.9873335073365763,3.5297179113152293,0.8940306640317502,0.5653551900342888,68
124,-43.29442282749676,12.933852140077818,-33.32555123216602,4.368412235143536,0.4316095643196153,3.317326943739435,0.8344068459568488,0.5936836514991184,68
125,-31.47099767981439,11.494199535962878,-29.415313225058007,4.438319248201788,0.42640410242656157,3.330730372039501,0.8483919398889384,0.5896344997355198,68
126,-21.044334975369452,-20.689655172413794,-25.61576354679803,4.743348350459989,0.6807146321093454,3.4498963674301097,0.8715548995521201,0.5798588967381517,68
127,-28.807272727272732,-74.18909090909091,42.29818181818182,4.181504158697496,0.24897304585846114,3.3188881185626165,0.8235086024119523,0.5979771660238429,68
128,-58.321608040201,-41.59798994974874,45.55778894472361,4.323238681456737,0.35649552126509615,3.3210738474029387,0.8284476929168252,0.5958855496480743,68
129,-53.21794871794873,-49.61538461538461,44.82051282051282,4.363835938128996,0.41224387607046575,3.3851046873096653,0.8388032524775983,0.5924614111715345,68
130,-34.42011834319527,-62.10059171597633,47.88165680473372,4.861200329407906,0.7759921509493805,3.408060739507814,0.8754422416980211,0.5754842563572469,68
131,-42.102564102564116,-52.17948717948718,48.641025641025635,4.946368044727403,0.7724925170325837,3.374993461783108,0.8661153322011693,0.5753136330859518,68
132,-44.991044776119395,-41.343283582089555,46.74029850746268,5.348633357265961,1.1818517103618686,3.525951204751145,0.9096469210370772,0.5571060578759774,68
133,-60.484693877551024,-48.86734693877551,-9.73979591836735,4.275728091392167,0.25855290327560776,3.2497513697294638,0.8219310698337535,0.5993641215309512,68
134,-27.05202312138728,49.28323699421966,-13.739884393063583,4.934487196473564,0.7482950597278338,3.379082354670513,0.8662333315776243,0.5795731985855461,68
135,-41.88550983899822,49.116279069767444,-6.504472271914139,5.063748206422768,0.9038096294693365,3.345649312906371,0.8792639781893306,0.5731878029550678,68
136,-47.87335092348286,35.05540897097626,10.474934036939317,5.134949677301408,0.9418458842068589,3.3742700387549895,0.8838865403689322,0.5685244943300702,68
137,-38.19166666666666,49.05000000000001,11.00833333333334,5.113317436490996,0.853103096667144,3.3621937156576593,0.8784923559631739,0.5707142998128971,68
138,-27.594936708860757,56.810126582278485,12.956962025316457,4.8174492759625265,0.8068241186707182,3.461901297054494,0.8891034932745036,0.573923811123072,68
139,-41.609403254972875,37.66003616636527,21.89150090415913,5.258715800088731,1.078407593066527,3.451467168539333,0.8955658083532391,0.5626790813778116,68
140,-44.371584699453564,20.21311475409837,27.23770491803279,5.144912791936673,1.0007141423751416,3.415518064586407,0.8968127506519866,0.5631470998516628,68
141,-39.173553719008254,7.396694214876021,33.46280991735537,4.782247510373834,0.7656242738672583,3.3838498969226096,0.8784884564700305,0.573816798395519,68
142,-35.90954773869346,31.9748743718593,38.53768844221105,4.914554870145399,0.9180608271030316,3.494611444431347,0.8991286530740579,0.5693534044831138,68
143,-33.392405063291136,16.468354430379748,-8.34177215189873,4.738168924724662,0.6504792425413478,3.3111759339512297,0.8516133035714774,0.5846025259488086,68
144,-9.07352941176471,-77.08088235294117,45.330882352941174,4.2758838619595565,0.32498412866781357,3.306070469467611,0.8313968334646267,0.5944103182793702,68
145,-4.955555555555549,-63.837037037037035,51.970370370370375,4.855872485500932,0.823343026056737,3.38661141674047,0.8825888217634751,0.569248491101224,68
146,-3.3013698630137043,6.3835616438356055,28.534246575342465,4.7169906418959835,0.7848613698677775,3.3741012893226676,0.8955179755986087,0.5726901839312613,68
147,-4.063999999999993,-21.695999999999998,28.944000000000003,5.268892709918004,1.2707469427547409,3.603242243352691,0.9146215405973583,0.5524596465816031,68
148,-3.7149122807017534,28.070175438596493,47.118421052631575,5.326894178157524,0.9272726682404746,3.3301515156750146,0.8899004806163546,0.5657783702753968,68
149,-53.94862385321102,-1.6366972477064223,-29.343119266055048,4.563934625119044,0.5619717414860531,3.33450885836189,0.8397847596104877,0.5867800782067973,68
150,-61.53881278538813,-17.593607305936075,-20.470319634703195,4.497578332713094,0.5230696983953582,3.374232287189294,0.848173825684562,0.5860741860530668,68
151,-60.17712177121771,-36.37638376383764,-18.140221402214024,4.254080640654759,0.3614335286012472,3.3261842799037944,0.8311282652738449,0.5961819965433035,68
152,-57.0059171597633,-8.911242603550292,-13.869822485207102,4.987149289352182,0.8451428369141827,3.3887694827865533,0.8697442978252815,0.5747826313428654,68
153,-52.756380510440835,6.19025522041764,-11.554524361948957,5.061896036482238,0.9320981810990221,3.4631588960946225,0.8810759573907241,0.5718605009016114,68
154,-60.62015503875969,-34.70930232558139,-3.1744186046511658,4.7480900712503225,0.7362512071774343,3.3672605864119443,0.8689320232788246,0.575445808496477,68
155,-52.42677824267781,-22.56903765690376,-5.205020920502093,5.230744116001084,1.1724623845756315,3.493385373897916,0.9069064769009269,0.5614192873496212,68
156,-60.51982378854626,-12.572687224669608,-2.7136563876651962,5.016447774132587,0.9702388813335183,3.4180819564659726,0.8841517058577845,0.5705701182716514,68
157,-61.712500000000006,-31.912499999999994,4.956249999999997,4.912024379979987,0.7814695691267282,3.337563296989521,0.8685753380428954,0.5757355535522601,68
158,-52.642570281124506,-42.979919678714865,5.100401606425706,4.843229498387386,0.7735179380191978,3.3293807230387427,0.8636732061699236,0.5763751685631888,68
159,-58.535433070866134,-48.95275590551181,16.212598425196845,4.601980475393323,0.5419359850308068,3.3163244835683985,0.8557977681991169,0.5857251687241516,68
160,-45.74917491749176,-58.97029702970298,21.06270627062706,4.790248870801283,0.7791781840988555,3.333463474620043,0.874767434483213,0.578296836372988,68
161,-40.36923076923077,-78.54945054945054,30.22417582417583,4.134480614602808,0.2526827026424872,3.3223421683841727,0.8256304738384334,0.5989562587980085,68
162,-47.348017621145374,-63.559471365638764,31.308370044052865,4.3519186385144915,0.3878262044496581,3.3207100295885765,0.8370835666732832,0.5923428441600326,68
163,-56.54691689008044,-54.56300268096514,29.66756032171581,4.160759895001368,0.28117518024359933,3.3374051754484113,0.8246040727384004,0.596101271715748,68
164,-41.36017897091722,-72.02237136465325,43.32885906040268,4.14980131622256,0.25851940940555374,3.3071480102715793,0.8285206631443542,0.5977918128148467,68
165,-48.94078947368422,-59.53289473684211,46.940789473684205,4.226435971672773,0.2671299749292584,3.2825499403738876,0.8196089058207017,0.5994741209384218,68
166,-35.63895486935867,22.308788598574836,-15.486935866983373,4.970935362260388,0.7800649252196183,3.3481899783222713,0.8730367523218109,0.5811595543730356,68
167,-35.9047619047619,36.85714285714286,-12.961038961038959,4.542698092560175,0.6343944164449221,3.4091055140238997,0.8598591890148687,0.5865447366677676,68
168,-4.726775956284158,55.05464480874318,-10.131147540983605,5.105674780453568,0.9089985684469972,3.3963179606010043,0.8774854396549655,0.5750425351532426,68
169,-5.943965517241381,34.91810344827587,-8.762931034482762,4.66664450839182,0.46953114045177613,3.286626539289316,0.8391742941175422,0.591141101359625,68
170,-46.18181818181819,31.55485893416929,-10.263322884012538,4.972344343948272,0.8696377485715727,3.4227177133031867,0.8820845752950419,0.5753387148084554,68
171,-27.99363057324841,58.35668789808918,-0.7261146496815343,5.143180076486548,1.0062187111566347,3.4248981158910667,0.8949411611656151,0.5679920237939413,68
172,-47.71428571428572,28.306878306878303,0.48148148148148096,4.947362418798629,0.9094428815414075,3.440563730110147,0.8841071926639026,0.5714287353078388,68
173,-6.377952755905511,59.21259842519686,6.472440944881896,5.232560073078448,0.9798413985688219,3.431554250465854,0.8867338098264875,0.5699991037968037,68
174,-6.131782945736433,44.73255813953489,5.883720930232556,5.150015742148897,0.9552564290057802,3.422283243180068,0.8823768738057836,0.5723841019608295,68
175,-52.964705882352945,19.22745098039215,11.48627450980392,5.303590838513735,1.1026387972348841,3.3655563578129013,0.8938545553864277,0.5615396677188447,68
176,-16.05405405405405,67.02702702702703,8.354354354354356,5.141324636613351,1.082922486806311,3.4937351350807737,0.9043903620580016,0.5666292289450867,68
177,-5.436123348017617,33.700440528634374,20.431718061674005,5.0825286202534485,0.6558074740400757,3.1738409591355454,0.8865675248902927,0.5732175191735474,68
178,-4.223039215686271,51.350490196078425,27.931372549019613,5.615521829116002,0.8546448878604893,3.18973865892459,0.8897519848867733,0.5699350338571727,68
179,-13.783439490445858,57.47346072186838,30.900212314225058,4.687782433258427,0.664776960938711,3.4238769013251833,0.9036253213120707,0.5792674875043389,68
180,-21.870669745958423,50.23556581986142,31.302540415704385,4.390651280790214,0.4160603298804157,3.4286689702533613,0.8949944961807939,0.5853167942959695,68
181,-24.78102189781022,28.25547445255475,43.48175182481752,4.267882159807563,0.38303865371342255,3.4236138019559545,0.8784841909340662,0.5884507340740494,68
182,-41.261363636363626,18.950757575757564,47.78409090909091,5.080319166847866,1.0515161654054384,3.4958782630245637,0.9057764533401035,0.5596499139806393,68
183,-7.913419913419915,42.709956709956714,51.22077922077922,4.951039839775437,0.9743619209341087,3.509272030210351,0.9015564714128789,0.5663412463223072,68
184,-18.403100775193792,35.844961240310084,48.14728682170542,4.442876166531424,0.4304513999171852,3.4208766146851834,0.8798361648522708,0.5849399311723077,68
185,-41.62135922330097,7.092233009708735,48.57766990291262,5.013563321444556,0.994716900572337,3.4557783650623506,0.8977984275462295,0.5631241549033913,68
186,-29.936395759717314,13.611307420494711,57.18021201413427,4.852171304801637,0.875784523246988,3.4356913204588557,0.8913753506596958,0.569902736515473,68
187,-22.3671875,19.4453125,51.8046875,4.527502623401291,0.6008428146038465,3.4369769224839803,0.8865380607744403,0.5817686303355802,68
188,-12.544502617801044,24.18324607329842,61.09947643979058,5.0115459654496535,0.986354405803565,3.4493488955725793,0.9029359571246651,0.5657732736673884,68
189,-6.517985611510795,10.422062350119916,64.40287769784172,5.220504288769408,1.04799294480995,3.4339348406745267,0.9032962400471598,0.5581791989394155,68
190,-7.975903614457835,-51.903614457831324,9.228915662650607,5.1776823042182345,1.0819155879671982,3.453233614272901,0.9081559642361718,0.5567972704137538,68
191,-13.010989010989007,-60.65201465201466,18.578754578754584,5.172438053463599,1.0993097404449017,3.468074466255583,0.9122684434152443,0.5542818550722843,68
192,-4.16143497757848,-53.35426008968609,20.18834080717488,5.039148700350273,0.9957193480465953,3.400056471200056,0.8966437314677783,0.557830737651186,68
193,-5.68539325842697,-40.561797752808985,23.258426966292134,5.047723143389959,1.0231927215015997,3.507620961180714,0.8986869569174095,0.5609912716209233,68
194,-10.306451612903231,-69.57258064516128,31.314516129032256,5.031995603713246,0.9028513802280256,3.3534898192066107,0.8853616156846702,0.5644377886538644,68
195,-5.32963988919667,-60.18836565096953,30.060941828254855,5.065856487438803,1.0301506670483502,3.444335952662463,0.9010093434550027,0.5576750291137733,68
196,-7.443548387096769,-44.322580645161295,32.016129032258064,5.204412017258085,1.1007147925871525,3.4818169659540246,0.9086438639406684,0.5557986839847575,68
197,-3.9568965517241423,-33.88793103448276,37.75,5.246005801168704,1.2616986513431963,3.618785563949322,0.916629301656613,0.5511336051055636,68
198,-2.58536585365853,-15.541463414634151,37.03414634146341,5.19122300151654,1.2015738931299502,3.5950782584685896,0.9152567877221677,0.5532060662570771,68
199,-3.0277777777777715,-68.22222222222223,41.15277777777777,4.708375213405574,0.7284681355357939,3.3867484464184066,0.8615375054906491,0.5765237001234617,68
200,-6.746803069053712,-50.864450127877234,42.75703324808184,5.332401957064724,1.229146849697392,3.462173581617659,0.9106080501775903,0.55173250707578,68
201,33.52617079889807,-36.50137741046832,-22.892561983471076,4.984340251721795,0.9712530921798228,3.4590109363215866,0.8907197974333462,0.5645775974077798,68
202,30.60344827586207,-30.649425287356323,-17.764367816091955,4.818521568985339,0.9074774159163538,3.485648080005617,0.8861991850260659,0.567356528611105,68
203,35.352112676056336,-53.66760563380282,-17.267605633802816,4.712362326784848,0.621416435602583,3.34373662751664,0.8607810315949235,0.5841183893027877,68
204,37.0880829015544,-73.33160621761658,-15.4300518134715,4.355541389349344,0.337331055112285,3.2869837102034736,0.8286209691357443,0.5935628742861278,68
205,26.11479028697572,-51.867549668874176,-8.847682119205295,5.177495624288191,1.099492595456697,3.4138457840515164,0.8915439460432713,0.558701920465715,68
206,23.10943396226415,-73.60754716981131,-10.66415094339623,4.761324935186221,0.6709203745540745,3.3098503277315228,0.8607981746831054,0.5808414116667633,68
207,18.191176470588232,-35.867647058823536,-12.514705882352942,4.894034865817357,0.8942250189216816,3.4567308001898405,0.876947340146077,0.5693120352548933,68
208,19.290322580645167,-87.96415770609319,-12.501792114695341,4.590631255163437,0.4678552902387121,3.309405988434012,0.8432441321722692,0.5913950425061366,68
209,50.141623488773746,-64.50086355785837,-9.26424870466321,4.20847607342963,0.2684951491281472,3.29298047726681,0.8295155248229147,0.5982883340029164,68
210,42.30350194552529,-83.58754863813229,-12.202334630350194,4.137160127223922,0.3003893501429774,3.340949101148691,0.8192549109020214,0.5982318526023553,68
211,9.225609756097555,-72.15853658536585,-4.817073170731703,4.864889146757819,0.7502369555974302,3.371113021213309,0.8624583827205053,0.5745308405413526,68
212,12.8735632183908,-57.41379310344827,-3.3908045977011483,5.1310722132092135,0.9904796720582375,3.402529323946763,0.8900392391400849,0.5599181036770811,68
213,25.181818181818187,-96.52631578947368,-9.904306220095691,4.402084780038285,0.43296845404734724,3.3370840607592926,0.8408110446816179,0.5928968255494078,68
214,17.870967741935488,-44.70046082949308,-2.6543778801843274,5.1961369927333365,1.0996506570949478,3.4528311639057163,0.9063756111044117,0.5586223733771181,68
215,8.397774687065365,-92.105702364395,-1.6300417246175272,4.519621867439221,0.49704278259722345,3.315508944303862,0.840305256022069,0.5912353197964493,68
216,48.6208,-65.7024,4.281599999999997,4.306858435956802,0.383653742756174,3.3015738857871386,0.8315952893835774,0.595484733679112,68
217,14.377952755905511,-47.05511811023622,4.204724409448815,5.087197536660089,0.9931180293208923,3.4368010899952783,0.9008747747685717,0.5620400456483088,68
218,35.40157480314961,-88.68766404199475,2.141732283464563,4.182747135737546,0.30950044605359867,3.3389824030001427,0.8273094119868175,0.5977085031250987,68
219,8.973058637083994,-73.36925515055466,8.250396196513478,5.089990534409392,0.997099020304164,3.4541156729798868,0.8970730790062489,0.558512020934892,68
220,21.617834394904463,-59.4968152866242,5.770700636942678,5.254619689048046,1.1683241181339217,3.4704274337958325,0.9096006663706192,0.553090880585618,68
221,23.57692307692308,-98.80128205128204,7.40384615384616,4.183248408073106,0.24530202282906016,3.3526779593286724,0.8265210678569958,0.5975544918377477,68
222,43.78407079646018,-78.7575221238938,10.424778761061944,4.12655079534462,0.26503543229491955,3.2939238445978143,0.8263072124215518,0.6009184047134443,68
223,12.678038379530918,-94.05970149253731,18.810234541577827,4.274787027618133,0.34187621499290394,3.295729372334361,0.8372263953838202,0.5955545000305701,68
224,15.753846153846155,-66.02461538461539,18.769230769230774,5.171688212181027,1.0744408196889497,3.4479139516317563,0.9047454456112871,0.5565120006952176,68
225,5.040000000000006,-80.04666666666667,23.28,4.720514009908027,0.6645293754399866,3.3438386001792644,0.8570399376921185,0.5769262903446761,68
226,27.12658227848101,-87.07594936708861,20.74683544303798,4.2117913369358035,0.30156520634003836,3.266090170518309,0.8225140619687275,0.5949691026944387,68
227,35.63157894736842,-79.26973684210526,24.16447368421052,4.113394599502815,0.18102279327459894,3.287500243014223,0.8178068124970812,0.6013247532510796,68
228,14.291316526610643,-77.37254901960785,33.74229691876751,4.435480889993205,0.5135867872315641,3.3779547974497155,0.843962324512939,0.5875048504975281,68
229,16.19114219114219,-86.78321678321677,36.6013986013986,4.071144202255407,0.2023287767703072,3.3506163825370727,0.8223657075267443,0.6007198625489287,68
230,28.903426791277262,-77.75077881619939,36.728971962616825,4.0966056911746715,0.23449939977532855,3.3572903007248223,0.8319119093917249,0.5985803675285619,68
231,53.053941908713696,2.5726141078838225,-5.60580912863071,5.168211743911285,1.0428494107649862,3.483864299127942,0.8914656149210823,0.5661694026776064,68
232,61.84,-18.58,-0.4399999999999977,5.021771385411812,0.9286156356905655,3.4545562063729784,0.8804146628560935,0.5703861294874283,68
233,53.510588235294115,-13.708235294117642,5.689411764705881,5.201165403542997,1.1961793168400627,3.5518745371329747,0.9061067328098183,0.5593443409563476,68
234,39.82165605095541,-18.40764331210191,4.789808917197448,4.792540331171104,0.860807980105474,3.4598712827960205,0.8935168968271033,0.5724392102324926,68
235,37.89915966386555,-7.949579831932766,13.848739495798313,4.326069509051476,0.580477395159184,3.4688656701011773,0.876727949776413,0.5872791676593737,68
236,34.76923076923077,-21.519230769230774,14.288461538461533,4.444005722621079,0.6033303376991279,3.424392076387878,0.8767816809874658,0.5832816111740705,68
237,60.142414860681114,-23.690402476780193,10.767801857585141,5.0461100784839275,1.0520507974276947,3.5597285363372118,0.8959507101168389,0.5644812331946658,68
238,64.38524590163934,-34.368852459016395,10.540983606557376,4.454699234810208,0.5024602595726391,3.320973291602026,0.8375374119787111,0.5904855124274104,68
239,40.91228070175438,-13.05263157894737,18.175438596491233,4.702932676531931,0.7500300799737285,3.417167105564574,0.8790385370283478,0.5766791917682506,68
240,41.479674796747965,-28.85365853658537,17.95934959349593,5.106177716167217,1.0631028929700839,3.47148803593718,0.8959716949619166,0.5607645182632239,68
241,49.52447552447553,-10.04195804195804,12.853146853146853,4.978537963080357,0.9900772309301158,3.4855216366956476,0.8983952359099439,0.5650495541839219,68
242,59.15830115830116,0.7104247104247037,10.355212355212359,5.15602780666861,1.0615968218102194,3.4760100855103038,0.8916706653569095,0.5629833536827015,68
243,48.9625,-21.262500000000003,18.462500000000006,4.942646331489339,0.9706044210884687,3.5125978574689243,0.8917820929089795,0.5664267523592467,68
244,61.848837209302324,-11.5,15.302325581395351,5.059372377970193,1.0465024053931504,3.4857895790900333,0.8967034494608901,0.5659202155090712,68
245,60.696774193548386,6.412903225806446,29.251612903225805,5.2705171428479085,1.0540021662516383,3.4416504250999727,0.8932691131909724,0.5632564074199478,68
246,59.189655172413794,-5.349137931034477,27.23706896551724,5.126836490957669,1.044039149502659,3.4499106039218357,0.899280192989131,0.5637009690651716,68
247,61.22314049586777,-14.214876033057848,30.247933884297524,4.90884656327687,0.9313886863974503,3.4652463552973893,0.8875018234587155,0.5707373162306575,68
248,51.54838709677419,-6.3548387096774235,37.16129032258064,5.1316757270540325,1.0060395161756899,3.4802437429245674,0.9009073390976112,0.5632164076659306,68
249,54.57142857142857,-16.828571428571422,40.18571428571428,5.281702026763925,1.1401949813226353,3.551375577551436,0.9087977459792359,0.5603756068289862,68
250,11.083333333333329,-17.02380952380952,41.28571428571429,4.88899323992032,0.9545605203001603,3.562225438499123,0.9047021474004534,0.5672956313538317,68
251,52.28108108108108,-12.843243243243236,49.2,5.327101938888131,1.140838789241256,3.5264777056650596,0.9045882324469431,0.560904198327215,68
252,44.05128205128205,-10.84615384615384,48.22222222222223,5.170109095731282,1.0780458375585926,3.5085414117663647,0.901089440397934,0.5620621907526026,68
253,49.092063492063495,-25.453968253968256,55.790476190476184,5.142749452593342,1.0288409821749664,3.496616751635334,0.894508950929211,0.5660656592796725,68
254,6.947916666666671,-9.958333333333329,51.33854166666667,5.109058840168803,1.028599984050276,3.4451409977178375,0.9023158510959685,0.5604130177028934,68
255,42.37158469945355,-21.092896174863384,54.69945355191257,5.440459123852396,1.1814261654360487,3.4880899949209243,0.9091100287535563,0.5584783863761301,68
256,36.37735849056604,-18.161725067385447,63.331536388140165,5.366912091050397,1.1422346784475483,3.4334223100723316,0.9013284358823993,0.5570970614506217,68
257,32.44970414201183,-34.082840236686394,63.12426035502958,5.455611684294868,1.1286303333612804,3.3849679164995403,0.8980881489617238,0.5586404710081501,68
258,31.02127659574468,-40.56170212765957,63.95744680851064,5.204542578913173,1.0098764490026917,3.3982249967685334,0.8929495910823398,0.5633036690254272,68
259,34.12435233160622,-27.191709844559583,60.96373056994818,5.424623300127029,1.12328786126097,3.4259518596554197,0.8968158196001379,0.5578886096952506,68
260,4.389705882352942,-24.661764705882348,58.38970588235293,5.198275971207311,1.1292228958876247,3.4792354018815352,0.9090062514712125,0.5572524563726674,68
261,28.664,-10.936000000000007,64.75999999999999,5.363357777565092,1.1025133210301916,3.41539022568021,0.9044165769867072,0.558316156511907,68
262,9.176923076923075,-40.06923076923077,68.02307692307693,5.20244005903522,1.0811183406990725,3.4583088544214347,0.9066904656376416,0.5599524481021996,68
263,21.206106870229007,-24.44274809160305,66.03053435114504,5.32098573568061,0.9912244764758545,3.335493304347832,0.897467761276466,0.5663536546879142,68
264,22.188405797101453,-28.898550724637687,67.92753623188406,5.346933201252191,0.993415037970979,3.3530221749615507,0.8887836982196948,0.5655367803209089,68
265,22.272727272727266,-34.98701298701299,70.41558441558442,5.134897504944917,0.8963496819996493,3.3374429742781153,0.8844109479351535,0.567350812074838,68
266,16.82352941176471,-6.235294117647058,69.50226244343892,5.313040390002278,0.990296918385557,3.3654455600873145,0.9004713812497309,0.5624267814987816,68
267,16.07142857142857,-46.730158730158735,73.73015873015873,4.594483780225243,0.6004115617590763,3.3589098056881714,0.8602454706702741,0.5840003490479264,68
268,5.460076045627375,-21.961977186311785,71.72623574144487,5.231875668419351,1.0639153714819227,3.394412532932531,0.9032936140984248,0.5585519599467,68
269,16.266666666666666,-18.421052631578945,72.58245614035087,5.3979294055589735,1.0264986624878265,3.2984861972365955,0.8923450020934409,0.5604680060003193,68
270,12.78378378378379,-32.86486486486487,75.63513513513513,5.115799295729906,0.9889342614504668,3.393247268914384,0.8934069711681175,0.5668970430449518,68
271,49.84281842818428,-49.262872628726285,-18.13279132791328,4.3919848960635,0.4513695559820591,3.318248669567242,0.8404833391596052,0.5913537865879462,68
272,59.30930930930931,-54.648648648648646,-2.552552552552555,4.258493366731478,0.3188482308762833,3.29318780041982,0.8249742539991641,0.5975754729604598,68
273,53.69364161849711,-55.630057803468205,12.393063583815035,4.404630327186935,0.4633566851863508,3.360452876206166,0.8454829385230522,0.5889248154977547,68
274,45.44390243902439,-75.0829268292683,30.556097560975616,4.150594796622983,0.21519145003239948,3.244933513512936,0.826065833987287,0.5975537394566938,68
275,31.649253731343286,-66.54477611940298,35.42537313432835,4.344770320936502,0.465868773587097,3.3597919653153543,0.8435877613579974,0.5893711756717661,68
276,57.15527950310559,-22.496894409937894,44.03726708074534,4.916174384727888,0.8468906472519989,3.4796831271963686,0.8846743148580916,0.5725810936250936,68
277,18.583941605839414,-79.02189781021897,50.17518248175182,4.15622973593575,0.24249442873015503,3.3362696295662295,0.8298402855634289,0.5981315345544465,68
278,43.55458515283843,-37.624454148471614,49.97379912663756,5.2606672139807245,1.1505708102838836,3.5356764477886773,0.9045532309028124,0.5591162040211713,68
279,45.16981132075472,-28.20754716981132,42.91509433962264,5.186730824850649,1.129743919771896,3.543033414054263,0.9109937308699069,0.5591005633575926,68
280,30.938388625592417,-63.75355450236967,53.02369668246446,4.3374187800290995,0.4056015301064273,3.3846965544607683,0.8426179674613367,0.5944077949253475,68
281,36.42666666666667,-44.773333333333326,45.18000000000001,5.467453098801648,1.1587759533069084,3.483079969781887,0.9060154729017851,0.5577598006381252,68
282,20.858695652173907,-68.56521739130434,52.89673913043478,4.356390265392315,0.4688198568101174,3.3766939643188816,0.8430938137567314,0.5903844773952123,68
283,35.755656108597286,-35.972850678733025,51.53846153846153,5.306029305977612,1.2129790583174034,3.5537743622761324,0.9087563815934244,0.5563622952050068,68
284,34.0,-50.57142857142857,54.28571428571429,5.13321760121406,1.0058213580651072,3.464653972998796,0.8893760010954657,0.5657044818363823,68
285,8.475177304964532,-70.97163120567376,52.42553191489361,4.402317175254264,0.49127531052934115,3.3605769970418145,0.8489412925249514,0.589491418030954,68
286,26.686868686868685,-58.0959595959596,60.661616161616166,4.593935912600756,0.5650867289374586,3.381099019398566,0.8547158203557784,0.586460357412648,68
287,7.373493975903614,-53.714859437751,59.78313253012047,5.038346112576237,0.9816883145644189,3.4307027557604557,0.889960067678853,0.5620039444495499,68
288,13.496124031007753,-63.968992248062015,64.75193798449612,4.429514272250373,0.44571063112065834,3.3420366747081434,0.8466462058351739,0.5897047374617821,68
289,24.44931506849315,-49.9945205479452,68.16438356164383,4.967115846067754,0.8824352138539254,3.3917946535276493,0.8780285234872068,0.5736547068680379,68
290,39.48684210526316,-3.0855263157894797,52.875,5.240587751181729,1.148959195510179,3.5035089888370172,0.9119840630235261,0.5595863505522408,68
291,27.631578947368418,-3.5921052631578902,52.190789473684205,4.924845887179198,0.9036316923300303,3.466868620440848,0.8951132086506626,0.5680987346463202,68
292,24.75,-3.075000000000003,63.849999999999994,5.117674929509341,0.9595055965361173,3.410615854816782,0.8953079443713003,0.5654404673875166,68
293,48.97905759162304,8.225130890052355,24.675392670157066,5.189476436106308,1.025744670356835,3.3839150363591624,0.8939243187202641,0.5634025997524084,68
294,59.27131782945736,-46.42635658914729,6.961240310077514,4.251340538386789,0.3459964059409532,3.278403298480922,0.8230595441277204,0.5944615887170771,68
295,52.043243243243246,-40.88648648648649,12.21621621621621,4.839030614115003,0.8063094172591884,3.407198407040003,0.8753922659484905,0.574304670568325,68
296,61.21111111111111,-39.733333333333334,21.75555555555556,4.5219639238148694,0.47600764450168226,3.359516449370237,0.8460673363929415,0.5914846760280619,68
297,57.92507204610951,-30.893371757925067,24.30547550432277,5.006441030936603,0.9562290661827663,3.464689450794049,0.8849502447387582,0.5676954767517789,68
298,60.35409836065574,-21.87540983606557,22.47868852459017,4.955467680762446,0.9308220951517759,3.474484739802268,0.8801132501361858,0.5710794529100438,68
299,62.62337662337662,-25.766233766233768,38.019480519480524,4.664002443080826,0.6183306711994947,3.3418298357100986,0.8539050974257831,0.5831085919670551,68
300,62.10285714285715,-37.42857142857143,36.97714285714285,4.300740556889025,0.3724785956564814,3.3690335618500913,0.8285725543446004,0.595347033319811,68
301,51.0,3.414634146341456,40.76219512195122,5.297778872894823,1.1134788409233143,3.480137300333734,0.9019168090290023,0.559318037753357,68
302,40.53156146179402,5.029900332225907,-15.541528239202655,4.8312997904120545,0.7623168171900182,3.3700979668361035,0.8600134084568432,0.5803929139037489,68
303,40.51162790697674,8.74418604651163,-2.8449612403100843,4.760679557212079,0.7681628499265497,3.452783093336016,0.8865517883061657,0.5793603799945933,68
304,40.23754789272031,-10.59003831417624,-4.17624521072797,4.933279218634487,0.92290136537778,3.4816827525350638,0.8906753082579177,0.5713165509229375,68
305,39.179190751445084,-1.5028901734104068,5.549132947976872,4.543105542938015,0.6629047194666352,3.4622384550358256,0.8876367310706299,0.5836185826083347,68
306,37.2046511627907,22.627906976744185,4.748837209302323,4.807454442828909,0.7702620817291033,3.367784019828993,0.8740345896862234,0.5790948181088623,68
307,38.38157894736842,6.973684210526329,10.473684210526315,4.543643491822046,0.6228450748374516,3.36004001154957,0.8776682065202319,0.5829818435223595,68
308,49.49514563106796,4.938511326860834,3.5533980582524265,5.174489624274553,1.0381046834048067,3.486516601737717,0.8951781454648363,0.5648732274985984,68
309,53.84415584415584,11.902597402597394,11.720779220779221,5.2451496752741935,1.0354786456789933,3.4112322439793696,0.8900741879823053,0.5628961746544594,68
310,32.43894899536321,44.73570324574962,28.41112828438949,5.033249254439977,0.9888257347956421,3.480192096813146,0.9028840895682314,0.5653360029983725,68
311,7.330922242314642,18.61844484629296,35.49728752260398,5.176974394410159,0.6172398229536323,3.151814219065462,0.8894862251260478,0.57289399060693,68
312,7.556064073226551,2.292906178489716,43.23569794050343,5.0575409114584176,0.8298747803206019,3.3706823193007738,0.8906266919193893,0.5680593903224079,68
313,11.396078431372544,-33.54509803921569,42.501960784313724,5.048353801177257,1.0562384248425025,3.5207424556176754,0.910149326947511,0.5605513122968011,68
314,5.7463414634146375,10.595121951219511,57.48292682926828,5.00489524258957,0.9291189653108072,3.438403481216061,0.8983411193958767,0.5663700078091329,68
315,10.213836477987428,-43.24528301886792,53.38364779874213,5.219517990859738,1.0901018780564216,3.4981064769587813,0.9107118745916178,0.5574672634277397,68
316,10.599999999999994,-32.33684210526316,50.62105263157895,5.0917865949017225,1.0685087780416989,3.5121968558123084,0.9095821947344794,0.5619420425993599,68
317,6.827361563517911,-1.6351791530944695,66.56677524429966,5.088565026850056,1.007775853262109,3.4681211758138564,0.9036410346992351,0.5607758714975017,68
318,16.174999999999997,6.612500000000011,69.26249999999999,4.985240042156241,0.8869386004048555,3.4269662191491395,0.8970768527396095,0.5693648976280729,68
319,13.241379310344826,23.347962382445132,-20.52037617554859,4.39530941371317,0.32090472105834905,3.223134347892682,0.8251222471088898,0.59705084899758,68
320,23.07027027027027,22.254054054054052,-20.27567567567568,4.545408265736912,0.5482190137226202,3.248304295105137,0.8400525742812902,0.5909514669557091,68
321,7.799999999999997,46.7842105263158,-23.252631578947366,4.136121361555091,0.27806370150674864,3.3278476392192715,0.828875944018063,0.5980641638971607,68
322,19.956331877729255,42.978165938864635,-18.16593886462882,4.4329574793190645,0.5204726911721398,3.3554649873832396,0.854731266528524,0.5894084655760382,68
323,4.796116504854368,21.818770226537225,-20.627831715210355,4.3512464072496755,0.4071656182048982,3.2971724367807567,0.8328616460429096,0.5928408083967232,68
324,9.356321839080465,62.63218390804599,-14.367816091954026,4.731758611295271,0.6993317406980906,3.3882516452120446,0.8567874068370951,0.5834084487175656,68
325,27.804597701149426,-1.3218390804597675,-40.132183908045974,4.676800718873151,0.7120060813083824,3.3961342599579645,0.8778034865792785,0.5783476278621446,68
326,48.77157360406091,-6.5482233502538065,-39.19458544839255,4.345158564318796,0.3103471975250585,3.2496326579705626,0.8237403748365055,0.5946247898388519,68
327,36.69767441860465,16.599483204134373,-37.012919896640824,4.209082898668855,0.29621853532616627,3.3292883420114223,0.8388925868157915,0.593604529331707,68
328,39.38877338877339,-14.78586278586279,-31.20997920997921,4.916068863949257,0.8415288731977346,3.4096365278776424,0.8793293701664017,0.5733969113960629,68
329,28.59872611464968,11.787685774946908,-30.42887473460722,4.468888872743797,0.46104100493113576,3.2488012231885075,0.835952581520818,0.5908334726454426,68
330,49.9815668202765,-27.737327188940085,-25.87096774193548,4.950312990662558,0.8772427815999507,3.440691382528454,0.8825928760442499,0.5735798889362248,68
331,22.365591397849457,-17.64874551971326,-26.845878136200717,4.515806642541216,0.6180568724963502,3.4427724184727286,0.8690412367286656,0.5825087146637733,68
332,54.5661252900232,-52.82598607888632,44.53828306264501,4.2103565230149025,0.2786137945481729,3.3059512517615333,0.8265193549729473,0.5974579432177155,68
333,55.55020080321285,-40.85140562248996,47.4136546184739,4.462203252900254,0.5114236496909104,3.3522764353789962,0.8468784068229273,0.5893716268210822,68
334,35.10948905109489,-70.71532846715328,46.69343065693431,4.186950788313628,0.27807221322703446,3.293509916641618,0.8320003765331638,0.5983746654749049,68
335,53.93023255813954,-33.162790697674424,51.18604651162791,4.6866645937235285,0.6447274746366163,3.4485555760820334,0.867353601170145,0.5790045750074253,68
336,46.79220779220779,-44.09090909090909,46.675324675324674,4.711846975309043,0.6944742584788106,3.434997937446953,0.8659470993905576,0.576665942089449,68
337,40.946478873239435,-55.14366197183098,48.63098591549296,4.5326217893943275,0.5527300551485066,3.379713909380693,0.8494515958291465,0.5847557689944363,68
338,61.70212765957447,-28.716312056737593,-19.808510638297875,4.319853149797601,0.4201792835234099,3.3444322369985025,0.8408878100393665,0.5939994589180435,68
339,63.2787610619469,-42.21681415929204,-10.623893805309734,4.46241807419971,0.41649319882357255,3.3033746840515623,0.8375091595900918,0.5929309916816792,68
340,33.924528301886795,21.1320754716981,-7.7075471698113205,4.807684454602297,0.7431532984688551,3.3828339519795385,0.8694461608347717,0.580991243083953,68
341,27.882063882063882,54.77641277641277,-13.498771498771497,4.851656440960194,0.8486070735053293,3.403758657556532,0.8731509995244282,0.5761391796813256,68
342,42.2879684418146,50.95069033530572,-6.252465483234715,5.215433572947253,1.0120260298427393,3.389662063222834,0.8868011194028654,0.5651094252598741,68
343,27.465478841870826,59.231625835189305,2.8374164810690417,5.370681291043258,1.2156262713497212,3.540991059675614,0.90558352147295,0.5608030749123232,68
344,48.9645390070922,39.94326241134752,5.0212765957446805,5.211619956071963,0.9882752232076482,3.370211488192653,0.8915333815189909,0.5664761045875863,68
345,41.72136222910217,45.891640866873075,14.284829721362229,5.3661227256299995,1.0765106051123499,3.4175758226614117,0.894357671922992,0.5607890801857183,68
346,49.079470198675494,30.33774834437085,18.291390728476827,5.507311830165408,1.1508707571941066,3.402672560969654,0.9045784702048454,0.557346883343369,68
347,48.29054054054054,18.11486486486487,23.58783783783784,5.384445630096443,1.0336760660122526,3.332296944959875,0.8990893496349266,0.561405100221961,68
348,25.250620347394545,54.11910669975185,24.81885856079404,4.642604474534591,0.7867733066435686,3.527748192355782,0.9075251639434813,0.5742476038978336,68
349,47.338501291989665,28.930232558139522,28.01550387596899,5.25627364885164,1.0980457578328309,3.5082158810918393,0.9062104752435485,0.5571476185916273,68
350,39.32738095238095,10.696428571428584,33.81547619047619,5.001892275272569,0.8557691851808645,3.410578856638529,0.8864265252872308,0.568050235570528,68
351,39.0130548302872,33.43603133159269,38.02088772845953,5.179431994212092,1.1273261681305784,3.4987621883993816,0.9065674245494514,0.5605795820568221,68
352,44.55662188099808,18.925143953934736,43.48560460652591,5.081795446501989,1.071469273256433,3.5105949120562534,0.9073602455958248,0.559141522981394,68
353,43.164912280701756,6.04912280701754,50.392982456140345,5.282056995320994,1.099786580811939,3.4605895209712436,0.9039903188720939,0.560716148453744,68
354,34.36261682242991,15.61121495327103,55.45794392523365,5.081229403832488,0.9855812327473658,3.429232112075221,0.9016201334402278,0.5603181689427127,68
355,24.29729729729729,9.900900900900893,57.860360360360374,4.92613072258954,0.9285605997673523,3.4887784568912696,0.9056430912558507,0.5662864354501391,68
356,13.12460063897764,-71.49520766773162,38.990415335463254,4.627899079705734,0.6190511973449787,3.3272786983662557,0.8554699878911567,0.579479417623463,68
357,5.737089201877936,-63.990610328638496,43.64319248826291,4.988857677405723,0.8476863149699031,3.3941664333902835,0.8811108103477199,0.5667761595929556,68
358,6.356164383561648,-26.31506849315069,27.9041095890411,5.044065436527058,1.0807515188680832,3.532405285488433,0.9066065111350926,0.557600172026239,68
359,4.778625954198475,1.3893129770992374,30.320610687022906,4.7390288300688255,0.6719376258490655,3.3652496695403213,0.8836453131538217,0.5739741575299637,68
360,7.487058823529409,34.86117647058825,25.18117647058824,5.267608074473323,0.6545530435284295,3.156579430829907,0.8895319320063446,0.5722873217994628,68
361,4.849397590361448,28.265060240963862,48.12048192771084,5.094813118023072,0.8309567776579331,3.360264117447234,0.8831280617904436,0.5692876844754969,68
362,54.43654822335025,-45.68527918781726,19.675126903553306,4.600918444511195,0.7014457826935581,3.422660817939377,0.8626182350836367,0.5790069856136097,68
363,48.42826552462527,-64.11134903640257,21.700214132762312,4.130166620350607,0.2968340504183701,3.3216727996567985,0.8158518060449761,0.5984683296556179,68
364,53.2034632034632,-53.290043290043286,25.818181818181813,4.524725139671333,0.5240755435959951,3.2859657062344034,0.8430257991628213,0.5890817204767756,68
365,56.05042016806723,-45.3781512605042,32.260504201680675,4.465556714670582,0.5014450903442923,3.374359795430845,0.8471406264936677,0.5864449106750933,68
366,47.52488687782805,-64.28054298642533,41.6606334841629,4.130346470542693,0.2203787373014429,3.2228617772657167,0.8128761990309546,0.5997608239352799,68
367,49.12676056338028,8.570422535211264,-32.82394366197183,4.231586325357562,0.28915284363287197,3.3010205696366928,0.8366011645443505,0.5956404154430872,68
368,60.48601398601399,-7.5314685314685335,-22.91958041958042,4.469077887550574,0.4643021264352632,3.32031059017192,0.8400523428888707,0.5903101062210488,68
369,47.659574468085104,16.047872340425528,-20.122340425531917,4.658728897772829,0.5992380322006249,3.3432941764966304,0.8586151090131164,0.5851081547185142,68
370,54.78290598290598,-4.061538461538461,-14.184615384615384,4.9414997677352455,0.8788354981683916,3.4053633224093196,0.872972888328855,0.5761317826946647,68
371,62.88955223880597,-23.09850746268657,-7.468656716417911,4.647931013229769,0.5952679084532617,3.3603392528631755,0.8555523474282873,0.5838775608377534,68
372,48.99363057324841,-20.063694267515928,-7.375796178343947,5.059582469614061,0.9589972325035427,3.473789141289682,0.8821781863979367,0.5691385260142198,68
373,63.282828282828284,-37.56565656565657,0.19191919191919737,4.338234871014815,0.4310493307244156,3.34080203955887,0.8359804249998726,0.5931643585028237,68
374,50.4,-33.14,1.5466666666666669,5.006371717400561,1.028541926836744,3.4555622651080165,0.8960021211029376,0.5646139833874223,68
375,34.97752808988764,23.044943820224717,-17.230337078651687,4.970458563483036,0.8228341918814576,3.344844959559154,0.8733427727441772,0.5785434444186697,68
376,35.111111111111114,37.701388888888886,-13.652777777777779,4.772473640963562,0.7562270011462234,3.4313929681779998,0.873830580505607,0.5785622800502433,68
377,48.03305785123967,31.574380165289256,-7.793388429752071,5.1142924841470965,1.083126932507641,3.51174201808994,0.8976304363720822,0.565171642798644,68
378,53.33976833976834,23.783783783783775,6.447876447876453,5.313757285512609,1.1155932754921098,3.425630709060383,0.9003507142713045,0.5594984909338796,68
379,5.360856269113157,40.40366972477065,-10.247706422018346,4.703373877784766,0.6371536261300319,3.3542593961964404,0.8595478356087523,0.5889969405277015,68
380,9.370919881305639,66.64688427299703,1.0504451038575695,5.598901017810731,1.2233098676958578,3.4692590926844553,0.8989574136415849,0.5625817706314147,68
381,7.638888888888886,42.02777777777777,4.178571428571431,5.100817280864934,0.9049606412612166,3.4282502853685735,0.878839562505368,0.5748802793438498,68
382,7.422145328719722,53.98615916955018,12.82352941176471,5.034225885824606,0.9971811381960985,3.4567624145714952,0.9033983612513538,0.5677139165437439,68
383,17.530927835051543,64.91237113402062,16.170103092783506,4.6556603915659664,0.8170235981240084,3.5372055430336276,0.9129498789046785,0.5749349154566386,68
384,5.730769230769226,24.769230769230774,18.243589743589737,4.542292680060443,0.67968613275769,3.438626107795738,0.8788500111469453,0.5796746888505759,68
385,6.332225913621258,57.607973421926914,29.435215946843854,5.023072889706329,0.7767034257630501,3.3914992381333207,0.8841472173313385,0.5740760951514386,68
386,16.35924932975871,52.750670241286855,35.860589812332435,4.448972251228008,0.48293387797764237,3.493000209629273,0.9086826431797479,0.5834703598501279,68
387,4.78745644599303,44.50871080139373,40.05574912891986,5.171622316179119,0.7802832947007874,3.2810614114922574,0.8779964880097239,0.5716044919332577,68
388,26.249388753056238,34.528117359413216,39.30073349633251,4.539145357715715,0.6694854882481901,3.483725910252113,0.9005530450807459,0.5783280341587677,68
389,13.923766816143498,39.112107623318394,52.152466367713004,4.8626653929525245,0.873240431607683,3.4531277699726695,0.8977749603978413,0.5694161442015183,68
390,23.95876288659794,25.716494845360813,50.77835051546391,4.720023962681057,0.8140030354333508,3.4887660715476763,0.9103429930050948,0.5724815788984179,68
391,11.965853658536588,19.70243902439023,62.83902439024391,5.068809719533271,0.9359521988518431,3.423352493600755,0.9005504900267317,0.5664284628500174,68
392,12.585858585858588,-54.868686868686865,15.585858585858588,5.1699132546807425,1.0866165336838574,3.468316188655675,0.9155632633657964,0.5554748015240303,68
393,7.321428571428569,-43.67857142857143,19.75,4.795881917039233,0.8395871025354318,3.422095153441346,0.8886832931424036,0.5680187389693495,68
394,16.493670886075947,-63.35443037974684,27.506329113924053,5.150666342165549,1.032646579449736,3.4364286544701335,0.8984983446669684,0.5593570303641537,68
395,5.819548872180448,-52.24812030075188,22.94736842105263,5.054408794662937,1.0135165733952767,3.4043898955328955,0.9030528256082508,0.5580255588396914,68
396,4.895348837209298,-63.33720930232558,31.34883720930233,4.839614086523355,0.8195239503961788,3.384944682872534,0.8736047057777652,0.5666171215246106,68
397,6.69740634005764,-38.79538904899135,34.835734870317,5.055046551306527,1.103956397105948,3.5004025335212,0.9059630198915744,0.5573046367645105,68
398,4.102941176470594,-19.69852941176471,37.044117647058826,5.169721596447839,1.1977550492417661,3.6296136417468214,0.9189350569488305,0.5534432050823461,68
399,9.892857142857139,-52.60714285714286,35.13095238095238,5.112574794056443,1.1069686774808416,3.4666742658130154,0.9077894438435395,0.5581381953267073,68
400,7.2116182572614065,-49.64315352697095,44.43983402489627,5.340765048641884,1.218339752777576,3.453921631057504,0.9149966160524474,0.5536054161879582,68
