resolution,parcel_idx,rho,r2,x,y,z,hemi
200,1,0.6009875072863017,0.9999009007366113,-26.238901849112118,-7.128068504929433,14.49461377347126,lh
200,2,0.601678222918686,0.9998944518988229,-33.96470115647,-16.92486846084242,30.885537172627902,lh
200,3,0.5999822815805944,0.9999056075823909,-36.37902550673637,-7.251315666024391,28.91664017143941,lh
200,4,0.5996044070731503,0.9999036738122413,-41.41970574581445,-5.527002077170853,33.20261945294124,lh
200,5,0.6039878813398414,0.9998908513657301,-37.89648876758601,31.07452515734742,36.07220465300099,lh
200,6,0.6042619969457503,0.9998956831197681,-38.97165030062952,-22.33019834690206,-5.578091449590842,lh
200,7,0.6020840375583979,0.9998952906873828,-32.802178484720265,-27.906448270778675,1.7540317947530473,lh
200,8,0.6009616990591635,0.9998979700890717,-37.4430096532388,9.005912423211756,49.200319695639465,lh
200,9,0.6007045573205047,0.9999037069285356,-19.120169201499746,21.464131179905863,53.10737802582453,lh
200,10,0.6008274641130351,0.9998963656216581,-7.39856478587175,10.489577521097202,63.66846887148344,lh
200,11,0.602676972335393,0.999890879851791,-34.65077675535223,-21.989535708421624,7.914957190446375,lh
200,12,0.6017845844478288,0.9998939741515056,-35.6274971489339,-28.251660082587698,17.099674687279148,lh
200,13,0.6023039044173562,0.9998951426340159,-23.82094208763746,-0.20821117228672245,15.282737737183723,lh
200,14,0.5993372091628916,0.9999043186590724,-26.686317268751672,-15.167790358134274,21.692817227072165,lh
200,15,0.5988185878241298,0.999913620683257,-5.403397615004839,39.60965940279799,24.29604581546181,lh
200,16,0.6026934025670347,0.9998959906287279,-20.61386468351579,49.6269433532354,29.407094046393784,lh
200,17,0.6035755391586273,0.99989051143886,-33.782513592334766,22.46958199763553,42.20187926934946,lh
200,18,0.6008355321130531,0.9999004562000792,-15.315229371032233,38.65362400691659,45.43043965378632,lh
200,19,0.6016964979823813,0.9998934927472136,-44.85319007068036,-13.229671610522885,16.618843288479116,lh
200,20,0.6010460460921419,0.9998941416158185,-41.39029348652848,-24.625038119080298,23.399937849876757,lh
200,21,0.5967372548917599,0.9999094614030782,-31.577631502665213,-43.94313856490746,32.508909170923765,lh
200,22,0.5985222869981826,0.999905115543878,-37.03596050114204,-48.60726939959993,41.340195675933806,lh
200,23,0.595075969441399,0.9999260510267393,-37.86908015538842,-39.35620527809045,38.54373924374926,lh
200,24,0.5949890730057892,0.999919377958383,-31.60628135605429,-47.731059911181276,44.581356507894796,lh
200,25,0.5981132015096166,0.9999096869374757,-24.969957460233804,-60.444441862307656,52.891508771259964,lh
200,26,0.5978108797763058,0.9999147554164958,-18.29108509882469,-58.745128275869,59.961194137983696,lh
200,27,0.6007811863027307,0.9998918290457524,-18.164057432090004,-52.10031806161828,66.94705535637362,lh
200,28,0.6051743252681765,0.9998961329121422,-26.497686256681135,7.028800543174944,-31.04547749070797,lh
200,29,0.60674329597046,0.9998986287709676,-22.092334925300527,14.700939820108037,-29.00082333737298,lh
200,30,0.6070620939900506,0.9998867628238467,-27.92462741446168,8.725802922228755,-21.5011756696319,lh
200,31,0.6076783510139913,0.9998966637243571,-40.50210335737411,8.21882861132723,-28.51543259835745,lh
200,32,0.603877563780504,0.9998974448570286,-20.833664374048976,-22.47760446266105,-25.046339268410676,lh
200,33,0.6011657785662392,0.9998982757152635,-37.792751707963234,-6.655574117423953,14.518958652725743,lh
200,34,0.6014601902582727,0.9999004004115304,-34.87544783428049,-11.285832829075352,21.90381649479811,lh
200,35,0.5985314876356509,0.9999044630930891,-31.044965749020946,-13.063243787546687,26.216021266352403,lh
200,36,0.6014807161355238,0.999892524408754,-24.415020841361212,-8.957570128580286,34.319623521426465,lh
200,37,0.6061810262607451,0.9998814189114849,-51.48093589161775,4.363143640143746,8.318564996926021,lh
200,38,0.6044561548441895,0.9998924015658356,-49.10716878647772,-13.393378912210798,0.4076897875755875,lh
200,39,0.6037065869218508,0.999886200823299,-46.35484444887069,-24.092280608731865,7.089580136221242,lh
200,40,0.600845398301243,0.999893617108841,-46.49281954017575,-24.978167061161223,53.78109254865012,lh
200,41,0.5954228042690121,0.9999261102149861,-23.758876913658426,-30.918695780395346,50.127418315316454,lh
200,42,0.598808955567041,0.9999179673986451,-4.527494353695165,-16.53547761575906,55.68250264228238,lh
200,43,0.598858780756095,0.9999069078687756,-32.77834413017404,-32.31689609405075,59.445945946209314,lh
200,44,0.6008590584552533,0.9998984666631563,-31.81764819854805,-32.53441953667591,59.889574469410604,lh
200,45,0.6002834368018731,0.99990175651022,-24.095383689847132,-18.98822293944671,60.487481170454785,lh
200,46,0.5977844004198959,0.9999098931437335,-7.126744205716776,-34.022850420225396,67.9673802461443,lh
200,47,0.6000156808582573,0.9998953913188492,-17.998855717622504,-22.794268212955032,66.67362016818853,lh
200,48,0.5979823288782506,0.9999195763822684,-16.906592061146554,-34.26331239419919,68.52108621600175,lh
200,49,0.6006899495424156,0.9999034651207657,-37.62862313659559,-17.72297008211399,14.927456022489853,lh
200,50,0.5991387161054489,0.9999054103961389,-50.37609672850283,-36.35076282359159,13.670849928652785,lh
200,51,0.6029772878402385,0.999892316415912,-54.043102471663815,-9.272849914991255,11.74760350903336,lh
200,52,0.6020390201548158,0.9998946971766428,-54.32352186307699,-22.588129542354544,17.7789649890394,lh
200,53,0.6036282741497722,0.999885979355109,-60.598630741846165,-8.743258163131124,27.13726442105814,lh
200,54,0.6031083240914286,0.9998868669052033,-51.75609634545719,-17.15167519919137,33.322177626492945,lh
200,55,0.6025606401961022,0.9998876581086337,-47.805757018276545,-14.000413532785064,39.06615861412178,lh
200,56,0.5963334979155933,0.9999146178850622,-23.805298043222386,-14.987816437280784,45.29336919196372,lh
200,57,0.6065579636136628,0.9998913309081048,-31.4309310791405,-41.7305473893453,-23.353852010419683,lh
200,58,0.6083191372802612,0.9998821049532252,-33.94401216580805,-48.14691026980414,-19.142539866393577,lh
200,59,0.6009730021154768,0.9998958112241733,-11.550274547834842,-63.68739507311483,5.3525703194977075,lh
200,60,0.6009733014197938,0.9998913772909825,-29.96179049811959,-74.78743002748642,7.890208835815613,lh
200,61,0.5990217619721895,0.9998974297797898,-9.08015933793611,-90.9359136500662,19.439485991880854,lh
200,62,0.5969660173526679,0.9999118995148043,-20.700765583180953,-77.30190152050744,18.035913663974164,lh
200,63,0.6000241972466512,0.9998930429620544,-25.370136713846847,-85.46279522127617,25.827997452386807,lh
200,64,0.5968332003912505,0.9999125660320736,-17.37780431751078,-78.35198280542154,36.292900492794665,lh
200,65,0.5997712311778689,0.9999001241763927,-25.749756961281626,-63.78779429599895,-9.717989029746743,lh
200,66,0.60720515468043,0.9998784023213565,-26.829102899062335,-59.25943586527107,-14.451436575545053,lh
200,67,0.6078051760586024,0.9998714558433046,-30.651834133483092,-78.56853313605839,-10.861808027058775,lh
200,68,0.6041701102440685,0.999888646267719,-10.749538724782049,-69.2876765734594,-6.674528503458047,lh
200,69,0.6075449212402415,0.9998748917233927,-19.110618653953033,-70.6369101301344,-8.548178368300468,lh
200,70,0.6052811493235629,0.9998782795425056,-25.03549060494392,-92.39422750009561,-4.723341656332424,lh
200,71,0.604101207912207,0.9998824981816807,-29.91343222958218,-65.49787149557814,1.1944139562454361,lh
200,72,0.6026516886956029,0.9998872191376077,-16.559323291189045,-91.25576681047647,3.7021754842260597,lh
200,73,0.6020726431815792,0.9998972529466309,28.33849222073292,-11.731500282565703,13.217015064246565,rh
200,74,0.6005011079236784,0.999898711647476,28.706490376260533,-12.119787858552197,24.22316927229383,rh
200,75,0.5999160269843111,0.9999003305382571,44.75617688267459,-2.187423769630726,26.409170904581813,rh
200,76,0.6013205419558777,0.9998979177585416,42.30127184513645,-2.98970583595653,28.029665387981613,rh
200,77,0.6033944181949078,0.9998962357043876,36.41624228623819,38.23793398459344,25.25229211110026,rh
200,78,0.599255997958983,0.9999098726816398,36.84728846082545,20.955020868621936,33.85378761907299,rh
200,79,0.5994744444501124,0.999902823115959,41.25147936856772,13.770503605040904,43.14300599212435,rh
200,80,0.6013118283804646,0.9998953648259525,29.453008952028,11.988946323548006,53.14766600487191,rh
200,81,0.6048316233864041,0.9998955334340945,30.467862640159968,-9.249490416424464,-5.552107906602099,rh
200,82,0.6015699010370048,0.9999000757309972,32.45842126932348,-6.5332382697122,3.8822018562693863,rh
200,83,0.5996114097713561,0.9999012728461263,33.60112814919449,-15.615393345195217,15.63246444336409,rh
200,84,0.6031849332633864,0.9998929647789109,21.28265794792977,-8.4642954198087,19.965945377769554,rh
200,85,0.5984032238702046,0.9999090278936359,18.02428148364862,-9.707597966167238,31.15485750155325,rh
200,86,0.6027913256083118,0.9998899672844803,19.29024638891363,34.18950300902164,45.42478644202451,rh
200,87,0.6000828024431308,0.9999041015549546,17.99706990469059,19.538811545462657,55.69438429124208,rh
200,88,0.6021003131092588,0.999888163885141,43.71212247861096,-16.77493302508208,19.78340197398064,rh
200,89,0.6016216840142581,0.9998893637715154,38.24209518238952,-31.33813005907875,29.52858211446815,rh
200,90,0.5962227692830832,0.9999117839950602,34.4658529642222,-71.2688070944456,31.50722565494139,rh
200,91,0.5988915715885029,0.9998996295386837,34.68536494010064,-51.93836886488757,44.2135620736179,rh
200,92,0.5949284264539119,0.9999275962386803,38.80625536323492,-36.29927102665099,39.68737685710012,rh
200,93,0.5954107916385566,0.9999190686507529,30.564204192382544,-54.67319624171851,43.6815436577522,rh
200,94,0.5942759591766669,0.9999233147888068,26.314129988248283,-53.026654961903176,48.200400803928694,rh
200,95,0.5962793036492835,0.9999172487217697,19.540667678117423,-60.79244107535307,50.77666032039543,rh
200,96,0.5988665791658909,0.9999055731312789,15.799838606865992,-56.14915532147056,57.57620349416315,rh
200,97,0.5977699587799425,0.9999195721680484,17.75150308044928,-56.702603797314545,63.45087783600174,rh
200,98,0.6050174496381645,0.9999011866125112,21.827303049523973,6.790136883250362,-29.761536149761675,rh
200,99,0.6059350849581786,0.9998980468476386,30.93484928814044,15.216413186089051,-30.19384396262913,rh
200,100,0.605507232883472,0.9999012695627123,24.252940123147685,12.379532911462793,-24.37315382715537,rh
200,101,0.6120176494376607,0.9998849079639575,26.66057096326941,2.3222109753985927,-22.163941416005155,rh
200,102,0.5991226114780774,0.9999064786240405,37.2719951834742,1.4660297327446414,19.166673559974395,rh
200,103,0.6016729441113847,0.9998997619116576,34.928606782454786,-21.030321444086322,17.852432295751644,rh
200,104,0.6001482474400183,0.999898358563203,34.3464941080206,-12.332839735485669,27.673048477835298,rh
200,105,0.6044250600596747,0.9998907598304438,37.003373185547034,-17.258144256659325,32.955621039589595,rh
200,106,0.6019018453172515,0.9998898296381935,34.82042016016974,7.922827174522688,39.81969011671476,rh
200,107,0.6058102561952392,0.9998895643374607,54.16707049868234,-3.1325528045209343,-4.817231903234957,rh
200,108,0.6069845067118483,0.9998755088406699,57.82265752011318,-21.246229314707897,2.5805377914484064,rh
200,109,0.5971644661982385,0.9999163024782616,30.25300870902758,-16.06744214682083,45.009707586329085,rh
200,110,0.5958891979487227,0.9999210887260971,43.62654186797247,-20.685136152361807,50.032551554850734,rh
200,111,0.5957781995799214,0.999921200738364,23.1063302913902,-16.048808425270177,50.52966973551038,rh
200,112,0.5987802899987591,0.9999238120968122,33.29660760534196,-28.046807741171524,59.327392452005796,rh
200,113,0.597724259144633,0.999925273785123,30.99443399523553,-35.33386813177489,58.236218423503615,rh
200,114,0.5973721067390555,0.9999167881469347,16.12577094435692,-18.113215515098524,58.753225839492956,rh
200,115,0.5976392656414486,0.9999180004328909,14.978959981689512,-33.87089730427202,63.18280460928851,rh
200,116,0.5988913313670731,0.9999042933351536,21.45673280919187,-33.47273003513014,64.3245210145887,rh
200,117,0.5995776971922042,0.9998944256763415,15.217025597350988,-28.94089209376894,68.41437374303786,rh
200,118,0.6000735601012077,0.9998987339819597,9.831140104538182,-22.984873454380413,70.1281308537998,rh
200,119,0.6002544088375029,0.9999062125510904,39.01811635237716,-15.384067463395622,8.769840908003898,rh
200,120,0.5999293958733273,0.9999019849051682,10.677242035366314,-34.10032670977853,72.53431116032327,rh
200,121,0.6053439503044954,0.99988210809447,47.87861835317828,-25.720193781832375,12.222909155524823,rh
200,122,0.5990078660031087,0.999908322009427,51.2856404475355,-26.522128758208474,13.600076561964112,rh
200,123,0.6001859839063342,0.9999030207129747,44.63574491059063,-22.74810749657383,15.843775359965804,rh
200,124,0.5970857687229435,0.9999167584075004,53.46598255723939,-13.689503301163441,13.640066692127448,rh
200,125,0.6041955393967138,0.9998879799219937,61.14890832797789,-5.647441045528689,23.790083837070505,rh
200,126,0.6039458367371958,0.9998866464318391,57.32281049117863,-13.862374898433014,30.55988421231843,rh
200,127,0.5963827614605607,0.9999201217500888,49.2966108291577,-16.26672526792838,38.6225232611864,rh
200,128,0.6113718423677537,0.9998816739345636,33.73421924152402,-38.76331486486799,-23.52695965246342,rh
200,129,0.6030767616441016,0.9998941199018365,33.23178140090447,-45.99464692503632,-18.166475217028488,rh
200,130,0.6018933724051894,0.999891902383229,22.959162550284056,-80.4520572634426,6.557915456949633,rh
200,131,0.5993556566009246,0.999896313702305,26.430476287751524,-86.95189926495732,14.919142107975587,rh
200,132,0.5966901288665685,0.9999113488299182,10.275222247423393,-73.99843083781549,20.240855626405384,rh
200,133,0.5966482516004995,0.9999132196569017,29.354267305461548,-81.14855021670053,20.990279657638876,rh
200,134,0.597228099192752,0.999907759380372,15.407076226747648,-82.06139834030907,33.753496082819936,rh
200,135,0.595158566204356,0.9999177904138494,26.223940292994182,-74.16139449013605,34.68717503106153,rh
200,136,0.6029472972479255,0.9998877885637135,31.439733627366664,-64.02397842448721,-12.385238603454567,rh
200,137,0.6080215495320582,0.9998809778128073,20.795705427805053,-55.12249137461991,-10.50825822290373,rh
200,138,0.6078510881538487,0.9998724094868923,34.092499434878796,-78.03152236506833,-9.459076297412025,rh
200,139,0.6066145212494698,0.999877757030294,25.65721668457187,-79.50346472462877,-7.916557316815828,rh
200,140,0.6062223785936359,0.9998780635502932,18.289055960986254,-77.14112915130687,-6.522162292058316,rh
200,141,0.6037556757741157,0.9998835414067214,13.413342913480992,-69.5790844838632,-1.232640149946632,rh
200,142,0.6069409815286738,0.9998808331670964,29.692618193964726,-59.47460999084058,3.9290591105098094,rh
200,143,0.5993607502922838,0.999901341646558,21.326292111579527,-80.9096155463678,6.750809302168677,rh
