parcel_idx,label,hemi,tau_mean,rho_mean,tau_r2_mean,rho_r2_mean,x,y,z,tau_resid,rho_resid
0,7Networks_LH_Cont_Cing_1-lh,lh,0.0159671375220931,0.5992231464879649,0.8151478182034957,0.9999051212051828,-2.225671791832552,3.6683418127521312,30.230103321564503,0.0011954705644636292,-0.002403945998981749
1,7Networks_LH_Cont_Cing_2-lh,lh,0.007889065676682454,0.6026882271006626,0.846091241587019,0.99988324521791,-3.1809476000639414,-21.0075277193948,29.78528140953138,-0.005241145044449115,0.0015708921454649083
2,7Networks_LH_Cont_OFC_1-lh,lh,0.025648993309527714,0.6055891522429053,0.5157805776423923,0.9998978067592128,-27.72670631495984,46.75480225866392,-14.109120785780847,0.005076537348330978,-0.0017342242166280553
3,7Networks_LH_Cont_PFCl_1-lh,lh,0.025884444846794898,0.6057130669297008,0.5482260247614257,0.9998965073710571,-42.23302016870068,46.22517440858052,-4.52016727584215,0.006108570479830832,-0.0007338209464806678
4,7Networks_LH_Cont_PFCl_2-lh,lh,0.014840406061219408,0.6061029124598811,0.700776988647855,0.9998895978411126,-45.096832626477806,32.46106359431174,10.39753443662044,-0.002955885726720932,0.0014671808657316099
5,7Networks_LH_Cont_PFCl_3-lh,lh,0.016257991453178026,0.604694160254452,0.6895429614166876,0.9998954741245073,-39.34782922495966,46.15311339668606,11.77650232563848,-0.0024061337440958418,-6.867132933741082e-05
6,7Networks_LH_Cont_PFCl_4-lh,lh,0.019583005137575982,0.603843303486225,0.6679488323339526,0.9999017011038102,-28.39669974502809,50.5418346111591,12.993818799157047,0.000632728085183807,-0.0008107364359035696
7,7Networks_LH_Cont_PFCl_5-lh,lh,0.011665984336356178,0.6054110927021741,0.7804621608511725,0.9998871501701488,-42.35231753906917,35.688901406168284,20.877683296881088,-0.005642391481461178,0.0017906072525429861
8,7Networks_LH_Cont_PFCl_6-lh,lh,0.011703803409609595,0.6040044205716889,0.7936071536909547,0.9998926642567114,-42.86352279989477,21.123559542518247,25.78900273088465,-0.004278424630637285,0.0012122750200043164
9,7Networks_LH_Cont_PFCl_7-lh,lh,0.012790095234391638,0.6021220565177927,0.818823725625066,0.9999012040175976,-37.14715568504142,6.909435672052142,31.01085873065482,-0.0019103287347593517,0.00023011660477201268
10,7Networks_LH_Cont_PFCl_8-lh,lh,0.009885729894795473,0.6049078419443444,0.8236783487293095,0.9998873790687034,-37.89648876758601,31.07452515734742,36.07220465300099,-0.00609106339568153,0.0029748471082038375
11,7Networks_LH_Cont_PFCmp_1-lh,lh,0.01367523184210813,0.5998998155815367,0.8337809932978034,0.999902075346308,-4.862709725057924,25.65371003708282,45.29731506991696,-0.0015213189916839856,-0.0007140182330599432
12,7Networks_LH_Cont_PFCv_1-lh,lh,0.024982929189651757,0.6061126031759928,0.5594078105607181,0.9998928708404874,-33.10543285536419,18.18721230956968,-9.939000995639953,0.0066635166120905635,-0.00017646825673500732
13,7Networks_LH_Cont_Par_1-lh,lh,0.013159416451986757,0.5973163984576765,0.7902642237022811,0.9999125299871839,-28.972550839407567,-72.08451705061768,36.627593393065496,0.004124431940970839,-0.0021394595718711162
14,7Networks_LH_Cont_Par_2-lh,lh,0.007852403418096631,0.6049310437555924,0.867600387444201,0.9998827132290237,-57.43772529241607,-45.16406984404316,42.6297962684331,-0.0023925620439512844,0.005252478891402457
15,7Networks_LH_Cont_Par_3-lh,lh,0.008393473855508742,0.603569484953648,0.8603335758984888,0.9998862520182078,-51.70714798822522,-53.06946920254301,39.308137758384994,-0.001586162005881582,0.003777145238127111
16,7Networks_LH_Cont_Par_4-lh,lh,0.017213982659755635,0.5957481429610668,0.7708995470523691,0.9999252267142208,-33.01249050057453,-60.82633115703933,41.58812086132989,0.007789185000835341,-0.0034903251064819507
17,7Networks_LH_Cont_Par_5-lh,lh,0.012820477996360154,0.5998717147315514,0.8341921860648172,0.9999056882926464,-41.75459424227369,-54.409667524385625,40.20693772838962,0.002926156009381061,0.0002785726265134292
18,7Networks_LH_Cont_Par_6-lh,lh,0.013427825587925026,0.5992392599167583,0.8321127784678611,0.9999079009297049,-44.24843875250716,-44.61400144608295,42.80799689728426,0.0030688851550549658,-0.0003315270516036639
19,7Networks_LH_Cont_Temp_1-lh,lh,0.005638525799377201,0.607578331396258,0.8762464467901174,0.999867030797907,-60.02472139294152,-49.59256503171226,-10.852849359675368,-0.00798660441894081,0.0025326465221121586
20,7Networks_LH_Cont_pCun_1-lh,lh,0.01324555536882736,0.5963920168921091,0.722545430946422,0.9999105914441754,-10.760401704632644,-75.83670678375461,43.22303682016143,0.004796610316717005,-0.002165395005219617
21,7Networks_LH_Cont_pCun_2-lh,lh,0.013609178306921875,0.5957922330324503,0.7428428337664319,0.999916340974171,-7.017724206677307,-60.92232099007134,51.415970837159016,0.004694414607626417,-0.002241575395983464
22,7Networks_LH_Default_PFC_1-lh,lh,0.03212594236955891,0.6049058479413704,0.5581997701274698,0.9999035690291361,-35.41555273520814,22.084490812704704,-15.082578042399652,0.013203548249232918,-0.002013905331116228
23,7Networks_LH_Default_PFC_10-lh,lh,0.009240452759648587,0.6078080789520452,0.8257011282242763,0.9998790584199425,-53.244488806094765,19.86821067858042,10.648061996735867,-0.007633364994198453,0.0034218010719682113
24,7Networks_LH_Default_PFC_11-lh,lh,0.01315541440768384,0.6078917629061895,0.7511645760862031,0.9998860575016114,-16.652498448100907,64.12688667021891,10.012552964724776,-0.006997370042076198,0.0027153440658725936
25,7Networks_LH_Default_PFC_12-lh,lh,0.02073373968128419,0.5984243932397828,0.7827546486272262,0.9999156491705415,-5.448136830848746,30.143438312911176,21.237053693985988,0.003575077113834136,-0.004747221146844227
26,7Networks_LH_Default_PFC_13-lh,lh,0.013634872050353816,0.6016575041125358,0.8309666924816941,0.9998985809872374,-5.358658399160932,49.0758804926848,27.355037936937627,-0.004379568108271654,-0.0013217585153668665
27,7Networks_LH_Default_PFC_14-lh,lh,0.011245410413292252,0.604340938963806,0.8223258564827913,0.9998876324517911,-16.577720333903617,54.36081275852045,30.122063154449112,-0.006858697696975197,0.0014361713421944255
28,7Networks_LH_Default_PFC_15-lh,lh,0.013148032073895527,0.6034227674932542,0.7887976898622514,0.9998954621130871,-24.65000903312796,44.89307394795034,28.692124938338456,-0.004361222150803945,0.0005256214683317939
29,7Networks_LH_Default_PFC_16-lh,lh,0.011866972112203264,0.6025600721501895,0.8182458046691969,0.9998972731157605,-26.229546386109305,26.803473117083488,38.6378469975037,-0.0037230410472400832,0.001076154664271023
30,7Networks_LH_Default_PFC_17-lh,lh,0.008677779333999635,0.6039827143923561,0.8584011539732963,0.9998883757444684,-41.33548079856023,18.13569087818757,45.765911541195216,-0.005732324013545174,0.003305465129717744
31,7Networks_LH_Default_PFC_18-lh,lh,0.010185768974051303,0.6045947701896461,0.8385185905404279,0.9998861496371887,-9.74775480605409,42.90992183266523,48.448833176237855,-0.005924813211535103,0.0038707841389810094
32,7Networks_LH_Default_PFC_19-lh,lh,0.012532195118537195,0.6018025392129115,0.8205838240538504,0.9998981825554496,-20.882703936010376,34.39732618116795,42.4120461313348,-0.003345721392969467,0.0005714016339616323
33,7Networks_LH_Default_PFC_2-lh,lh,0.026045544263752957,0.6082865506158885,0.5155777278665775,0.9998936398005703,-34.73836611879283,36.41457536713831,-13.202855249931073,0.006281142686694337,0.0012368771951218882
34,7Networks_LH_Default_PFC_20-lh,lh,0.009733420715665315,0.6026224528426086,0.8425584206566402,0.9998926689148526,-42.85162354774601,4.787632482870184,45.78667462540932,-0.0037639382394207537,0.002239834165018606
35,7Networks_LH_Default_PFC_21-lh,lh,0.010396306935657218,0.6026870551942843,0.8324058425472475,0.9998948239948121,-32.034395758731605,13.224192363553328,52.6139647658696,-0.0032717993413536456,0.0028913849989238294
36,7Networks_LH_Default_PFC_22-lh,lh,0.013122994076872901,0.601148724207847,0.8271368834350935,0.9999017080084559,-25.162960916195274,17.890900521908165,47.82930414931579,-0.0012372937973508785,0.0008125147708849534
37,7Networks_LH_Default_PFC_23-lh,lh,0.011037177718354827,0.603586919715768,0.8352928121762276,0.9998898053493793,-13.077377486804217,25.03736183790356,58.38545190233328,-0.003157613377926081,0.004256731484596377
38,7Networks_LH_Default_PFC_24-lh,lh,0.009970852582821219,0.6010131342028394,0.8525106905718668,0.999890569379823,-7.39856478587175,10.489577521097202,63.66846887148344,-0.00291512953246093,0.002596696449041702
39,7Networks_LH_Default_PFC_3-lh,lh,0.020393842241541095,0.605433806298943,0.6141346093289984,0.9998969149515958,-4.724587174592722,52.44956600132273,-9.9265980175121,-0.00042944621401010477,-0.001415150553240041
40,7Networks_LH_Default_PFC_4-lh,lh,0.043501390372888825,0.6021236930775754,0.634932202937716,0.9999192920216302,-5.289522376148108,34.716976993096935,-8.594936791273296,0.023971000015808454,-0.004189787858665195
41,7Networks_LH_Default_PFC_5-lh,lh,0.023749122356859876,0.6063179369075961,0.5260140660126134,0.9998923862326417,-46.50230795114152,33.41523071644838,-10.048385246944758,0.00448474531413047,-0.0004331607218257538
42,7Networks_LH_Default_PFC_6-lh,lh,0.022695114499996505,0.6048076538944275,0.5909861234697573,0.999898162220723,-28.767925863574675,53.433223522907625,0.9124134181494138,0.002717124704512665,-0.0011458446566235958
43,7Networks_LH_Default_PFC_7-lh,lh,0.017607761472233825,0.6071812602854485,0.6481840500467515,0.9998887844200234,-46.10304853360947,27.4919744831242,1.4340034216095388,-0.0004658289074418731,0.0017379286849985576
44,7Networks_LH_Default_PFC_8-lh,lh,0.014313593905967533,0.6037044831497594,0.7679743446528037,0.999894121168028,-7.544467431338713,54.49682205118597,7.529713835653562,-0.00542229175350472,-0.0014347897665579756
45,7Networks_LH_Default_PFC_9-lh,lh,0.024783485094558116,0.6006229159795744,0.6758163287449797,0.999910113130475,-6.932250439334702,41.64669330303486,7.384135745438122,0.005900846293005836,-0.004233534482194767
46,7Networks_LH_Default_Par_1-lh,lh,0.008909322606727268,0.6038817137193079,0.8426684999689814,0.9998837851432362,-57.383010887272576,-49.72522937550264,12.918316185204691,-0.0030817014148811234,0.0012809723098202719
47,7Networks_LH_Default_Par_2-lh,lh,0.013675483478430053,0.5978736806345729,0.8462807730200899,0.9999091323222613,-42.824573299427726,-57.85325620582066,17.128322882973468,0.002425712754971514,-0.0040001653050858454
48,7Networks_LH_Default_Par_3-lh,lh,0.007858334779828145,0.6025444363776893,0.8447760626362374,0.9998855804782347,-42.61979447022183,-75.7570265501533,24.6785933005728,-0.0016623694603562032,0.0018493909725019186
49,7Networks_LH_Default_Par_4-lh,lh,0.010545326554869528,0.6024654181951766,0.8384086495259705,0.999896390302372,-42.58179975369058,-63.030436059429306,27.82130876127773,0.0003824747624845779,0.001800707115616862
50,7Networks_LH_Default_Par_5-lh,lh,0.009034008718153895,0.6038912063492771,0.8419800072028817,0.9998862759353557,-54.131188492661074,-55.54472807411835,25.30252821497457,-0.0017301841163970804,0.0027098262698249664
51,7Networks_LH_Default_Par_6-lh,lh,0.008266404878601285,0.6022276617103212,0.854080241107543,0.9998896110102042,-39.05635863200874,-73.46306570016654,40.98188612567392,-0.0003063955563113816,0.0031686691462491368
52,7Networks_LH_Default_Par_7-lh,lh,0.008724122974221718,0.6032190631957817,0.8519088661216205,0.9998883812966043,-47.452882282069474,-63.57486788952937,41.60346452525405,-0.0004164573926796304,0.0039329541825215975
53,7Networks_LH_Default_Temp_1-lh,lh,0.01438934987346851,0.6080787674542015,0.6780638770219466,0.9998804976024016,-55.9116706111005,-7.6435819522878115,-27.64751808117361,-0.0032561581866642954,0.0003979508372946583
54,7Networks_LH_Default_Temp_10-lh,lh,0.010934399235829275,0.6053903432379898,0.813958437832591,0.999888057309169,-52.29275311985409,-44.45777504342105,3.683274732517424,-0.0020849191437093424,0.0017682326844548069
55,7Networks_LH_Default_Temp_2-lh,lh,0.00746696253023317,0.6084305913803015,0.858035479141026,0.9998713000269152,-61.790484664840825,-23.34326415926764,-21.159731723702887,-0.00863057737760365,0.001722981067495799
56,7Networks_LH_Default_Temp_3-lh,lh,0.006159483381540693,0.6087373711201072,0.8637727019918571,0.9998680682523874,-58.37601721091349,-38.36302311433469,-20.80113221778244,-0.008922444443713567,0.002435102804500877
57,7Networks_LH_Default_Temp_4-lh,lh,0.0098011948617765,0.6100035748775732,0.7990429246404981,0.9998757052727911,-56.184116394907726,-16.283339937164754,-14.49555316398523,-0.006350211170786706,0.0038573138967208376
58,7Networks_LH_Default_Temp_5-lh,lh,0.013532013478208559,0.605742047904883,0.7218341813539708,0.9998832603768583,-56.14723524146419,-0.4664827350988786,-11.205865896063736,-0.003459982562961098,-0.00042935649250530616
59,7Networks_LH_Default_Temp_6-lh,lh,0.007060604554585197,0.6080431499996799,0.8646913006688209,0.999871973307871,-58.67622828198444,-38.53217578000066,-5.0871125535864685,-0.00692175807891752,0.0033431252650797383
60,7Networks_LH_Default_Temp_7-lh,lh,0.011387671241196192,0.6059217134643956,0.7793783849169563,0.9998833085343788,-51.35545365942661,-28.308782433717383,-6.800510683236047,-0.0034527357054953134,0.0008708244220178019
61,7Networks_LH_Default_Temp_8-lh,lh,0.007520553100096235,0.6083199313364323,0.8614738743011344,0.9998732813645618,-61.78149339379368,-16.813580985261474,-3.943987178188997,-0.007827920693578998,0.003217238106009379
62,7Networks_LH_Default_Temp_9-lh,lh,0.007955828427298396,0.6062645830350055,0.8577319570448929,0.9998766228653413,-61.810173705013,-35.032639649363446,2.062868429731705,-0.00574739447940263,0.002188848335890059
63,7Networks_LH_Default_pCunPCC_1-lh,lh,0.01193211582215479,0.6018092337950226,0.766697406730631,0.9998935780762761,-7.1763669689368585,-54.03647287252248,7.499414140005204,-0.00048181639894547164,-0.0008563346379043546
64,7Networks_LH_Default_pCunPCC_10-lh,lh,0.015143004663680768,0.5943017370607213,0.6611898261953215,0.9999209952946382,-4.11859862944659,-65.55800170732219,41.53012864522165,0.005838287541757317,-0.00461097201598859
65,7Networks_LH_Default_pCunPCC_11-lh,lh,0.01734398741647002,0.5935722260232402,0.7016805218058098,0.9999285248188898,-7.123247340262015,-49.818272388727465,42.59006779616111,0.007070332418535542,-0.005614561958191211
66,7Networks_LH_Default_pCunPCC_2-lh,lh,0.01460780253152216,0.5996854911659566,0.7270237927075194,0.9999055091350714,-14.11254913537572,-62.67526649996493,17.11080800938307,0.0034882378513814236,-0.0018578220580892646
67,7Networks_LH_Default_pCunPCC_3-lh,lh,0.015109249570976082,0.5969311280233484,0.6552535991262625,0.9999131819756549,-3.2310558035969734,-54.12389100514925,20.204847374023537,0.003552718749746459,-0.004407644761994178
68,7Networks_LH_Default_pCunPCC_4-lh,lh,0.008999464214063014,0.6031074412044047,0.8320146730417466,0.9998859737041915,-4.187172914616038,-39.83902543355404,24.192996006833308,-0.0032392508662814797,0.0018419029052288982
69,7Networks_LH_Default_pCunPCC_5-lh,lh,0.019590333885398506,0.5926074248067837,0.4876439374043467,0.9999314132927516,-12.182870918188613,-68.88448113755297,30.34756563875241,0.009791771836901518,-0.00743104026965502
70,7Networks_LH_Default_pCunPCC_6-lh,lh,0.017659515545364615,0.5933735760350527,0.5811779879807982,0.9999266797897993,-6.210162707089527,-59.21063153043514,29.97880504757839,0.007142057302116473,-0.006876697070989257
71,7Networks_LH_Default_pCunPCC_7-lh,lh,0.011498633860393122,0.6010788825143404,0.8154662962162115,0.9998994183658861,-7.397917231708242,-43.84895533288432,33.774448196790374,0.00021456162429613762,0.0008558948725153614
72,7Networks_LH_Default_pCunPCC_8-lh,lh,0.011332021645822242,0.6002392049202491,0.8408399768233589,0.9998990428343997,-2.999572497981412,-31.003679178811453,39.53711645419781,-0.0004506007867966129,0.0003445036730638229
73,7Networks_LH_Default_pCunPCC_9-lh,lh,0.012842277654106388,0.5997288827100766,0.840344406514664,0.9999052596157166,-1.8576950583632528,-14.542882574504793,39.12657913627014,-8.762472251316357e-05,-0.0005740053048089999
74,7Networks_LH_DorsAttn_FEF_1-lh,lh,0.009838765499876785,0.6015997501754285,0.8193470447299992,0.9998988591687117,-42.38063602239867,-4.416281575106394,49.41332086471154,-0.002789801950710014,0.0018000058630952553
75,7Networks_LH_DorsAttn_FEF_2-lh,lh,0.013928024153307291,0.5989084481784206,0.8539033793156322,0.9999127363846532,-26.209761056873607,-0.553784114816239,51.04001641735806,0.0010418374819105396,-0.0006883760453476606
76,7Networks_LH_DorsAttn_FEF_3-lh,lh,0.012111588370486757,0.5994566064320404,0.7733770915388255,0.9999121486050561,-30.667170245005902,-7.23287867207125,49.05226208024236,-0.00043098326646005304,-0.00022498271459725494
77,7Networks_LH_DorsAttn_FEF_4-lh,lh,0.012335109695146597,0.598942787201999,0.8458306343099545,0.9999060118226988,-21.806398165744284,5.312929678721981,59.09587647811226,-0.00042007332654797266,6.695630125252983e-05
78,7Networks_LH_DorsAttn_Post_1-lh,lh,0.00830351391348764,0.6082170282587922,0.8318981783065998,0.9998766402628487,-44.205691876883705,-41.47907080056187,-24.02837216130461,-0.006886915933924794,0.0017668072434110504
79,7Networks_LH_DorsAttn_Post_10-lh,lh,0.014620497319559238,0.5968899337221351,0.7957950457023371,0.9999194308798943,-27.93978271047577,-56.96442309226698,45.037484685883264,0.005139122390435142,-0.002045900277539925
80,7Networks_LH_DorsAttn_Post_11-lh,lh,0.015435019188625755,0.5979152936396228,0.7755413173197335,0.9999195123801705,-35.27278000163281,-38.49769673009557,44.12522832990632,0.004693566496435861,-0.0015912047864037326
81,7Networks_LH_DorsAttn_Post_12-lh,lh,0.014125984302734762,0.5987890755984084,0.7916306714105231,0.9999115627649454,-34.70367788801006,-51.61386739818099,51.68537143632477,0.0047886309115863935,0.00035607548193594685
82,7Networks_LH_DorsAttn_Post_13-lh,lh,0.01297219111126785,0.5965200076090355,0.7559261494675094,0.9999120381861533,-15.236237032457543,-69.27501632643431,54.09764610619516,0.004862184129552992,-0.001113897765935068
83,7Networks_LH_DorsAttn_Post_14-lh,lh,0.01132318941369873,0.5990205437260068,0.8128095007499379,0.9999048752696864,-26.62689025998897,-60.30824582261152,58.1833988004712,0.00296727951149269,0.0015102118850671697
84,7Networks_LH_DorsAttn_Post_15-lh,lh,0.011958064804119903,0.598179043015508,0.8000761890462957,0.9999069806371752,-9.955279937660416,-57.18201072912648,61.73898947549618,0.003524172901048804,0.0010887800014302007
85,7Networks_LH_DorsAttn_Post_16-lh,lh,0.011293232294486638,0.59908143206318,0.8115357651698766,0.9999059079861227,-20.9414129970836,-53.92451153709775,63.16374481616377,0.0028121850111852715,0.0019769514980186864
86,7Networks_LH_DorsAttn_Post_17-lh,lh,0.009056709942325067,0.6010475260685898,0.8321361691987079,0.9998948271477381,-15.386701867096406,-50.276124586138806,70.73036589658349,0.0008148161971461756,0.0046736858552477445
87,7Networks_LH_DorsAttn_Post_2-lh,lh,0.008074618521167672,0.6075282237293352,0.8490345521482844,0.9998770960430577,-47.15596871878233,-54.06269714307735,-15.919451797095528,-0.005685940214010619,0.002168002397241686
88,7Networks_LH_DorsAttn_Post_3-lh,lh,0.006083735904905176,0.608011821089037,0.8731077167915421,0.9998710252819182,-53.2125022771322,-62.25397700136548,-3.8142905067428297,-0.006246247600970883,0.004024496301247571
89,7Networks_LH_DorsAttn_Post_4-lh,lh,0.007107979713398151,0.6034554718900172,0.8712690760512257,0.9998822252356957,-46.47895984177876,-67.84704178719133,11.128987582749277,-0.0038571176136176126,0.0011699963666051971
90,7Networks_LH_DorsAttn_Post_5-lh,lh,0.01853234215247525,0.5931525217392599,0.6999968491802095,0.9999358635448712,-26.4475365004726,-69.29530358625301,27.30186345190976,0.008647429679891216,-0.007297324002894068
91,7Networks_LH_DorsAttn_Post_6-lh,lh,0.009505323316516493,0.602448567057439,0.8538128535734631,0.9998922821531419,-50.50214662977085,-33.157821261654995,40.64988930574648,-0.001733854595763057,0.0023483672425712587
92,7Networks_LH_DorsAttn_Post_7-lh,lh,0.015042620667455932,0.5962255177767753,0.7537996597213189,0.9999202187931263,-23.56977437251323,-64.05671753754487,42.030502046121136,0.005802633831498949,-0.0028211096045526185
93,7Networks_LH_DorsAttn_Post_8-lh,lh,0.016335685105033342,0.5964676271758129,0.8000664605875947,0.9999255037962882,-41.80453570444181,-31.00647144860758,38.730709529601945,0.004759835321606055,-0.003809737497201815
94,7Networks_LH_DorsAttn_Post_9-lh,lh,0.01700376889788077,0.5966855707732229,0.7925624579306477,0.9999224792418467,-33.93362460633502,-47.70593910757332,38.35676895789658,0.006476162860596433,-0.003188265052606165
95,7Networks_LH_DorsAttn_PrCv_1-lh,lh,0.011425246975444616,0.6016387252337875,0.815183070398644,0.9998971152925614,-47.97324231275872,6.2063375440996085,24.471581162030425,-0.003606510063587264,-0.000987172084922494
96,7Networks_LH_DorsAttn_PrCv_2-lh,lh,0.01007258736549933,0.6024597332718588,0.8362680499689435,0.9998976734812972,-49.70606513484832,0.9781463359288248,36.64115305562173,-0.0037533939607866315,0.0011792435392738998
97,7Networks_LH_Limbic_OFC_1-lh,lh,0.029777308519025172,0.6053440302784296,0.5968446695573447,0.9999049112315518,-13.292980548075713,21.18468537236926,-21.08755740952804,0.010351056917226268,-0.0019955507331106404
98,7Networks_LH_Limbic_OFC_2-lh,lh,0.03536961177941121,0.6025087940322812,0.5925879614146544,0.9999073538471618,-23.89638536037197,21.985710938771565,-20.290748986126232,0.01601603946337397,-0.004850012349007504
99,7Networks_LH_Limbic_OFC_3-lh,lh,0.034390343094580354,0.6034467275139179,0.5695404677455347,0.9999097573246125,-10.873434260217609,43.48105623411096,-23.46935508130253,0.013277995286713275,-0.004624964286801148
100,7Networks_LH_Limbic_OFC_4-lh,lh,0.03151496039916645,0.604168995657467,0.5451831021007808,0.9999046914743289,-3.754660211937337,20.102923882762088,-18.793292442756364,0.012255828467833886,-0.002838337811658209
101,7Networks_LH_Limbic_OFC_5-lh,lh,0.0179388816507941,0.6063964623468272,0.6279861456548079,0.9998864291951471,-16.13442856102314,62.18571597164117,-7.906560958747399,-0.003324894489140466,-0.0005570318012636521
102,7Networks_LH_Limbic_TempPole_1-lh,lh,0.019306296269952783,0.6101981248699645,0.565872243642711,0.9998860507186238,-39.70239196528656,-7.127084286019371,-41.0033975718879,0.0005932196291293795,0.001270591045270164
103,7Networks_LH_Limbic_TempPole_2-lh,lh,0.026258470643939408,0.6091500606095664,0.5045792585304677,0.9998954600618656,-26.86821711989882,4.227945093631065,-38.74394536141904,0.00684828244679175,0.0002932698657841515
104,7Networks_LH_Limbic_TempPole_3-lh,lh,0.020949556217953476,0.6076776702802902,0.5541443917540277,0.9998920156122563,-26.731302960713705,-10.89095298608144,-33.499243920644126,0.0029215449117467353,-0.000299182270381948
105,7Networks_LH_Limbic_TempPole_4-lh,lh,0.011013591666663795,0.6083823235773961,0.7544997970816922,0.9998738149976993,-51.7472156144016,-24.36365758002192,-32.80556341572594,-0.005887892287975401,0.0005894611870503885
106,7Networks_LH_Limbic_TempPole_5-lh,lh,0.01141085237600196,0.6087311350662578,0.7492662009780505,0.9998782674763228,-40.06220527048464,-23.02177058546632,-26.49928586129789,-0.0052243306715677226,0.0016405879252768818
107,7Networks_LH_Limbic_TempPole_6-lh,lh,0.027253754018597774,0.6057486781643634,0.5368778191739875,0.999897090515493,-47.4509777497353,8.622316963813343,-30.74130548409761,0.00823918734399676,-0.0025525213885781994
108,7Networks_LH_Limbic_TempPole_7-lh,lh,0.026709498422903953,0.6056560039270248,0.5406926688869625,0.9999001669785336,-33.55322896501292,7.815340258841119,-26.289559712617294,0.007963152531793104,-0.002065671169151684
109,7Networks_LH_Limbic_TempPole_8-lh,lh,0.018376947918987155,0.6043148599177505,0.6501027897822824,0.9998963386790573,-20.833664374048976,-22.47760446266105,-25.04633926841068,0.0016754705623038268,-0.002491142511603095
110,7Networks_LH_SalVentAttn_FrOperIns_1-lh,lh,0.024888152477977852,0.6027548158417527,0.6611259667425777,0.9999043512974587,-44.27507714153524,-1.9691270553615543,-15.561208579821743,0.007616305384735754,-0.003734033706323525
111,7Networks_LH_SalVentAttn_FrOperIns_2-lh,lh,0.025440259655276985,0.6027001643038539,0.6229635186249585,0.9999029131789319,-39.97043976865537,0.595864837537787,-6.664366941782386,0.008581092933910461,-0.0029075293926997814
112,7Networks_LH_SalVentAttn_FrOperIns_3-lh,lh,0.03521371952763325,0.6035141489300067,0.6094911412347345,0.9999102921489805,-32.39046696366935,26.02637937874629,-0.3362175469819842,0.017024013550260793,-0.0019698822682099326
113,7Networks_LH_SalVentAttn_FrOperIns_4-lh,lh,0.012527878345655507,0.6054240530076112,0.734047473262726,0.9998845209559242,-40.23415162386142,-16.420856948315397,-3.941731276541112,-0.0029926101602266286,0.00047954283342044324
114,7Networks_LH_SalVentAttn_FrOperIns_5-lh,lh,0.02259057673621399,0.6007112270973923,0.6950052729508593,0.9999084837694269,-32.974421531985506,19.40142974371862,7.906767452124393,0.00542177154782824,-0.0037866422354686513
115,7Networks_LH_SalVentAttn_FrOperIns_6-lh,lh,0.01450271445750218,0.6046541685701563,0.7480112135147523,0.9998909691884452,-35.928958713498886,4.822265129268403,10.04293815226976,-0.0015143048875034416,0.000683336880133778
116,7Networks_LH_SalVentAttn_FrOperIns_7-lh,lh,0.009953659255135633,0.6074599952710066,0.807566615387033,0.9998765419497235,-44.15241681496928,12.027876529637284,1.954714645833276,-0.007053223648101429,0.002437308787443304
117,7Networks_LH_SalVentAttn_FrOperIns_8-lh,lh,0.010056607724443355,0.6058718159779786,0.8158540489625028,0.9998813611716062,-51.096116187164135,0.163706507318967,3.985929608473668,-0.005962052548875323,0.0012726894667293154
118,7Networks_LH_SalVentAttn_FrOperIns_9-lh,lh,0.009750902472756255,0.6051835883659509,0.818959898869666,0.9998788316941151,-51.86575559607135,8.562580772968525,12.651200385378376,-0.006230597030089853,0.0012697442397783254
119,7Networks_LH_SalVentAttn_Med_1-lh,lh,0.018557343408677363,0.5970185165731879,0.8466803032035205,0.9999213580120888,-7.622988210197239,19.573154094349984,32.80045354014207,0.0029261652262011113,-0.0047510928337959335
120,7Networks_LH_SalVentAttn_Med_2-lh,lh,0.01757865825540622,0.5949405123755128,0.8787931945899612,0.9999279254086711,-6.89563837940768,0.8559452925412733,41.32250199355478,0.0037950921910873663,-0.005528716463039651
121,7Networks_LH_SalVentAttn_Med_3-lh,lh,0.009699830632143596,0.6007528359297488,0.8349136388430004,0.9998925737446847,-12.766133691386171,-24.88988610920153,41.19620874906841,-0.0023148086515984764,0.0008121275074630674
122,7Networks_LH_SalVentAttn_Med_4-lh,lh,0.016846314824379503,0.5970383691806771,0.8714179074288986,0.999921778453666,-7.273161498623826,8.181929967880901,46.825313479857456,0.0029511022421657047,-0.0030402290488401595
123,7Networks_LH_SalVentAttn_Med_5-lh,lh,0.014156876367764063,0.5973382401075337,0.7700286247069791,0.9999099324126033,-14.46428824674244,-39.05645511824771,45.86814254720214,0.003432943692131773,-0.001816797328024089
124,7Networks_LH_SalVentAttn_Med_6-lh,lh,0.013712131002380338,0.596013014907012,0.7808331566160422,0.9999182908737674,-7.996972425284158,-47.905287310632026,56.66460163651948,0.0042880460011954415,-0.001790439485900075
125,7Networks_LH_SalVentAttn_Med_7-lh,lh,0.009056110257043103,0.6008343830540741,0.864686873805408,0.9998913041280425,-9.581735411692527,-4.7751348625948085,68.61623965108336,-0.00244269119697812,0.0032529889832701997
126,7Networks_LH_SalVentAttn_PFCl_1-lh,lh,0.013103087957709309,0.6035155686750902,0.7790554049238099,0.9998953827972134,-30.43239820530984,39.53049867765039,25.725265998755937,-0.0042101394390149215,0.0003936485606396145
127,7Networks_LH_SalVentAttn_ParOper_1-lh,lh,0.011566957193287214,0.6014165479582471,0.8315531804126017,0.999896377867554,-53.007303389158544,-35.49347277359816,21.68828773603565,-0.000808200378245522,-0.0005813463994305268
128,7Networks_LH_SalVentAttn_ParOper_2-lh,lh,0.009241548938754668,0.6042505853232057,0.8448402715559489,0.9998852262830871,-57.54926100154381,-45.50295204227253,25.69512326030408,-0.002150272205583191,0.002853825577559088
129,7Networks_LH_SalVentAttn_ParOper_3-lh,lh,0.0072296639459543165,0.6051679826476278,0.875924554289694,0.9998801236844577,-59.68074720102058,-24.800348331803395,30.209649454625765,-0.005233243134828334,0.0037426848175526883
130,7Networks_LH_SalVentAttn_ParOper_4-lh,lh,0.007457404053472447,0.6049911535478636,0.8676345117785295,0.9998809342980648,-60.27880584389154,-37.42226658276985,34.42161412911912,-0.0038582966630314975,0.00427798390460532
131,7Networks_LH_SalVentAttn_TempOcc_1-lh,lh,0.00768611897723071,0.6049096296168752,0.8587041965565314,0.9998797173059436,-53.62599159361529,-54.918923530160434,7.941994568516798,-0.004323654302488102,0.0019494620774686
132,7Networks_LH_SomMot_1-lh,lh,0.013700338082233664,0.6050044566486065,0.7672801653048928,0.9998919055145365,-49.10716878647772,-13.393378912210798,0.4076897875755875,-0.0016639166662443285,0.0003652621760906749
133,7Networks_LH_SomMot_10-lh,lh,0.010500037675906855,0.6034678273408631,0.8260386353478614,0.9998918776816205,-48.60821804058589,-25.19058727096988,17.03619863844964,-0.002921895336880819,0.0007952747515540537
134,7Networks_LH_SomMot_11-lh,lh,0.007145898980950602,0.6058447895718924,0.8707218177117364,0.9998780625487709,-60.038825685568085,-19.98567181373921,18.521731339629167,-0.006447444238690787,0.0031163776713022395
135,7Networks_LH_SomMot_12-lh,lh,0.008448775053530621,0.6051913772327678,0.8519504216626969,0.9998845948693795,-58.84164334007316,-5.112528729102339,22.820865601232047,-0.005859525743646819,0.0025711484914680005
136,7Networks_LH_SomMot_13-lh,lh,0.006681488804519442,0.605635973155991,0.8818343792526752,0.9998784089429545,-62.35561814361916,-12.373987597159909,31.45366324088424,-0.006516193805494414,0.004033427581172755
137,7Networks_LH_SomMot_14-lh,lh,0.011925297516135873,0.600116883952392,0.8350931980378918,0.9999036053238433,-50.190783267419775,-10.547492154242454,28.73387516541377,-0.0016659022976444823,-0.0017101188351966723
138,7Networks_LH_SomMot_15-lh,lh,0.009048811724349178,0.6021937546281148,0.8480926937640796,0.9998914223390951,-53.3214094234946,-23.75585824414029,37.91048008757211,-0.0029953288678580825,0.0015783550489164577
139,7Networks_LH_SomMot_16-lh,lh,0.010524934823315442,0.5997940158392246,0.8427574908373722,0.9999025175562586,-49.83749240769976,-10.013368644769963,40.2321214262352,-0.0023099767193978486,-0.0008711530551283042
140,7Networks_LH_SomMot_17-lh,lh,0.011710554714779792,0.5995462088801202,0.8303706246359908,0.9999053814282512,-45.774021628853326,-17.987458420800163,37.90019580200836,-0.0007747125849112343,-0.0011432630428644952
141,7Networks_LH_SomMot_18-lh,lh,0.011099544301677528,0.5991915941847912,0.8501576227880069,0.9999024573646123,-8.743129790720923,-13.75252651180579,45.59628399935636,-0.0013899943489957389,-0.0005236054155668413
142,7Networks_LH_SomMot_19-lh,lh,0.01199982368915234,0.5988431287024223,0.761624510278717,0.999912794468486,-38.86746629572385,-16.22310636275578,44.99045438457107,-0.00016117190729362553,-0.0011108110854183284
143,7Networks_LH_SomMot_2-lh,lh,0.010702684421847939,0.6047224226062783,0.7978808822345567,0.9998848175546755,-56.10931351951565,-23.69945911513901,5.707054936435079,-0.0035522443307528274,0.0008037309266729631
144,7Networks_LH_SomMot_20-lh,lh,0.009654742855117993,0.6003984240748313,0.803421601696984,0.9998994229750665,-46.825092743854135,-19.5573662118036,52.93963616234915,-0.0016779509034919298,0.001268592591761486
145,7Networks_LH_SomMot_21-lh,lh,0.010746954986198341,0.6004620647055411,0.7944886131426833,0.9999007717632673,-46.16054633649737,-30.398967910518845,54.6225489349511,0.00025794990464877293,0.0017559378323492858
146,7Networks_LH_SomMot_22-lh,lh,0.014784890998277386,0.5970025409174589,0.6958268108327021,0.999923339497818,-36.92225503634833,-24.852956129697137,48.816611440960536,0.003457758711780364,-0.002349867368672487
147,7Networks_LH_SomMot_23-lh,lh,0.013818994554809127,0.595311328795517,0.7857211478292182,0.9999134432932573,-10.595498790968524,-36.98443543109356,51.43822518967237,0.0033140286708122565,-0.0032935731977254967
148,7Networks_LH_SomMot_24-lh,lh,0.012063920166957459,0.5978717530683039,0.8575836383273402,0.9999182397517845,-4.910091947092869,-23.9275973102834,54.10443394727046,0.0008234018734119119,-0.000715137156497625
149,7Networks_LH_SomMot_25-lh,lh,0.010325695498566809,0.5991973718089082,0.856904571837949,0.9999003332162707,-4.144896760297461,-9.14335792123472,57.2605713372943,-0.001699860034356248,0.0006009133627423724
150,7Networks_LH_SomMot_26-lh,lh,0.01192431747558646,0.5991813630561239,0.718133710740679,0.9999120069775671,-35.46460509877983,-19.69449630808176,60.009912207361566,0.0010127652174519476,0.0008628711603869688
151,7Networks_LH_SomMot_27-lh,lh,0.012064876329606653,0.5991072754786778,0.8188587761045723,0.9999087552907086,-30.09208316156825,-44.93929588001974,58.88197968505706,0.002743195016020994,0.0012909391563659112
152,7Networks_LH_SomMot_28-lh,lh,0.012963194071836494,0.5992931329913176,0.6900480656316692,0.9999128302903261,-33.50274708048503,-28.586031125386555,58.95554850260417,0.002565727191140685,0.0010851107675501348
153,7Networks_LH_SomMot_29-lh,lh,0.010901454660789695,0.5997682350345271,0.7938179820078594,0.9999057222680907,-30.132549316611065,-36.48280794796528,60.82360043621704,0.0011433923830786903,0.001956609378700125
154,7Networks_LH_SomMot_3-lh,lh,0.016337937636878904,0.6006769301353299,0.7625906542503074,0.999900864991031,-36.600375378225735,-24.48510210232472,8.472105336007406,0.0021952774233497466,-0.0027910749803318202
155,7Networks_LH_SomMot_30-lh,lh,0.010396524385170991,0.6009319628478399,0.8372080336561872,0.9999077611784317,-26.147134152439435,-11.438259468999265,60.13442602888109,-0.001126744732936084,0.0025101323889760163
156,7Networks_LH_SomMot_31-lh,lh,0.009443032047409362,0.5984338872799366,0.8392363478228937,0.9999024067749014,-22.04363322725483,-26.53818640989416,60.84053631202848,-0.001039851959883372,0.0004599627141721463
157,7Networks_LH_SomMot_32-lh,lh,0.009966597034732485,0.599508339419271,0.8238113422994011,0.9999007657913487,-9.737462859300951,-42.27655872147296,68.4564729499186,0.0009893378110822065,0.002764282831362541
158,7Networks_LH_SomMot_33-lh,lh,0.010909004906894502,0.600447207035698,0.8424655560087654,0.9999076168940544,-4.5160255521326,-25.76914211897783,67.47828754237,0.0007145063358123711,0.003267677528573598
159,7Networks_LH_SomMot_34-lh,lh,0.007593020314366709,0.6015188371261553,0.8714706612007979,0.9998884371242776,-16.98395305465736,-14.130715002357736,68.84486236950427,-0.0032083922535657665,0.004116648230197306
160,7Networks_LH_SomMot_35-lh,lh,0.010063833978130095,0.5986565692203499,0.8239194004788205,0.9999036908275996,-19.01375838058765,-31.45782142355233,64.50237796687279,0.00014566595184947392,0.001191268173234783
161,7Networks_LH_SomMot_36-lh,lh,0.012131490985998783,0.5982389983160934,0.8096980674712805,0.9999134839317574,-20.53849470405113,-39.21286640400155,68.25770817294696,0.0030066940257887764,0.0013211952964417017
162,7Networks_LH_SomMot_37-lh,lh,0.010066086878580622,0.5994422167907736,0.8259334277971451,0.9999038966533844,-13.274689418241982,-29.313758384396824,68.78446425905653,0.0002603559255875392,0.002408694011279633
163,7Networks_LH_SomMot_4-lh,lh,0.016350896636880177,0.5981359807736686,0.8064956402933414,0.9999068396924525,-38.73192432550015,-8.68678628993808,12.735589813597676,0.0014508632536577876,-0.005274345578650919
164,7Networks_LH_SomMot_5-lh,lh,0.0169635747093263,0.5970070929552854,0.8251646456981913,0.9999135134626695,-36.52532194769103,-26.759153874289897,17.119322231382032,0.003571592783593331,-0.005527644073153093
165,7Networks_LH_SomMot_6-lh,lh,0.010446919113023053,0.6034937736915296,0.8332811215613704,0.9998884564729515,-58.85225339873676,-37.719997849821056,14.647466864282077,-0.002225070609065403,0.0007841412588539542
166,7Networks_LH_SomMot_7-lh,lh,0.02073240988239518,0.5974689212501989,0.8066057950774864,0.9999193189636436,-41.89994005826891,-34.98152779736212,12.694232993023492,0.007625959312770889,-0.00537078726071627
167,7Networks_LH_SomMot_8-lh,lh,0.015350540834994398,0.600169400374504,0.7972834584478892,0.9999054676772745,-47.326613596264544,-14.227169012377164,13.181350216885946,0.0009134207347121833,-0.003135803586939878
168,7Networks_LH_SomMot_9-lh,lh,0.008284389948712969,0.6058569209136236,0.8490240287483423,0.9998773300270305,-60.75959134706309,-4.318530817605345,10.313856801180773,-0.00692900020122441,0.0019297070026290664
169,7Networks_LH_Vis_1-lh,lh,0.015226836504180925,0.6056611703220401,0.6878904350124668,0.9998901484613824,-31.4309310791405,-41.7305473893453,-23.353852010419683,1.3646611310726836e-05,-0.0006156553158458422
170,7Networks_LH_Vis_10-lh,lh,0.010635653551432268,0.6042080007360867,0.7957588628845031,0.9998872982337907,-13.831584402089996,-61.93816955272968,-6.925084474659111,-0.00219687410202013,0.00020163890841284893
171,7Networks_LH_Vis_11-lh,lh,0.009760941011720455,0.6047997235597177,0.8128957137158945,0.9998878873840544,-7.6674930474741,-76.6371835941891,-6.423972532256983,-0.002086363728623421,0.0012272081597636264
172,7Networks_LH_Vis_12-lh,lh,0.0055362448876283025,0.6096683599787919,0.8609964296309748,0.9998673950315466,-24.88535555931016,-96.7344111954627,-12.331187576548398,-0.0052462978757194375,0.005818837348586681
173,7Networks_LH_Vis_13-lh,lh,0.009348497559577375,0.6063493029509093,0.8194808928459842,0.9998785355705542,-13.33588174859591,-44.53940906480609,-4.765169160052536,-0.004512595308941363,0.002170208802871554
174,7Networks_LH_Vis_14-lh,lh,0.0056075928531733425,0.6060557482996745,0.8880224995776734,0.9998729415410891,-39.96225601367736,-87.00389323226904,-5.55985734128598,-0.00526186959884734,0.002557403705415795
175,7Networks_LH_Vis_15-lh,lh,0.006882066286800086,0.6054864323412569,0.8635938837708638,0.9998786002137149,-10.10872519621048,-97.78456176792218,-3.886825971378868,-0.003345820999816491,0.0026354939377849496
176,7Networks_LH_Vis_16-lh,lh,0.011630341774053143,0.6041977432710198,0.7763622681067419,0.999889772994557,-15.482495665705253,-58.09110391465523,0.7895022529339805,-0.0009175071564754122,0.0008767510642041509
177,7Networks_LH_Vis_17-lh,lh,0.0063146478275689115,0.6055631590953435,0.8792598518264453,0.9998753912017584,-44.34436879345911,-72.90463907650104,1.5993256595568917,-0.004982134847745185,0.0024387605588489514
178,7Networks_LH_Vis_18-lh,lh,0.010453694544430635,0.5991933786152644,0.7951296244800773,0.9998987125679705,-7.046712842381116,-88.08057260050357,3.616288670102469,6.863879213249782e-05,-0.003090730084211568
179,7Networks_LH_Vis_19-lh,lh,0.006560060678453778,0.603394507321348,0.8796800645559115,0.9998817083935017,-26.07193373999697,-94.43096102044936,3.78806229834965,-0.003255829437277061,0.0011252801601676632
180,7Networks_LH_Vis_2-lh,lh,0.015412949280442125,0.6095261703609163,0.6610267811338313,0.9998851552730963,-31.40945883181384,-35.14854264301093,-18.22494495228168,0.00010979458298258221,0.003621936549576321
181,7Networks_LH_Vis_20-lh,lh,0.011065103574879696,0.6050327693008429,0.7758230557250337,0.9998866688307934,-13.2440716159587,-51.69824464759048,2.876118942084057,-0.0017852046304616294,0.0017959489920896798
182,7Networks_LH_Vis_21-lh,lh,0.013723306213854031,0.5975349847077218,0.7390255119806823,0.9999094638453202,-9.856477479710986,-75.67654549863917,7.829021696911358,0.0028110855320524018,-0.004624498070562866
183,7Networks_LH_Vis_22-lh,lh,0.013363422840298315,0.599474760269959,0.7950065200539191,0.9999038979772074,-21.03412999840422,-66.21519638146768,5.735785520143349,0.001743395256260728,-0.003200197187530507
184,7Networks_LH_Vis_23-lh,lh,0.006242573357992349,0.6044961928128786,0.8884919746888362,0.9998793968506824,-38.88945099783496,-83.35966367350517,10.044632151487876,-0.0038015981776232007,0.002512646471467317
185,7Networks_LH_Vis_24-lh,lh,0.01070237183874485,0.5981177536491373,0.7660902038425992,0.9999001183184405,-14.192239268374,-97.16284925567436,15.415261314818578,0.0017942365428583896,-0.0028127741711668763
186,7Networks_LH_Vis_25-lh,lh,0.014020527884141104,0.5953043557492431,0.6355952715001503,0.9999141288324245,-3.968079407498219,-84.70897804445805,23.46371066894313,0.0047588696813051,-0.00501099549965911
187,7Networks_LH_Vis_26-lh,lh,0.01754753377406415,0.5943743040352824,0.5624715501228544,0.9999234267227465,-13.974083823852643,-70.9343149771445,19.449905606403803,0.0071462329099731044,-0.006741404599868828
188,7Networks_LH_Vis_27-lh,lh,0.009761263659825046,0.5987757965032016,0.8140561066017618,0.9999018007760393,-27.42744734250926,-83.66948806387039,16.621921721544524,0.00011513100099216217,-0.0024419056804312333
189,7Networks_LH_Vis_28-lh,lh,0.008565376069612994,0.6008454308861708,0.841612214640985,0.9998919843261742,-33.7867070651843,-82.53938262395883,23.04350547693461,-0.000670210591101358,0.00020684663675507586
190,7Networks_LH_Vis_29-lh,lh,0.011674495382326457,0.5979579925653973,0.7534345667699535,0.9999052412867655,-16.95356636250939,-88.38620781859349,28.612489427839005,0.0031047220196667637,-0.001849642180432154
191,7Networks_LH_Vis_3-lh,lh,0.008109789219057414,0.6062234329471534,0.8493402634575397,0.9998779102075552,-36.478565499802265,-61.14527789659736,-20.06013478050547,-0.0055310338478456265,0.0006855690031872808
192,7Networks_LH_Vis_30-lh,lh,0.015428169799684156,0.5952091193823084,0.604148051974401,0.9999169481128104,-13.66630835192544,-79.6397770914792,33.57240023299994,0.006588564823421565,-0.0042671782616794385
193,7Networks_LH_Vis_31-lh,lh,0.013903632276489724,0.5958721340916752,0.6998677627793816,0.9999140084123403,-21.08930028309612,-77.06418851936388,39.01340075258939,0.005316411160201836,-0.003166121427613522
194,7Networks_LH_Vis_4-lh,lh,0.01109079972878112,0.6019746999715982,0.8029367678314765,0.9998928916311054,-26.57484521249041,-54.31074229378012,-9.431516289117916,-0.0023437116418306755,-0.0025595510399759602
195,7Networks_LH_Vis_5-lh,lh,0.008426459199402107,0.6075453094114348,0.8275850073375527,0.9998815225897253,-24.92466871007284,-73.26484629821778,-10.00446177037557,-0.003779311943634447,0.003397522751705684
196,7Networks_LH_Vis_6-lh,lh,0.00624197216222243,0.6077549302569586,0.8645980068929502,0.9998710331601691,-34.64361891612201,-80.6698271388739,-16.732641611300725,-0.005863262431666932,0.0030152841291191113
197,7Networks_LH_Vis_7-lh,lh,0.014031836943102524,0.6049058865309975,0.7015325927670564,0.9998861183002744,-19.014586882002664,-37.84904459166825,-12.17023153978938,-0.0007543217277670589,-0.0002240157223402095
198,7Networks_LH_Vis_8-lh,lh,0.006871330080462266,0.6067768767273886,0.8575799427648279,0.9998741308188559,-43.993360427731226,-69.29369410149238,-9.570383422120376,-0.005443606876636306,0.0024350824143063443
199,7Networks_LH_Vis_9-lh,lh,0.006629767238328371,0.6071490871279345,0.867788832076029,0.9998738659771574,-17.310307839234962,-87.84337217062439,-12.153232631997174,-0.004791872191195713,0.0031737031007523786
200,7Networks_RH_Cont_Cing_1-rh,rh,0.007867539035239894,0.6028046080373363,0.8489896183507842,0.9998840231360228,4.109800150917797,-25.29359493371917,29.053500754658767,-0.005073205265631951,0.0017669018320082275
201,7Networks_RH_Cont_Cing_2-rh,rh,0.012969121450540268,0.6000524514334842,0.829379747144837,0.9998998053747,3.155343483909701,-0.2025656573961459,31.53282304703136,-0.0014875746413461882,-0.0013120233251056046
202,7Networks_RH_Cont_PFCl_1-rh,rh,0.018757665451571887,0.6062333488788867,0.6101904000234067,0.9998927546141203,27.986942701890204,52.30002185149051,-13.416409871879496,-0.0025178654635018664,-0.0007143073210624795
203,7Networks_RH_Cont_PFCl_10-rh,rh,0.014272986350518161,0.5998681287935511,0.8236862403601957,0.9999089982116159,36.431297569475326,11.299653027813406,30.729302708614103,-0.0012406491900852235,-0.00158262710364665
204,7Networks_RH_Cont_PFCl_11-rh,rh,0.010645220507116304,0.606598872811479,0.8317791884213473,0.9998920290671219,37.26327935217558,30.61038870943047,36.97827252953187,-0.005745695204850285,0.005350940035975027
205,7Networks_RH_Cont_PFCl_12-rh,rh,0.01025053986859494,0.602640609224931,0.8429247474853114,0.9998935463825481,41.34909707119591,20.19441542499944,39.795362961919686,-0.005270155188633217,0.0019487135805243971
206,7Networks_RH_Cont_PFCl_13-rh,rh,0.010496191805658917,0.6015473629337991,0.8354401999895177,0.9998951546973346,41.15386166593954,7.346591785082368,46.490649022329016,-0.0036931287350754054,0.0018288293600693395
207,7Networks_RH_Cont_PFCl_14-rh,rh,0.011181056350413091,0.6017673289175942,0.8294507092103783,0.9998955525774581,34.31315690797992,15.67370102179082,52.58439444992347,-0.0031029565383077825,0.0024267380590662357
208,7Networks_RH_Cont_PFCl_15-rh,rh,0.013686894251595118,0.5981190594015193,0.8409004585592562,0.999910048218937,24.59286099607608,8.304191625305194,53.71093755982034,4.393300821483627e-05,-0.001014086203001363
209,7Networks_RH_Cont_PFCl_2-rh,rh,0.01857873367822261,0.6082772075580458,0.6306297532391854,0.9998914959671178,42.60892465688887,48.0329504918008,-4.145084624362253,-0.001866780383406378,0.0024845040136398655
210,7Networks_RH_Cont_PFCl_3-rh,rh,0.020110852733909255,0.6039055793443121,0.6697945772574764,0.9999035858608735,28.33977524577109,54.3951634851541,3.541195894611669,-0.0001364248311117068,-0.0013597095345315724
211,7Networks_RH_Cont_PFCl_4-rh,rh,0.01138023098481443,0.6062833221739489,0.7838196572700181,0.9998832905172299,46.33146818115681,36.46545952373275,5.405926232268758,-0.007649440344942634,0.0017560426887960334
212,7Networks_RH_Cont_PFCl_5-rh,rh,0.012415948845787061,0.6040722931921216,0.8017154476527144,0.9998934390591067,40.67638054440802,42.033907573830334,15.31384148960471,-0.006266579569863855,0.00038355345583107603
213,7Networks_RH_Cont_PFCl_6-rh,rh,0.010686211664396195,0.603627262039382,0.8191652719634478,0.9998877723445023,45.62040812973369,29.41268179928445,16.996940627772148,-0.00706141098562774,0.0004359599140403292
214,7Networks_RH_Cont_PFCl_7-rh,rh,0.010725186535992194,0.602535583210383,0.8228002642036217,0.9998899114717297,43.166955864244,18.62472132071748,22.83558898127231,-0.005874055900821155,0.00016593629059191706
215,7Networks_RH_Cont_PFCl_8-rh,rh,0.013684156595889601,0.6053020592334479,0.7994529568629101,0.9998984941944109,26.06461976441824,48.84746140173559,23.25081079274561,-0.0048109599842160455,0.0021533287969848214
216,7Networks_RH_Cont_PFCl_9-rh,rh,0.010698704399297447,0.6054373048597316,0.8215744777582634,0.9998898557620888,46.76786480805813,27.62840656745128,27.253773429454903,-0.006227298772689372,0.00334037752195282
217,7Networks_RH_Cont_PFCmp_1-rh,rh,0.01934622426694792,0.5973644147151986,0.8341430975548718,0.9999216131643385,8.97032985015802,32.04564013968994,26.07139907392076,0.0022958238496427787,-0.005246421932912804
218,7Networks_RH_Cont_PFCmp_2-rh,rh,0.012633347707121715,0.6002806267502272,0.827427323439159,0.9998971160197166,4.795652627189261,25.6176882696983,46.74457559721595,-0.0025260305710608257,-0.00011014693635358341
219,7Networks_RH_Cont_PFCv_1-rh,rh,0.03411757093188182,0.6042082522620976,0.5679171563554781,0.9999065838100272,34.285116081341734,21.91055755069535,-6.664761837805324,0.01531756256685082,-0.0013101534808389603
220,7Networks_RH_Cont_Par_1-rh,rh,0.009782028971806273,0.6039198922523704,0.840548912550401,0.9998908688742675,51.18898262374702,-56.87642972770779,41.70235615215082,-0.0004707120647704094,0.0052552479143122
221,7Networks_RH_Cont_Par_2-rh,rh,0.010315861709652414,0.6023480260337862,0.8414265591509626,0.9998917282752757,52.00346158599854,-46.91642377471924,40.77199843597412,-0.0006790392270746154,0.0033678881724844567
222,7Networks_RH_Cont_Par_3-rh,rh,0.01251170027988347,0.5969331794819465,0.7944282102994513,0.9999081173973707,32.362512693734004,-67.84252778415022,42.07948364389354,0.0031525582224656203,-0.001588913530028102
223,7Networks_RH_Cont_Par_4-rh,rh,0.012938706487431376,0.600053887890937,0.8293374338055779,0.9999040064129987,49.114118170044506,-38.99513814788865,44.43647093137592,0.0016818913547491498,0.0012440917340303947
224,7Networks_RH_Cont_Par_5-rh,rh,0.01531483845089293,0.5972538964432653,0.8154559488803667,0.9999143021796252,42.90274063508902,-48.25392402819733,40.48044496507787,0.004451594691536094,-0.0017959471646840086
225,7Networks_RH_Cont_Par_6-rh,rh,0.012660896143514028,0.5980434111429768,0.8103134139994008,0.9999069371148342,38.11645154143165,-57.00652062787152,44.25646655490039,0.0026818413402500026,-0.0004593521193757555
226,7Networks_RH_Cont_Temp_1-rh,rh,0.007044870893580436,0.610554806550052,0.855962576241485,0.9998701053900202,58.97514143091862,-35.62536605738761,-20.49556885265125,-0.008994035179227068,0.00513026047264975
227,7Networks_RH_Cont_Temp_2-rh,rh,0.006427079788621183,0.60631792070578,0.875167342266613,0.9998698439039935,60.88816406357456,-47.586759943357656,-10.291781403649022,-0.008112042381380736,0.002220256208211424
228,7Networks_RH_Cont_pCun_1-rh,rh,0.018280495262713196,0.5928012004747513,0.559317119268851,0.9999283333162081,12.853132706157044,-70.58133080102115,36.26859003133168,0.00883648352823528,-0.006401510996335347
229,7Networks_RH_Cont_pCun_2-rh,rh,0.015102675358151706,0.593309278248142,0.6744043990817872,0.9999231890738153,5.498088653018245,-62.45582795544751,43.55214358763527,0.005663294454538167,-0.005393678931574386
230,7Networks_RH_Default_PFCdPFCm_1-rh,rh,0.046599609362692,0.6013568366823956,0.6581474959191018,0.9999235240382623,5.588297783452536,37.42104409807124,-9.593708101057,0.026744114311267938,-0.005035762387552212
231,7Networks_RH_Default_PFCdPFCm_10-rh,rh,0.013929405109971352,0.6016121591128002,0.8159187748970402,0.9999037240694103,25.31312210389546,31.00944399493081,39.36191293512072,-0.0022429140946771727,0.0005053748002920022
232,7Networks_RH_Default_PFCdPFCm_11-rh,rh,0.010004917553432599,0.6024442388131315,0.8421472343989237,0.99988491523917,13.267370673931804,37.36956202311247,51.487659948928304,-0.005677208104669656,0.0023343668763681213
233,7Networks_RH_Default_PFCdPFCm_12-rh,rh,0.013716478581841083,0.6006815231756887,0.8348852354447819,0.9999051429024572,23.762133992209066,20.444972563866443,49.20852863772774,-0.0010516261353997348,0.0008065630443767624
234,7Networks_RH_Default_PFCdPFCm_13-rh,rh,0.008839298685799316,0.6026056145485387,0.8605768060089909,0.9998863025318533,12.232005817172114,18.632650527058868,62.18023994475642,-0.004831946711673401,0.004004020190956581
235,7Networks_RH_Default_PFCdPFCm_2-rh,rh,0.012315204848432728,0.6083633578543186,0.775914898892435,0.9998853794652967,9.803337070420817,64.31052014998356,2.1734403552995487,-0.008570638500975366,0.0025891458625477703
236,7Networks_RH_Default_PFCdPFCm_3-rh,rh,0.02740085656301396,0.6005821845948395,0.6600170083854731,0.9999130180172319,8.43134450712334,40.7287696766328,5.949203541510663,0.008377145180280567,-0.004280506253905414
237,7Networks_RH_Default_PFCdPFCm_4-rh,rh,0.01425708248290464,0.6028409421925213,0.7773798969353639,0.9998981394845589,8.173263098639465,49.435463988704726,14.053490551931263,-0.004792479552846646,-0.0013966650753677312
238,7Networks_RH_Default_PFCdPFCm_5-rh,rh,0.011729739749629892,0.6057389875759486,0.8049570288767389,0.9998887819586931,17.81460848293272,61.53761652827872,17.781020677881713,-0.007944314678461472,0.0016799078687544933
239,7Networks_RH_Default_PFCdPFCm_6-rh,rh,0.020073238786701808,0.5997618670285545,0.7417650105581988,0.9999061324867448,3.83684627462606,21.711594576913804,21.371467330807544,0.0034302914882666513,-0.00313193613295637
240,7Networks_RH_Default_PFCdPFCm_7-rh,rh,0.010703550799367842,0.603089884248002,0.8376404905502924,0.9998890344868748,6.198490611497347,54.50929613542986,30.654135791675465,-0.00752777198786099,0.00041235570250919285
241,7Networks_RH_Default_PFCdPFCm_8-rh,rh,0.01235535615366183,0.6026363699145886,0.8164234063595013,0.9998945734027519,18.79265238505439,48.52408156955492,35.24343968205598,-0.005239869157907364,0.0006603149436239519
242,7Networks_RH_Default_PFCdPFCm_9-rh,rh,0.01223088461792382,0.6010551014634871,0.8272284968496654,0.9998948184092694,4.954849225102049,40.90822325330792,38.285303289240055,-0.004546442390933367,-0.000544682310745781
243,7Networks_RH_Default_PFCv_1-rh,rh,0.03357574758111385,0.6055874041297543,0.5671967063741113,0.9999055422567057,34.27081070623454,21.02159628896318,-17.531312066704565,0.014084774101762777,-0.0010177735541222477
244,7Networks_RH_Default_PFCv_2-rh,rh,0.026324834535022185,0.6042141640128283,0.5674531009430445,0.9998973574321184,34.08088187124471,36.03029393086507,-12.585957857593256,0.006163794976186011,-0.002230837520173279
245,7Networks_RH_Default_PFCv_3-rh,rh,0.021951400519474428,0.6053404594115812,0.5865122520994487,0.9998949919324447,48.05995820126857,31.190751683007704,-6.094201975800245,0.0024712509940342416,-0.00022466198765969114
246,7Networks_RH_Default_PFCv_4-rh,rh,0.009762543918123548,0.6073701241149335,0.8211008898983171,0.9998789564725014,52.64648396056376,23.043459775712755,8.024921463448324,-0.00822274629620108,0.003464490288501376
247,7Networks_RH_Default_Par_1-rh,rh,0.010910148040986847,0.6004391024467227,0.8351056110790409,0.9998959041444709,47.57667186737061,-49.14187300364176,16.539062418937682,-0.001579524125489607,-0.000993092910425153
248,7Networks_RH_Default_Par_2-rh,rh,0.009956497652434674,0.6030075947961216,0.8246588321018208,0.9998959549433369,42.55005280819932,-66.14002597676536,19.68927357100338,-0.0011339995404269308,0.0022448214527036603
249,7Networks_RH_Default_Par_3-rh,rh,0.01081389354351616,0.6028799952056126,0.8316255664459601,0.999894573877824,48.5526318569415,-57.537798985778565,24.66760673696696,-0.0005537830265123726,0.002474755388540917
250,7Networks_RH_Default_Par_4-rh,rh,0.009121206674200005,0.6030745153172654,0.8537183084620892,0.9998889839174513,53.76739533201804,-51.02891871291666,26.71510990325597,-0.0025795846261817013,0.002769873115289867
251,7Networks_RH_Default_Par_5-rh,rh,0.00905814579952781,0.6008563507902708,0.8458503580061363,0.9998896351744794,44.072940162990406,-67.54807635619974,39.64125069103846,-0.0005685606513194785,0.0021698832939482937
252,7Networks_RH_Default_Temp_1-rh,rh,0.019649899859138353,0.6079554035836854,0.5811805629886317,0.9998860970786954,53.53213134896201,1.1876589927557926,-30.469456115386887,0.00047335430059639375,0.0006335762395495159
253,7Networks_RH_Default_Temp_2-rh,rh,0.009607113886885633,0.6098217662089531,0.8142943480807981,0.9998734126504816,61.84137821422965,-15.036201773383093,-22.79083654841069,-0.00799968234450068,0.00371629836276155
254,7Networks_RH_Default_Temp_3-rh,rh,0.023376342582875784,0.6060459788805984,0.5449612834300505,0.9998932830352973,50.75050901307713,9.91206988515044,-19.35705923873676,0.00439772320416075,-0.0003642939918611088
255,7Networks_RH_Default_Temp_4-rh,rh,0.013670858599250732,0.6067279417735826,0.719413494751103,0.9998860402885639,54.60705314975463,-11.22631081825231,-13.954414818114367,-0.0035334669411913825,0.001379718003650332
256,7Networks_RH_Default_Temp_5-rh,rh,0.0066711474268788635,0.6133251051139911,0.8688395693788818,0.9998706771683636,62.63798049217047,-29.721897098629974,-8.070959416840427,-0.008932272246979414,0.009060002430160585
257,7Networks_RH_Default_Temp_6-rh,rh,0.014518408836286325,0.6041412201067199,0.7551949143269093,0.9998930274638973,48.59316793388626,-26.47810995320417,-6.890964917723239,-0.0011274812539313617,-0.00018641265621255343
258,7Networks_RH_Default_Temp_7-rh,rh,0.006371039615913796,0.607717846385518,0.8836950494305581,0.9998715299596799,61.80421009151617,-42.416495397892966,-0.9022873837826988,-0.007874313165767402,0.004465888637446014
259,7Networks_RH_Default_Temp_8-rh,rh,0.01705103805215546,0.6003403607701456,0.7874790961344121,0.9999058660695079,48.789136233172016,-37.17882288685476,0.8362984158140443,0.00266026522736232,-0.0029546988661480755
260,7Networks_RH_Default_pCunPCC_1-rh,rh,0.013155273644424707,0.6003379546789667,0.7540994402547563,0.9998971217007534,11.371401494780145,-56.735878458270776,13.294874331200278,0.0011987509313697488,-0.0015320559239084819
261,7Networks_RH_Default_pCunPCC_2-rh,rh,0.010993897768752718,0.6007751314675882,0.8011982660447611,0.9998934156874143,4.470121007799451,-44.1611646641799,20.471178127768265,-0.0012688182285389357,-0.0007039516482859609
262,7Networks_RH_Default_pCunPCC_3-rh,rh,0.017792180488359954,0.5940075210242064,0.6069899291966115,0.9999223522546384,16.043998142930327,-64.62959662265465,26.699371850686,0.007263424451750173,-0.006280910919286842
263,7Networks_RH_Default_pCunPCC_4-rh,rh,0.014420555396371966,0.5960368170680165,0.7125423564022391,0.9999122025770516,4.632948196223766,-52.26327028337693,24.680937318612408,0.0029946399611095968,-0.004827494653634856
264,7Networks_RH_Default_pCunPCC_5-rh,rh,0.017617223656394267,0.5927215113981629,0.5906928739805443,0.9999283868051113,4.057480467457167,-62.76660713007752,31.82082361906347,0.0073977183628983634,-0.007180535104044927
265,7Networks_RH_Default_pCunPCC_6-rh,rh,0.013261620292009979,0.5979978809312096,0.8117117336758572,0.9999055729467727,5.061209592025379,-39.29035188483977,36.50329726726588,0.001774207938439987,-0.0019545337696751375
266,7Networks_RH_Default_pCunPCC_7-rh,rh,0.012533140269905747,0.5995969382818732,0.8441765287570374,0.999904819262475,2.2020231840274147,-18.82170599525895,39.06002417837436,-0.00013996407176925657,-0.0005837501534852185
267,7Networks_RH_Default_pCunPCC_8-rh,rh,0.016012578257258568,0.5934536679517487,0.6787284337557834,0.9999221040506018,11.215948670823998,-51.38251839040596,36.54573605261116,0.005302774451795743,-0.006171116886957595
268,7Networks_RH_Default_pCunPCC_9-rh,rh,0.01787477589570267,0.593974681935672,0.6587841013695201,0.9999261449991848,6.368820904090652,-49.40895337643831,44.86351006804502,0.007639418721241888,-0.004885342114495872
269,7Networks_RH_DorsAttn_FEF_1-rh,rh,0.011096141908758173,0.5979815926708377,0.8072415483897786,0.9999067918745623,38.3135613531902,-3.6349047379636463,50.73709463662114,-0.0020391681005975416,-0.0010760609007663957
270,7Networks_RH_DorsAttn_FEF_2-rh,rh,0.014035807966847379,0.5972637417812124,0.8600294048777393,0.9999191440616295,26.464219323712594,-3.432914727188832,49.81678637927657,0.0009033544588508708,-0.0019840481663366827
271,7Networks_RH_DorsAttn_FEF_3-rh,rh,0.01055648862599925,0.5993796370641263,0.8433214770974697,0.9999058280786279,23.17010997404063,-4.056077748322879,59.61092115084983,-0.001834681929252827,0.0011182180501742023
272,7Networks_RH_DorsAttn_Post_1-rh,rh,0.009100476359916069,0.6053474536858339,0.8208959609770181,0.999880250168121,46.348202926374704,-53.78820482494301,-16.448455304788023,-0.00534726274142033,0.0006513691722958015
273,7Networks_RH_DorsAttn_Post_10-rh,rh,0.014234459598756168,0.5951201685970198,0.7604655279604201,0.9999182493683673,27.60359283239019,-61.39694359639738,46.25960829476861,0.004761299532546512,-0.003159899768307217
274,7Networks_RH_DorsAttn_Post_11-rh,rh,0.017586229133949957,0.5938189591985965,0.7972902074333128,0.9999285391689707,33.524815552374896,-47.94944888703964,41.1034790207358,0.006808889160594843,-0.005247000308429728
275,7Networks_RH_DorsAttn_Post_12-rh,rh,0.014899477054846899,0.5948964030032591,0.6971300819325082,0.9999195085881842,19.251976292190456,-66.94902267552264,50.07701479802366,0.006121417136748611,-0.00293293979224607
276,7Networks_RH_DorsAttn_Post_13-rh,rh,0.014981652403302561,0.5950007962127348,0.7964094311028499,0.9999237522529351,33.37628368430611,-39.10428724828372,46.32378680983373,0.003969039939188524,-0.003736164812601306
277,7Networks_RH_DorsAttn_Post_14-rh,rh,0.014138023805040178,0.597117832305167,0.7926461296627665,0.9999155980114874,32.46562377660196,-52.07061060395514,49.57190646265659,0.004231361175447392,-0.000999753823709315
278,7Networks_RH_DorsAttn_Post_15-rh,rh,0.011643791533670818,0.5966024157948284,0.7607280754120581,0.9999051227468563,6.615711579632885,-69.514271546751,51.981414178134266,0.003255947400018444,-0.001072341921131037
279,7Networks_RH_DorsAttn_Post_16-rh,rh,0.013378462632505764,0.5958636402264048,0.770598054912344,0.9999140328773349,25.68252445212056,-58.1057635309535,56.53086211464622,0.004406043569475498,-0.0014600444747095986
280,7Networks_RH_DorsAttn_Post_17-rh,rh,0.010980596281042945,0.5982310204431753,0.7968376051876107,0.9999060032824921,5.917152761611425,-54.19254711198761,58.621544873680094,0.002022132616647576,0.0008780027312209615
281,7Networks_RH_DorsAttn_Post_18-rh,rh,0.01121012377187417,0.5979342324205824,0.794812826379836,0.999903592377495,11.90911540499872,-63.07773404205382,63.018327955630426,0.0031148443111890783,0.0012780394567700748
282,7Networks_RH_DorsAttn_Post_19-rh,rh,0.012564284476662616,0.5969849309803716,0.7887206631522365,0.9999120491079032,23.593890755899835,-50.32747355257527,63.883427716373056,0.003589103910039401,0.0002167384465888711
283,7Networks_RH_DorsAttn_Post_2-rh,rh,0.006850879171933982,0.6075714737247946,0.8747133143760084,0.9998751992771352,54.87458081135262,-57.92956979203933,-1.6242633325671365,-0.0063503212026804826,0.004545904517238575
284,7Networks_RH_DorsAttn_Post_3-rh,rh,0.008561305084933827,0.6028329357063369,0.8613528361834886,0.9998851523003285,48.45947062045222,-59.93395796876396,10.310884260313331,-0.003636292937130454,0.001019141203401075
285,7Networks_RH_DorsAttn_Post_4-rh,rh,0.009288853415955065,0.6001901805855475,0.8268161448113158,0.9998929847593154,40.541916154660846,-77.21403955577411,30.873190266859154,-0.00026751115805752,0.0008035295798088926
286,7Networks_RH_DorsAttn_Post_5-rh,rh,0.01606075562351618,0.5942604929811751,0.7314944204229462,0.9999261133601985,28.38978977378355,-65.32357463311712,32.141261043023626,0.00587152006265795,-0.0053621503944439874
287,7Networks_RH_DorsAttn_Post_6-rh,rh,0.009889317133372584,0.6030475798473044,0.8466789150405352,0.9998916254240817,52.8949711313053,-28.002365602765764,42.98658286114128,-0.002235336178888629,0.0038688043216170698
288,7Networks_RH_DorsAttn_Post_7-rh,rh,0.011602665958274467,0.597453585351494,0.7455474287813388,0.9999045360089825,16.47575874889598,-75.87437212700938,45.44054128609452,0.0031254161736688126,-0.0006661106783254489
289,7Networks_RH_DorsAttn_Post_8-rh,rh,0.017127685394800068,0.5952925974243436,0.8259708221941778,0.9999238258405757,36.63401797503773,-41.28795124107683,38.286859454763245,0.00568496478660451,-0.004188038201997424
290,7Networks_RH_DorsAttn_Post_9-rh,rh,0.016473235883855675,0.5947651906112841,0.7955590888569586,0.9999238647094141,40.97849275143211,-31.310590812225147,41.087894259436986,0.004521226448734561,-0.004623891459215934
291,7Networks_RH_DorsAttn_PrCv_1-rh,rh,0.01265814762948274,0.6018943378244165,0.8253446497567277,0.999901811217471,46.47460315626796,7.09831048766041,25.061566590108807,-0.0030315100502232312,3.979810324361566e-05
292,7Networks_RH_Limbic_OFC_1-rh,rh,0.02761480984548857,0.6032741990018602,0.573542153826602,0.9999019990738064,14.07984427417498,18.34913328941622,-21.006484159163243,0.008200535659166272,-0.0037804598968113057
293,7Networks_RH_Limbic_OFC_2-rh,rh,0.034360545024514,0.6055459573143662,0.587516716283278,0.9999077761316112,23.775841848137453,20.96035031559541,-21.036142926855184,0.014702405937671935,-0.0014961386941509947
294,7Networks_RH_Limbic_OFC_3-rh,rh,0.03628381540036224,0.603592341924402,0.5961042401433204,0.9999119678885032,8.748649224337296,40.3155188328824,-24.00032773577733,0.015215812373973327,-0.004309289252031223
295,7Networks_RH_Limbic_OFC_4-rh,rh,0.04234986219662645,0.6016363107421964,0.6505303427661733,0.999919201217981,21.647665709591983,39.92307148622663,-19.1825046475014,0.021554151012531286,-0.0056656904593379576
296,7Networks_RH_Limbic_OFC_5-rh,rh,0.029666730383546145,0.6083647857047513,0.5274504979812541,0.9999023194192149,4.75263882353461,19.991875132865456,-21.278777542904283,0.01018579448876232,0.0011726961409612713
297,7Networks_RH_Limbic_OFC_6-rh,rh,0.016054574562725805,0.6072908099788124,0.6773610312898076,0.999889325326761,9.64704330301122,60.16479338558054,-14.816802146084886,-0.005724681840379789,-0.00012082986340633539
298,7Networks_RH_Limbic_TempPole_1-rh,rh,0.026450563209624214,0.6067213922219449,0.5309616400173447,0.9999019838102795,29.57476182487297,-4.768859522915494,-38.516588140360106,0.007281864415690953,-0.0014699571309779724
299,7Networks_RH_Limbic_TempPole_2-rh,rh,0.016729764871860703,0.6094729822924794,0.6190763945796142,0.9998820024778377,50.46374282550454,-11.901481811003816,-38.40162119668476,-0.002090709568547025,0.0016177326405825143
300,7Networks_RH_Limbic_TempPole_3-rh,rh,0.0306619899154524,0.6084072931947764,0.5025764924914109,0.9998982115108219,40.75116325458247,11.491265406882215,-37.33728399119926,0.010401610438781003,5.200806804916969e-05
301,7Networks_RH_Limbic_TempPole_4-rh,rh,0.014331860724603938,0.6062522982360826,0.6807443184306885,0.9998825442602022,39.96872856977906,-18.480383260926203,-28.571150450309965,-0.003294099357600517,-0.0005329002773184488
302,7Networks_RH_Limbic_TempPole_5-rh,rh,0.027880368699015688,0.6085898080131261,0.5242708462734765,0.999897712973758,30.64272738968509,8.083568287685285,-28.46018266790584,0.008531923568528825,0.0011381678312257781
303,7Networks_RH_Limbic_TempPole_6-rh,rh,0.0103871338669648,0.6125606701390804,0.7850500084984943,0.9998734716096219,47.899293777127525,-32.70247620545858,-26.52756239179969,-0.006191126764822195,0.006369254821824599
304,7Networks_RH_Limbic_TempPole_7-rh,rh,0.01867958023088697,0.605103410473552,0.6640650388239744,0.9998979314758176,22.43537580966949,-20.49568425392618,-25.147459710130885,0.0015448259342999565,-0.0014229082774551705
305,7Networks_RH_SalVentAttn_FrOperIns_1-rh,rh,0.029304691401412182,0.6003302799277401,0.6775196655840809,0.9999119468098788,41.981187423676936,-0.3311610826986136,-14.979981759577306,0.0113793550652896,-0.005468560367757447
306,7Networks_RH_SalVentAttn_FrOperIns_2-rh,rh,0.025581247027075815,0.6064115286931517,0.6120600746440753,0.9998993321704657,40.967557941644,7.767952047509537,-2.0754919730171832,0.008007961325038577,0.0017347429920462343
307,7Networks_RH_SalVentAttn_FrOperIns_3-rh,rh,0.015169972535992183,0.6068842342261596,0.7142113734385944,0.9998901867214502,41.30119235476932,-13.839918048961742,-4.574036725030558,-0.0011196237662820328,0.0024480539551005043
308,7Networks_RH_SalVentAttn_FrOperIns_4-rh,rh,0.019776304400760617,0.6071479366554167,0.6309605637446395,0.9998923040671389,39.12488603397291,0.0287277889723072,6.171664282352644,0.0033079357789933296,0.003473386837306136
309,7Networks_RH_SalVentAttn_FrOperIns_5-rh,rh,0.01979158455685063,0.6010823252641323,0.7151803213466494,0.9999033228745187,36.11202239439376,21.28192997667333,5.602545683507199,0.001869550062500145,-0.0031579872575880907
310,7Networks_RH_SalVentAttn_FrOperIns_6-rh,rh,0.013873939261590059,0.601858565853744,0.8086730448290517,0.999898479432628,37.42141387129077,4.213974989060351,11.4872019834469,-0.002498041045368703,-0.0013831099317442863
311,7Networks_RH_SalVentAttn_FrOperIns_7-rh,rh,0.010918667554100453,0.6059806244858958,0.8130369568520852,0.9998833059319194,49.48076854091836,2.962070921519501,4.01449540630413,-0.005966820530620327,0.0020996869212978053
312,7Networks_RH_SalVentAttn_FrOperIns_8-rh,rh,0.011026440679147194,0.6026095021628247,0.8090835866246912,0.999885258115709,52.82435532654224,10.208086172739664,13.132418039148408,-0.005740582036144049,-0.0004819039564657457
313,7Networks_RH_SalVentAttn_Med_1-rh,rh,0.0184837551377966,0.5963099191963296,0.8505525654379333,0.9999221138928729,7.585728896351961,16.395244640006116,36.34647055067254,0.0032093834314272027,-0.004908229624103422
314,7Networks_RH_SalVentAttn_Med_2-rh,rh,0.01600739299694217,0.5959866574720614,0.8828144147314966,0.999928556369901,7.356912833743144,0.2745236418781872,43.25901147537145,0.0023005757861466088,-0.004161655281276433
315,7Networks_RH_SalVentAttn_Med_3-rh,rh,0.010271367250986502,0.6021395468441708,0.7976297356939193,0.9998895912750236,12.931206527275124,-32.72201663002449,41.92644299917271,-0.0013378059919139443,0.00265080272562912
316,7Networks_RH_SalVentAttn_Med_4-rh,rh,0.010584606275929512,0.6002864835127527,0.856578108336009,0.9998965454668586,6.036390720934108,9.63839429282192,53.73862471096758,-0.0030210650440615668,0.0009820081469443798
317,7Networks_RH_SalVentAttn_Med_5-rh,rh,0.017214192447753195,0.5934879172917245,0.7073668162528276,0.9999269771574542,12.367558380722496,-43.91977046210052,52.13398835494717,0.007070255621668652,-0.0047101533061326695
318,7Networks_RH_SalVentAttn_Med_6-rh,rh,0.0118125210675532,0.5978366912435054,0.823578091012726,0.9999043014943279,11.300935133474844,-32.3369916845251,47.6872664670591,0.0005865522995013913,-0.0010866292862269367
319,7Networks_RH_SalVentAttn_Med_7-rh,rh,0.00853226050156796,0.6015541985241771,0.8664947546326315,0.9998901782190225,6.491606072125681,-2.784925786840172,65.25174341290437,-0.0034420918589149196,0.0037092173013217877
320,7Networks_RH_SalVentAttn_Med_8-rh,rh,0.009976641278763035,0.6012494144812062,0.8511277255329732,0.9998933672309334,16.81648499379724,5.63756817630571,66.50696219428112,-0.002549309447936802,0.003420287933986521
321,7Networks_RH_SalVentAttn_PFCl_1-rh,rh,0.013744762048040957,0.6028816396674487,0.7961069702073661,0.9998999811758714,32.15586728276433,39.53848211614935,26.49043172801937,-0.003939213808693717,0.0003222884173473828
322,7Networks_RH_SalVentAttn_PrC_1-rh,rh,0.01113740797983712,0.5995336978681516,0.8414044535982999,0.9999019846707682,47.79780671762865,2.261418284220232,39.861866790194846,-0.003211717391678203,-0.0006927018311015942
323,7Networks_RH_SalVentAttn_TempOccPar_1-rh,rh,0.00772906291591644,0.6055346593659636,0.8644456025421383,0.9998800619876964,56.839385596949136,-50.53383529395388,8.114580490562524,-0.0053115416755154295,0.0033477791733891316
324,7Networks_RH_SalVentAttn_TempOccPar_2-rh,rh,0.013123390413714636,0.5994717874399864,0.8254144474424762,0.9999006211285635,48.91662306793791,-42.87915146740702,10.04337062687964,-0.000247071964136621,-0.002754468577014224
325,7Networks_RH_SalVentAttn_TempOccPar_3-rh,rh,0.008682559774289573,0.6040028210495872,0.8553778680181685,0.9998842900400553,58.09814796935924,-44.78331820751239,18.535297371133808,-0.004034486346881522,0.0027561216556364343
326,7Networks_RH_SalVentAttn_TempOccPar_4-rh,rh,0.01101092268961632,0.6009089985477274,0.8418234854483119,0.999893877008103,54.739830735150505,-34.855605098672584,23.026261487589704,-0.0020431859699773357,-0.0001325360801890385
327,7Networks_RH_SalVentAttn_TempOccPar_5-rh,rh,0.009639123723163112,0.6025139280709471,0.8502444807222218,0.9998870672966689,57.69827638294981,-26.170714910608453,25.365206347647494,-0.003859594665665652,0.0015356008698028667
328,7Networks_RH_SalVentAttn_TempOccPar_6-rh,rh,0.008900576841852817,0.6083760833205389,0.8630432928400615,0.999884346498671,59.34533298094891,-32.21774297913004,35.75224575922389,-0.0034831428042998124,0.008606430764651507
329,7Networks_RH_SalVentAttn_TempOccPar_7-rh,rh,0.009270670757594652,0.6048077214245013,0.8565581826023535,0.9998871887251113,57.98018251452363,-43.38525100004049,33.54077320859914,-0.002502810199505998,0.005056777584991123
330,7Networks_RH_SomMot_1-rh,rh,0.014114304294944532,0.6039988283530235,0.7434672079033596,0.9998900224548929,54.16707049868234,-3.1325528045209343,-4.817231903234957,-0.0030018746017618746,-0.0006065331399630614
331,7Networks_RH_SomMot_10-rh,rh,0.02011006717469456,0.5959220854192232,0.8101777018877904,0.9999236222787619,40.146711502240336,-30.90476738529288,17.142110249696874,0.006481207616369524,-0.005921934482994051
332,7Networks_RH_SomMot_11-rh,rh,0.01634846954541344,0.5993008322383799,0.7895142095664838,0.9999098974824443,49.124778318940926,-14.59144760785478,14.545440470234732,0.0013782124203395654,-0.003110004925489851
333,7Networks_RH_SomMot_12-rh,rh,0.010439191132799957,0.6043475980156042,0.8116720144203604,0.9998832765951027,59.36088851699255,-2.1840281121591505,9.89366909256555,-0.005759344191651779,0.0012593770573535723
334,7Networks_RH_SomMot_13-rh,rh,0.015114911842917876,0.5997175294564395,0.825193168621623,0.9999091238842108,47.57107659748623,-25.19497849016773,17.386464291689347,0.0010673137570532502,-0.0021742409163482135
335,7Networks_RH_SomMot_14-rh,rh,0.008845216008540756,0.6055539719096517,0.8504103680951719,0.9998832433773243,62.31803682872227,-15.638313655342374,16.307944854668207,-0.006021738482920416,0.003448729973138276
336,7Networks_RH_SomMot_15-rh,rh,0.007984545056256611,0.6025253801392507,0.8647732638770741,0.9998845500620334,59.97977982723352,4.343431564284996,31.272222819472805,-0.007181173118858113,0.00147089701247205
337,7Networks_RH_SomMot_16-rh,rh,0.009641269697509636,0.6034069015032446,0.8539411212098792,0.9998922494180299,55.97383255349066,-8.665662223994998,28.3367738426692,-0.0048220814458179995,0.00231890112290023
338,7Networks_RH_SomMot_17-rh,rh,0.009005562163555275,0.6018611037806716,0.8612713484488113,0.9998887602022829,58.6717884288666,-19.05908757287103,32.782994581967664,-0.0044671067271889655,0.0014838280708420193
339,7Networks_RH_SomMot_18-rh,rh,0.012852839783147682,0.6009763276132982,0.8485552390496269,0.9999128366108316,47.22718268174391,-10.461100134712,36.27267553714606,-0.0008816717386951386,0.0006698946466252576
340,7Networks_RH_SomMot_19-rh,rh,0.011266620309839083,0.5987941233764513,0.8348160733176255,0.9999027319729514,51.366038976571495,-22.07235040114476,40.97237098522675,-0.0013872206134252895,-0.0007368440100294915
341,7Networks_RH_SomMot_2-rh,rh,0.00887798293805613,0.604972676171758,0.8386387714818809,0.9998780578632815,62.27627736473283,-24.248087418615007,-1.573212818450381,-0.006643391551527867,0.0012418950183349375
342,7Networks_RH_SomMot_20-rh,rh,0.0132418882180871,0.5959778021292419,0.866026755651195,0.9999155263423125,10.85787755087762,-16.374574887003874,42.29369466047548,0.0005685808064343958,-0.003862220108812209
343,7Networks_RH_SomMot_21-rh,rh,0.011292455173151692,0.5977353000222047,0.8067326806572751,0.9999065111618048,49.64813986717754,-15.760309406637786,47.72572051218269,-0.0013090907781579866,-0.0012649207125136064
344,7Networks_RH_SomMot_22-rh,rh,0.012358274329441097,0.5979629650714391,0.7680558474049065,0.9999136852164496,41.20006065468514,-12.802968873091393,46.234237665905376,-0.0004888857396541674,-0.0013220350851792517
345,7Networks_RH_SomMot_23-rh,rh,0.012966472579076821,0.5971404678983545,0.7698640671740082,0.9999102239635613,46.0530230812598,-28.567303431632222,53.83086544379609,0.0016757389005243681,-0.000973771738621565
346,7Networks_RH_SomMot_24-rh,rh,0.01127217346516331,0.5985983516213141,0.8596579692915529,0.9999041880787842,7.458931906394709,-9.311182114533056,49.57925182666654,-0.00135141011510234,-0.0006868583484009871
347,7Networks_RH_SomMot_25-rh,rh,0.01444180951966671,0.5952590439695206,0.7328318069330579,0.9999223794503126,38.75372867638569,-22.786434736007298,51.48008764435423,0.0026477012827920057,-0.0032829692966113155
348,7Networks_RH_SomMot_26-rh,rh,0.011504083783084113,0.5992428343760628,0.7565147822045267,0.9999134095250064,35.22973374826177,-19.34261807082767,59.3431970309482,4.480314950535205e-05,0.0013960029554854758
349,7Networks_RH_SomMot_27-rh,rh,0.011953893684287198,0.5962389349943263,0.7925135064806472,0.9999122692106763,31.363481462422143,-36.75099741151538,59.3115878730634,0.0016937161247944088,-0.0012442524965159407
350,7Networks_RH_SomMot_28-rh,rh,0.01301487311432006,0.5965500709513495,0.7920453333545966,0.9999147291238559,29.776935271342367,-42.28359443751994,58.28797455161895,0.0030681485344674683,-0.000923564923935416
351,7Networks_RH_SomMot_29-rh,rh,0.012696548866340982,0.5967222774165598,0.7647843019189263,0.9999166206836412,32.21193271912869,-28.384141826029843,58.18446229538828,0.0017879271658102682,-0.0010598695303252192
352,7Networks_RH_SomMot_3-rh,rh,0.013161316437076461,0.601580738740186,0.7809999039349064,0.9998941169572735,53.36903767549354,-18.244371210800782,6.734288401347194,-0.0021309303444705784,-0.0015096420281663914
353,7Networks_RH_SomMot_30-rh,rh,0.011847020210831996,0.5972779387435201,0.8647555894861778,0.9999198703905489,3.981809020042419,-24.704219892187027,56.86575749468263,0.0007896750071515676,-0.0009410894498876887
354,7Networks_RH_SomMot_31-rh,rh,0.011000728523092923,0.5993550698114388,0.8381386610305465,0.9999113838853008,28.26973286867142,-11.522211138010023,60.640694184303285,-0.0008497388162033766,0.0014082357033871062
355,7Networks_RH_SomMot_32-rh,rh,0.01259064799619321,0.5970094324543951,0.7832415655216172,0.9999122593660807,8.84448964238402,-41.644575999333306,65.66025912267922,0.003251845081756072,0.00011006841316973937
356,7Networks_RH_SomMot_33-rh,rh,0.010514184071540138,0.5981410168454833,0.825613029616561,0.99990804679452,21.113430320995004,-26.097218609210728,60.7053500958978,-0.0002995525281685712,0.0004775633898081999
357,7Networks_RH_SomMot_34-rh,rh,0.011498773292743895,0.5999931876042025,0.8070299467474642,0.9999102391995122,21.24476136853618,-30.0118748264928,62.39330081939697,0.0010650749149709211,0.0025919268573583176
358,7Networks_RH_SomMot_35-rh,rh,0.010417301000519545,0.598993803715915,0.8046084968550387,0.9999018303297358,21.66870424984756,-36.93358524376748,66.25574120978044,0.0007149496294289095,0.0021470509517870218
359,7Networks_RH_SomMot_36-rh,rh,0.00871103688905164,0.6007127936286761,0.8635666093698575,0.99989317221268,15.91704198134573,-9.38943478747418,66.94574837132504,-0.002764108437765412,0.0032639270064150905
360,7Networks_RH_SomMot_37-rh,rh,0.009777389469256352,0.6001583938051337,0.8196449274709904,0.9998977308028827,14.517009213356246,-48.4923494000637,69.88299911475069,0.0011543652053359246,0.0038892097634902756
361,7Networks_RH_SomMot_38-rh,rh,0.008247525377371742,0.6015546753463549,0.8634507020594262,0.9998926108236053,4.072558445913775,-24.10753179574992,70.02845520920701,-0.0019409371176677473,0.004663571134839839
362,7Networks_RH_SomMot_39-rh,rh,0.009301712063321347,0.5998536092936362,0.8343483620263488,0.9998988407687444,15.58972176316259,-21.862215113010908,70.2278064983926,-0.0011023976535363324,0.0030208432898184423
363,7Networks_RH_SomMot_4-rh,rh,0.019456702931338637,0.5986200836787207,0.7584008721265357,0.9999088163688499,39.71924394478828,-21.259226856056166,3.87016308458452,0.004262284540567039,-0.004799061498262591
364,7Networks_RH_SomMot_40-rh,rh,0.008992004611385145,0.5994996764420373,0.8421297010477032,0.9998957055587454,10.677242035366314,-34.10032670977853,72.53431116032327,-0.0003933431930014941,0.0031427703836233167
365,7Networks_RH_SomMot_5-rh,rh,0.01645886942016076,0.601171552304166,0.7623813251940748,0.9999008996100942,38.31698875996604,-9.508908070735078,13.669518731423278,0.001158034492582765,-0.0015280806261986912
366,7Networks_RH_SomMot_6-rh,rh,0.012667989067631804,0.6048180067268683,0.7690474324142904,0.9998878055116492,35.73026431974817,-23.47255503232362,13.909120812963266,-0.001656183411428331,0.0024410356903130648
367,7Networks_RH_SomMot_7-rh,rh,0.010261970975500287,0.6041203339727204,0.825788084495349,0.9998853243758886,60.02697238660839,-27.96783253134113,10.53669749808638,-0.004156087656608963,0.001690498342763247
368,7Networks_RH_SomMot_8-rh,rh,0.007685189250922738,0.6056638176974453,0.8621815117746872,0.9998767613632844,62.91798085915415,-37.91018609937869,9.375149672360797,-0.006161537892220579,0.003364683241276034
369,7Networks_RH_SomMot_9-rh,rh,0.020049107345369754,0.5940835981861816,0.8379966613793377,0.999931540815922,39.65330003591684,-15.134071417038257,17.82500345156743,0.005406183015775666,-0.008054162405947918
370,7Networks_RH_Vis_1-rh,rh,0.013009121964890487,0.610789252841345,0.7177206554899463,0.9998813810298492,33.73421924152402,-38.76331486486799,-23.52695965246342,-0.0028568514139929325,0.0049319250620726285
371,7Networks_RH_Vis_10-rh,rh,0.005519629253772235,0.608576461248234,0.8823783782689236,0.9998679519504593,42.00011734654484,-85.393584712311,-10.430461916392192,-0.006349246889935795,0.0051801435452965006
372,7Networks_RH_Vis_11-rh,rh,0.009783644883788255,0.6040848338155596,0.8140633991777332,0.9998854331618797,9.3143160225989,-73.61334473694656,-5.402652717239465,-0.002311989553273927,0.0006789698274957123
373,7Networks_RH_Vis_12-rh,rh,0.010698147028785307,0.6052375159610136,0.7918227947502647,0.9998851672819391,11.603607693186133,-56.83899196154295,-3.7746265772944607,-0.002432789611696672,0.0016328646273464642
374,7Networks_RH_Vis_13-rh,rh,0.005483629865581503,0.6084570288824079,0.8718710465788962,0.9998667591743209,24.974504228786376,-97.4432663410708,-9.269698006822171,-0.005376510645983233,0.005321736771554897
375,7Networks_RH_Vis_14-rh,rh,0.01107120739869645,0.6064460613971903,0.7796218003735308,0.999882795229094,17.59583367624755,-46.90128453061922,-2.5144432037822537,-0.0026839802053109565,0.0027896716276630817
376,7Networks_RH_Vis_15-rh,rh,0.007801642885536548,0.6021242770810561,0.8517160882735988,0.9998844369059144,9.230852150714432,-92.25688443710716,0.04916290388899,-0.0026580788469704325,-0.00030191629629816585
377,7Networks_RH_Vis_16-rh,rh,0.007231669055120036,0.603722368838919,0.8709621668790757,0.9998799226438041,46.25512828862423,-70.0902906840518,5.295305901964921,-0.004612090085168317,0.0016120925960947385
378,7Networks_RH_Vis_17-rh,rh,0.011766909309836092,0.6051272937213752,0.7643262649686591,0.9998875892928839,13.130108099305229,-48.858929297629366,2.5628123190546974,-0.0014750109997369743,0.0019981318359582056
379,7Networks_RH_Vis_18-rh,rh,0.006864387194693203,0.6030696169915214,0.8782227770017289,0.999882569414338,32.3130364311509,-88.13911828982219,5.241248358444906,-0.0036704744422135288,0.0012572493521123551
380,7Networks_RH_Vis_19-rh,rh,0.0130197251257285,0.5983410724636955,0.7596182987592573,0.9999040460510882,10.339547792008158,-73.68011280291343,8.260370245892448,0.0018660242273034321,-0.003663540273306398
381,7Networks_RH_Vis_2-rh,rh,0.018430617167516698,0.6095335749432587,0.6259426169472592,0.9998881958004411,32.11541472952472,-35.21119974912049,-16.925132261768,0.0027921047122205812,0.004255237110147081
382,7Networks_RH_Vis_20-rh,rh,0.014139466767785118,0.6006425541576252,0.7751967820797732,0.999902370064828,22.964381222040803,-62.04981967264376,5.045612511913067,0.0018931229100323712,-0.0018568435199667332
383,7Networks_RH_Vis_21-rh,rh,0.006867836301489329,0.6065541868794796,0.8690150984940793,0.9998813829849869,22.953943878527312,-98.85429485424145,8.0702184019862,-0.002684898424721931,0.005201742708213386
384,7Networks_RH_Vis_22-rh,rh,0.006882493742373477,0.6020717895084362,0.8811742110885479,0.9998821230243324,40.80733049657356,-80.73856837441477,12.199606854949842,-0.003728417248471975,0.0008653434010001959
385,7Networks_RH_Vis_23-rh,rh,0.009212057098537724,0.600158170490665,0.8025345895487559,0.9998954026594437,12.053622078929484,-93.16523015549988,17.63867736100133,1.0318350703595117e-05,-0.00043369156133710174
386,7Networks_RH_Vis_24-rh,rh,0.015281065348884449,0.5963031802685118,0.6993125844786859,0.9999131741106387,16.748238741801334,-67.17483728848971,18.483881677480845,0.00435152912584892,-0.004758653039023564
387,7Networks_RH_Vis_25-rh,rh,0.013715722705092503,0.5955264774546772,0.6530490951208231,0.9999160841921486,3.802205753045451,-80.82202438714127,21.99782957532992,0.004037830439836659,-0.004966608149062912
388,7Networks_RH_Vis_26-rh,rh,0.010878971639141975,0.5975483534773396,0.7974205406814731,0.9999071142679227,25.90658140854097,-85.26218314909599,18.995517891897283,0.0011438738476172976,-0.002978133328244814
389,7Networks_RH_Vis_27-rh,rh,0.011377191545178755,0.5982302400846812,0.8072824766295404,0.9999052634657979,32.80195320238213,-77.03491728430505,22.98504142338047,0.0013158465814729035,-0.0020239760604432444
390,7Networks_RH_Vis_28-rh,rh,0.015267998119090711,0.5943164099522654,0.6414158535036465,0.999921297526029,14.670695726346162,-77.49335751291049,32.26194643246925,0.006001365735105103,-0.005122805909383965
391,7Networks_RH_Vis_29-rh,rh,0.012295973612044543,0.5978825231201985,0.6791850754151547,0.9999044716359857,16.143456727149132,-86.62943916770764,35.24504573317061,0.0038423012365758815,-0.0010331599582137363
392,7Networks_RH_Vis_3-rh,rh,0.011016470687765394,0.6030777340774837,0.7969581980470886,0.9998905318233929,34.348148072284204,-56.77809410095215,-19.407818172288977,-0.003352860196656088,-0.0019446065042982852
393,7Networks_RH_Vis_30-rh,rh,0.0144276960685691,0.5943877033789828,0.714534484931577,0.9999175165159796,26.223940292994182,-74.16139449013605,34.68717503106153,0.005025666085293912,-0.0047909244701989095
394,7Networks_RH_Vis_4-rh,rh,0.0069875003427005,0.6069825349879023,0.8673216796955681,0.9998734522464812,35.16700399588354,-74.64857728140694,-15.22465385117146,-0.005891888939778715,0.0028000015425651004
395,7Networks_RH_Vis_5-rh,rh,0.011510590732265681,0.6015434599628067,0.7977555247807396,0.9998937935758021,27.712463258849787,-53.399379567567465,-9.545823355737676,-0.002360324447268171,-0.0026027008222502257
396,7Networks_RH_Vis_6-rh,rh,0.009016484289879178,0.6058773323796639,0.825781273840207,0.9998819573077187,23.59006001016368,-73.18717395533686,-10.34537283130314,-0.0035460521928994022,0.0020688419994480123
397,7Networks_RH_Vis_7-rh,rh,0.01157707053031164,0.6057243096280451,0.7657026301818853,0.9998855537823138,18.001350845446428,-37.05780879390296,-10.671143614504324,-0.0034091143189797276,0.0010158012016938667
398,7Networks_RH_Vis_8-rh,rh,0.007169000451600777,0.6059185876436771,0.8554960551227545,0.9998757597556189,20.84336173317649,-88.07011144464666,-11.322577492107044,-0.00443783838915164,0.0023285242003344697
399,7Networks_RH_Vis_9-rh,rh,0.0065241636634478595,0.6062096125780514,0.8715975633699063,0.9998729437302026,47.3416371365811,-67.99293328549,-7.595575102717007,-0.006359510530835112,0.0027468111929461747
400,Background+FreeSurfer_Defined_Medial_Wall-lh,lh,0.012012991684427845,0.6078409827540022,0.7414404741196631,0.999882868088032,-12.927223709121945,-14.805977137428751,-2.9306384953042297,-0.0037312193587727034,0.003174176526966388
401,Background+FreeSurfer_Defined_Medial_Wall-rh,rh,0.013038890930486213,0.6045591495830416,0.724943609183742,0.9998852196302109,14.488005698722684,-14.416797172351806,-2.7511889510056853,-0.002904515224254594,0.00011410957845781056
