parcel,x,y,z,tau_fmri,spectral_exp,alff,falff,rho_fmri,coverage,n_subjects
1,-32.16138328530259,-41.44092219020173,-21.048991354466857,3.8999746367145467,-0.9977003706239013,3.4946276159355643,0.9138539074977591,0.5628265277248733,1.0,200
2,-30.061176470588236,-32.550588235294114,-18.04705882352941,3.6697385467388233,-0.7159915081013395,3.336523560574155,0.8724650145990196,0.5779830487160359,1.0,200
3,-35.36569579288026,-62.032362459546924,-17.055016181229774,4.123397150752134,-1.1046061993497525,3.4459148580641834,0.9191980651690156,0.5584310168616432,1.0,200
4,-24.518703241895267,-54.45386533665835,-8.249376558603494,3.86208560649974,-0.8323086055033342,3.3638359508387676,0.8845496844058508,0.573590228133396,1.0,200
5,-23.36150234741784,-72.67136150234742,-10.305164319248824,3.0827195104598673,-0.3240952651896519,3.2914872511048787,0.8354843209244817,0.5959342851114917,1.0,200
6,-36.41456582633053,-81.38935574229691,-15.966386554621849,3.9400584986313083,-0.9379899508565692,3.435654203430364,0.9068939628544802,0.5650872712719679,0.995,200
7,-18.612021857923494,-37.2896174863388,-11.770491803278688,3.1768908091466947,-0.3935394464565997,3.291297351906715,0.8438758548082201,0.5950174657384926,1.0,200
8,-45.15973741794312,-70.04814004376368,-8.301969365426693,3.3659083203138223,-0.5047162211756305,3.3181358955653457,0.8520356334634154,0.5905558558352422,1.0,200
9,-16.950000000000003,-86.3875,-14.987499999999997,4.153931176673608,-1.1017851649585453,3.4625165103263824,0.919566180457751,0.5582695116382366,0.955,200
10,-12.168582375478934,-61.18773946360153,-4.727969348659002,3.855478163775324,-0.85790543442656,3.368742221435422,0.8913122223172136,0.5723172370205865,1.0,200
11,-6.727272727272734,-75.76623376623377,-5.733766233766232,3.1050784042626685,-0.3605198618807099,3.3037646132721123,0.8406377575540794,0.5938130597651591,1.0,200
12,-24.406779661016955,-96.74576271186442,-11.92467043314501,4.020561370057796,-1.0181985673770966,3.4786823316421183,0.9141724068202552,0.5613218269941581,0.885,200
13,-13.445378151260499,-42.94117647058823,-5.445378151260499,2.960651764474187,-0.30209874094032946,3.338819912680903,0.8402944679856844,0.5975635152666818,1.0,200
14,-41.553846153846166,-86.43076923076923,-3.2564102564102626,3.2500231193462157,-0.49371128625266586,3.3386688640042648,0.8569008444191358,0.5898281719247075,0.995,200
15,-7.437984496124031,-97.31007751937985,-7.244186046511629,4.12892848821375,-1.1117886589853854,3.4652851379590213,0.9230173057140694,0.5565905992614737,0.915,200
16,-14.103092783505161,-56.85567010309278,1.3402061855670127,2.9836757451695233,-0.26993154934361596,3.297958859993693,0.8332212201784742,0.5984376290559872,1.0,200
17,-46.14953271028037,-73.07476635514018,6.135514018691595,3.3700996316707066,-0.5257942958367267,3.3321677789447124,0.8562255126591768,0.5894840958444657,1.0,200
18,-4.633093525179859,-88.41247002398082,1.7553956834532443,3.00636720044953,-0.3235748909762159,3.309746706499577,0.8424936829343195,0.5975366244534367,0.995,200
19,-24.431239388794566,-95.87436332767402,5.925297113752123,3.988273493839199,-0.9799899852143311,3.446551441055433,0.9134223623200468,0.5634775397340982,0.965,200
20,-13.533333333333331,-48.88333333333334,3.9833333333333343,4.077615460201614,-0.9853325612994922,3.4272763445489987,0.9046510575457894,0.5630758218990869,1.0,200
21,-7.372549019607845,-74.21350762527233,9.51633986928104,4.213445699675663,-1.1407311825337565,3.427513843901305,0.9213754545421147,0.5556635910874685,1.0,200
22,-18.886178861788622,-64.21951219512195,6.975609756097555,2.8840317522376036,-0.21920877384563348,3.3114467937598366,0.8369990507567764,0.6006732477303802,1.0,200
23,-39.415492957746466,-83.74647887323944,14.140845070422529,3.126737223687129,-0.36503066597489314,3.3457295825774644,0.847055523035251,0.5954117833034146,0.995,200
24,-10.913043478260875,-96.53846153846155,17.163879598662206,3.396809450051503,-0.597881944570446,3.3599712204062486,0.8686827351215511,0.5843937524465066,0.94,200
25,-2.9635974304068498,-84.18415417558887,24.50107066381156,4.046119115286307,-0.9985878915715293,3.4244956359077547,0.908016382321826,0.5626551282270552,0.995,200
26,-12.198630136986296,-71.04109589041096,20.472602739726028,3.0433978966216584,-0.33315586778302486,3.286337610523848,0.8387104920817717,0.5975863068756451,1.0,200
27,-24.914772727272734,-84.6534090909091,21.903409090909093,2.873420945235095,-0.22326661886396346,3.3244056034324165,0.8349346280714636,0.5991770102234614,0.985,200
28,-31.809954751131215,-84.12669683257919,27.031674208144793,2.963579474122177,-0.29449141166203474,3.3216133037278817,0.8343395643494913,0.5962711838600435,0.965,200
29,-16.006211180124225,-88.98136645962734,33.58385093167702,3.022872307910201,-0.3075853202702861,3.3022579904072282,0.8357634400006216,0.5966959688966403,0.885,200
30,-12.031999999999996,-80.832,35.952,3.027168433130117,-0.3235129426709936,3.3292336325044976,0.8393190414969455,0.5966290472069473,0.91,200
31,-21.235521235521233,-78.58687258687259,44.6949806949807,4.183966021529012,-1.0906804639588263,3.4738470829295958,0.9214417421337934,0.5614851549147052,0.855,200
32,-49.79591836734693,-9.775510204081627,0.45408163265305745,4.333349029570912,-1.175451557030589,3.466617764361516,0.9231389211954838,0.5564335518669082,1.0,200
33,-55.94285714285715,-21.35918367346939,7.70204081632653,3.4917169530875385,-0.7436001513283262,3.5021071907294594,0.902971549960525,0.5764666269408245,1.0,200
34,-36.09271523178808,-24.066225165562912,9.867549668874176,3.63656909007109,-0.7628087480834835,3.447418780906411,0.9065123321394366,0.5759520090597895,1.0,200
35,-38.30830039525691,-9.13833992094861,12.77470355731225,3.737003561246975,-0.8894901679158849,3.4782193573617595,0.9152758372680663,0.5717430180167135,1.0,200
36,-35.662790697674424,-26.29069767441861,18.930232558139537,3.959274773922666,-0.9340196681999192,3.427279350457634,0.9005073186351047,0.5702335324704534,1.0,200
37,-58.59016393442624,-37.00327868852459,15.67213114754098,4.083695818256974,-1.1367465409534714,3.526893444566137,0.9247128666908075,0.560014054406778,1.0,200
38,-41.14285714285714,-34.94581280788178,14.266009852216754,4.1094394529946365,-1.0945159948308436,3.499606261921376,0.9204050664177846,0.5624063929903802,1.0,200
39,-48.686192468619254,-12.887029288702934,14.158995815899587,4.199272059752569,-1.0790405015818074,3.448190682135857,0.913248060551192,0.5612030338046378,1.0,200
40,-59.551724137931046,-2.3448275862068897,11.267241379310349,4.118480035736401,-1.092380342295415,3.5044393455413,0.922289586693669,0.5606597236088381,1.0,200
41,-48.11538461538461,-24.15384615384616,17.82692307692308,4.069785244999285,-1.0102452983863979,3.428501777096558,0.9070823427133189,0.5658548473334705,1.0,200
42,-60.92385786802029,-17.492385786802032,19.461928934010146,4.37975182806626,-1.1333550559481589,3.42200006842109,0.918976278822381,0.5591568716384735,1.0,200
43,-59.23549488054607,-2.232081911262796,23.74744027303754,4.071323259865386,-0.931934738887202,3.41607293913328,0.9008699099673394,0.5700029740059704,1.0,200
44,-62.4321608040201,-10.291457286432163,31.165829145728637,4.344265332607903,-1.1446319711516377,3.4516670341947036,0.9201521955529234,0.5589337935292598,1.0,200
45,-53.22279792746113,-8.974093264248708,30.0,4.180001085702107,-1.0719067191147758,3.4729767596330605,0.9143959188862297,0.5636014632309972,1.0,200
46,-54.83422459893049,-19.807486631016047,40.705882352941174,4.308281886144925,-1.1510544179229159,3.4698099814655334,0.9210182452689771,0.5594871372771008,1.0,200
47,-50.88079470198676,-6.814569536423846,43.11258278145695,4.180121371612068,-1.0850918672174457,3.4706976527545113,0.9155316533035048,0.5617005746557268,1.0,200
48,-47.98830409356725,-16.292397660818708,40.18713450292398,4.310566219116119,-1.152744897747209,3.4424296795190257,0.9256832769156941,0.5552976800207072,1.0,200
49,-7.874213836477992,-15.289308176100633,46.89937106918239,4.182879407393458,-1.0599313496648413,3.431494029573605,0.91198134109545,0.5632481617906016,1.0,200
50,-40.984771573604064,-14.345177664974614,47.97969543147208,4.148459379442677,-1.0451362827230775,3.4761876062746655,0.9088602944765353,0.5660059329589526,1.0,200
51,-48.71428571428572,-17.38095238095238,54.2,3.7611433429809527,-0.8301997212731883,3.393561667501963,0.8862157685807999,0.5759753439589085,0.995,200
52,-47.30459770114942,-29.591954022988503,58.19540229885058,4.184161634318768,-1.0276083121198483,3.4136232530494897,0.9095891484276059,0.5633950009677571,0.99,200
53,-39.184,-24.784000000000006,52.879999999999995,4.219490498530149,-1.1264551582305031,3.4564252160434874,0.9216842569628404,0.557062239779313,0.995,200
54,-8.59420289855072,-37.53623188405797,53.53623188405797,4.402703988883325,-1.186890149769856,3.4385499736650416,0.9240394978707762,0.5541315052758778,0.99,200
55,-4.299065420560751,-24.785046728971963,56.19626168224298,4.498716093712184,-1.1973432903063295,3.368975744496971,0.922111773229173,0.5549482411472597,0.995,200
56,-3.898916967509024,-8.628158844765338,59.09747292418771,4.481758529226983,-1.1155435154147078,3.340542703216927,0.9145595228843524,0.5600224653126866,1.0,200
57,-34.51680672268908,-18.277310924369743,63.64285714285714,3.9739335587676643,-0.8391186903387686,3.3174033430358363,0.8872819631493659,0.5734253316346233,0.995,200
58,-30.15789473684211,-46.29824561403508,62.71345029239765,4.388240935690306,-1.0519864681417226,3.348576499401425,0.9112033770993518,0.5618475350277413,0.955,200
59,-32.0530303030303,-28.939393939393938,62.151515151515156,4.183834720133983,-1.0017487493416946,3.382787097305126,0.9053593790210576,0.566879732716528,0.99,200
60,-29.821561338289968,-38.25278810408922,64.84758364312268,4.474337883691587,-1.0952656230284514,3.334141750029002,0.9196625393830777,0.5583353624648271,0.97,200
61,-23.520215633423177,-10.700808625336933,64.88948787061994,4.310500234720808,-0.9769789361581337,3.3255960669945144,0.9052508239192827,0.5661793628520326,0.99,200
62,-19.27407407407408,-24.251851851851853,66.47407407407408,3.9239774622514716,-0.8747354519543197,3.37470244320177,0.8911909162659784,0.5695645390576228,0.985,200
63,-8.40425531914893,-41.65957446808511,70.18439716312056,4.20898769104429,-1.07242894155608,3.4139018500071843,0.9159038581368012,0.5584317532946577,0.88,200
64,-4.02873563218391,-25.741379310344826,68.56896551724137,4.443847137756868,-1.0979221850601946,3.3498127184912745,0.9176085590852124,0.560525682283301,0.985,200
65,-14.224215246636774,-11.228699551569505,72.2152466367713,4.418744716453595,-1.0918629037121654,3.362312899212547,0.9108337830497769,0.5620683940545897,0.99,200
66,-18.456521739130437,-30.985507246376812,68.70289855072463,3.9184556005908133,-0.8625189504036325,3.3593720821558457,0.8919505446363961,0.5723652255688564,0.965,200
67,-19.00769230769231,-39.98461538461538,71.76153846153846,4.167562487116562,-0.9483359122523313,3.3380970404386883,0.9044235220311169,0.5665144952501733,0.815,200
68,-11.857142857142861,-26.76785714285714,73.26785714285714,3.719893477572833,-0.7819455359346069,3.3952108629190962,0.8851422207242364,0.5752185925222233,0.88,200
69,-44.94214876033058,-42.29752066115702,-21.294765840220386,3.411862270990323,-0.499558906739825,3.3040002024291835,0.8520596886992123,0.5882947105747015,1.0,200
70,-48.72222222222223,-55.66666666666667,-15.54248366013072,3.0450932649633318,-0.28272730780667715,3.2965338865141787,0.8389132133038081,0.5982729582093907,1.0,200
71,-55.10088495575221,-61.68495575221239,-0.6796460176991133,3.099814570777137,-0.34821050748221544,3.285558186254276,0.84044396663631,0.5950055990623885,1.0,200
72,-47.87428571428572,-65.33714285714285,14.925714285714292,3.3059561358090157,-0.45334950443938515,3.318111308413062,0.8551675324358389,0.5884250396777151,1.0,200
73,-26.379746835443044,-70.12658227848101,30.405063291139243,4.055657906817571,-0.9807053749937323,3.4495716468622284,0.9051081885775716,0.5672350402975317,0.98,200
74,-54.8116883116883,-31.298701298701303,44.40909090909091,3.384239049321039,-0.5431096630901824,3.326958194071657,0.8587274227079393,0.5872010646814195,1.0,200
75,-22.72,-65.512,46.42400000000001,4.251655507586196,-1.1509126328022492,3.4742824107654613,0.9234780207573022,0.5589355591056893,0.955,200
76,-46.2415458937198,-29.101449275362313,43.78743961352657,4.401841794447696,-1.1830412060531648,3.45487029479275,0.9218254904376231,0.5571691221056692,1.0,200
77,-33.113725490196074,-46.49411764705883,40.87058823529412,3.6517946399908343,-0.7165658235648102,3.3654595281997994,0.8767010775528757,0.5792672717522364,0.995,200
78,-28.721518987341767,-58.037974683544306,50.56962025316456,4.424287740178082,-1.2156128059013038,3.462111035540317,0.9241975229515548,0.5554490620070962,0.925,200
79,-38.968421052631584,-37.53684210526316,49.77543859649123,3.6714505389236054,-0.7061123017760619,3.3515570497511145,0.8750127411348305,0.5799978012606577,1.0,200
80,-35.85645933014354,-51.827751196172244,56.02870813397129,3.3107743560700142,-0.5275768162607083,3.376320518929231,0.8647435458997105,0.5870516214089804,0.94,200
81,-14.918781725888323,-71.13197969543148,57.03553299492387,3.131525515223725,-0.3759300664073158,3.3326466930666343,0.8447104405659684,0.5929757501861254,0.725,200
82,-28.211538461538467,-61.19230769230769,62.326923076923066,3.471479892105789,-0.6128437749282046,3.3635182011682945,0.8657744504701864,0.5824334044820436,0.65,200
83,-7.393728222996515,-58.46689895470384,63.12891986062718,3.421725994927305,-0.5646225280995293,3.3067533464382426,0.8585426283043841,0.5862965626828192,0.715,200
84,-19.710914454277287,-56.48377581120944,66.2772861356932,3.724562673582801,-0.7334670531716307,3.343037142348388,0.8760067982998834,0.5771402940010606,0.67,200
85,-12.939130434782612,-50.59130434782608,71.58260869565217,3.9115880260273284,-0.9741994105107329,3.4457477448045566,0.9109425830681591,0.5653702886722822,0.48,200
86,-40.33009708737865,-2.3430420711974165,51.26860841423948,4.018912768975802,-0.9438370825793543,3.419870048120777,0.9140515213965225,0.5662188634128819,1.0,200
87,-25.723163841807903,-0.47457627118643586,55.158192090395474,3.9754739379344834,-0.9799425721876505,3.468267518516718,0.9119470415366129,0.566847537197502,1.0,200
88,-30.021390374331546,-8.021390374331546,51.71122994652407,4.281165953893316,-1.014394518949791,3.360197517379788,0.9165320365474773,0.5622854884090587,1.0,200
89,-21.214750542299356,5.149674620390442,64.02169197396964,4.292275828041983,-1.0766696190104001,3.4059281588895187,0.916424528163654,0.5605683442967901,1.0,200
90,-49.44736842105263,6.03947368421052,25.618421052631575,4.210680138003276,-1.1047278146044655,3.474424393048896,0.9194486295269111,0.5605494668628457,1.0,200
91,-49.96981132075473,2.633962264150938,37.97735849056603,4.29336746839005,-1.1616103642584308,3.4707021742972604,0.9225613261972174,0.5584483175192005,1.0,200
92,-54.63959390862945,-31.974619289340097,22.223350253807112,3.3712536784235385,-0.546965112891892,3.3610340083825685,0.8638789148223825,0.5869328510673797,1.0,200
93,-58.00714285714287,-44.192857142857136,27.307142857142864,4.021112848423252,-0.9620566361317389,3.4209742252439996,0.9036836317811546,0.5691044162284092,1.0,200
94,-61.354368932038824,-23.262135922330103,32.76699029126213,3.4406916405282892,-0.557496054077031,3.345162820758808,0.8621677523276696,0.5854358042620108,1.0,200
95,-61.16438356164383,-36.07534246575342,33.31506849315069,3.4150383084369302,-0.5754579305451554,3.3515274833016107,0.8574913905938304,0.5854428135059105,1.0,200
96,-56.61325966850828,-53.70718232044199,9.988950276243088,3.7267712776512356,-0.756543835665137,3.402531450945503,0.8840621872639902,0.5790547288769003,1.0,200
97,-44.17910447761193,5.298507462686558,-16.21641791044776,3.6858761160512024,-0.8080020770001712,3.4179364376391868,0.9024155338724417,0.5766274082338214,1.0,200
98,-38.73596673596674,1.92515592515592,-4.615384615384613,3.554763458924685,-0.6901409739625105,3.37646081473209,0.89127490871708,0.5809629667084331,1.0,200
99,-32.908212560386474,24.57004830917873,-0.8405797101449224,3.7290630753362257,-0.8550971314875558,3.4580551250279497,0.9057857427123779,0.5733654099703415,1.0,200
100,-39.7913043478261,-14.365217391304341,-1.7478260869565219,3.635970690751924,-0.7303745740767336,3.369450410168538,0.890693514225805,0.5771133997005378,1.0,200
101,-32.988142292490124,19.162055335968375,8.158102766798422,3.5506496745240437,-0.6246155171695384,3.3806586747187657,0.8879104579753601,0.5824312951590727,1.0,200
102,-36.48175182481752,4.394160583941613,10.68613138686132,3.68710961694003,-0.7091577661743397,3.3493287013957227,0.8829839495395133,0.5796198830444235,1.0,200
103,-43.34969325153375,11.926380368098165,2.2944785276073674,4.08574588692434,-1.0467383292991703,3.4692318834222933,0.9164081544345344,0.5639265092818737,1.0,200
104,-50.478764478764475,1.4980694980694977,4.355212355212359,4.308347636996131,-1.097133032203292,3.4069138243276806,0.9175527886460944,0.5611064248504141,1.0,200
105,-52.074074074074076,8.666666666666657,13.345679012345684,3.6084288396364617,-0.856236179672198,3.474651627518781,0.9106412284387687,0.5709079053072827,1.0,200
106,-28.941176470588232,43.30365659777425,29.545310015898252,4.386564334372664,-0.7142345812408726,3.1358131552693873,0.8938117452816162,0.5721023300817895,1.0,200
107,-5.9537275064267305,21.80462724935734,31.136246786632384,4.18574597229665,-1.0471318677986075,3.4170724647611554,0.9223769473128935,0.5591026154246522,1.0,200
108,-6.493702770780857,0.8060453400503746,40.54911838790932,4.156053362646702,-1.1554959952048018,3.5050302439384455,0.9248594280917913,0.5560249640557385,1.0,200
109,-10.99638989169675,-27.37906137184116,41.12635379061372,4.264215236732129,-1.0775981095774545,3.3911357074808266,0.9195669024234637,0.5580716101781552,1.0,200
110,-5.310704960835508,9.300261096605738,48.38120104438643,4.188038747646214,-1.090980729381869,3.4310298718414867,0.9201492968421354,0.5578113455816947,1.0,200
111,-12.57309941520468,-41.45029239766082,47.30994152046783,3.9967995948865362,-0.9832515280259938,3.401335096972514,0.9034142110772991,0.5638459124329321,0.995,200
112,-5.844961240310084,-49.116279069767444,57.01550387596899,4.455596859111861,-1.1292475027994298,3.384613447105405,0.9199548341478204,0.5581089711314774,0.955,200
113,-8.485436893203882,-2.679611650485441,70.90291262135923,3.3520617214505903,-0.4284794421169863,3.241715601260694,0.8453551758826342,0.5928174892607011,0.99,200
114,-12.370860927152322,24.264900662251648,-20.456953642384107,3.7198145018916726,-0.6678225393359438,3.313372530847889,0.8701695346766415,0.5824938832054628,0.995,200
115,-23.5645472061657,22.42389210019269,-19.69556840077071,3.202429875918601,-0.45723944996938287,3.355637196546967,0.8544959231189978,0.5928230141499986,0.995,200
116,-10.587479935794548,47.32263242375603,-21.335473515248793,3.2855401712757075,-0.4020656619936044,3.266194631165348,0.8488453061135945,0.5926926036093322,0.995,200
117,-3.9061728395061692,23.3432098765432,-18.874074074074073,4.077905347253177,-0.9594775557002949,3.4376008259488224,0.9002186418557849,0.5709950752655087,0.995,200
118,-15.441758241758237,64.34725274725275,-8.470329670329669,3.6463723420561216,-0.7542002319040247,3.381864615266437,0.8872815249400883,0.5787035434786196,0.995,200
119,-37.44701986754967,-5.460264900662253,-42.33443708609272,3.4946819665993525,-0.6245131734761488,3.339551297788856,0.8736330563514368,0.5823499345492753,0.995,200
120,-25.1328320802005,5.809523809523796,-38.285714285714285,3.5814883529483645,-0.7499171463716989,3.399220086564521,0.8862212204776149,0.5757830261952189,0.995,200
121,-25.638036809815958,-8.969325153374228,-32.576687116564415,3.6776369016089,-0.7435573850573499,3.3545522321672414,0.8777885468459546,0.5778797319379442,0.995,200
122,-53.84516129032258,-21.380645161290317,-31.427956989247313,3.955632658332403,-1.0169034251680549,3.4871246943858063,0.912134929001992,0.5645018329418025,0.995,200
123,-40.101010101010104,-21.848484848484844,-26.575757575757578,3.494042843977667,-0.5908420846482948,3.344936640430254,0.8594254797401873,0.5864361210705072,1.0,200
124,-43.29442282749676,12.933852140077818,-33.32555123216602,3.4617566293664574,-0.5832626761612121,3.3451951693959145,0.8673896604527183,0.5861705313053847,0.995,200
125,-31.47099767981439,11.494199535962878,-29.415313225058007,3.682094990779904,-0.7863746346714003,3.4416023742133697,0.8913653625630422,0.5753752626003559,0.995,200
126,-21.044334975369452,-20.689655172413794,-25.61576354679803,3.027625592832073,-0.2612821237546537,3.2791111807056517,0.832692889149481,0.5974647855112621,1.0,200
127,-28.807272727272732,-74.18909090909091,42.29818181818182,3.052810841101537,-0.32960176405138936,3.319659442170091,0.8371915683487772,0.5976627519102146,0.94,200
128,-58.321608040201,-41.59798994974874,45.55778894472361,3.1143293687373443,-0.39484629627407436,3.338909729788239,0.8490300187771027,0.5944759544159889,0.99,200
129,-53.21794871794873,-49.61538461538461,44.82051282051282,3.5125739945630077,-0.5951666900954334,3.3685844796035016,0.8648900228383402,0.5834272921718584,0.995,200
130,-34.42011834319527,-62.10059171597633,47.88165680473372,3.464782671980755,-0.567710763736948,3.3548952929445752,0.863018052116894,0.5843452474004799,0.97,200
131,-42.102564102564116,-52.17948717948718,48.641025641025635,4.175206162979173,-1.062559202814968,3.455683681487962,0.9132384184633263,0.5633559847837233,0.975,200
132,-44.991044776119395,-41.343283582089555,46.74029850746268,3.1108679065738345,-0.3158562064237212,3.2858228034997006,0.8371942832793924,0.5965604416066013,1.0,200
133,-60.484693877551024,-48.86734693877551,-9.73979591836735,3.8184911882108823,-0.7769867090628381,3.3916812748390663,0.8829362754682343,0.5777164522595205,1.0,200
134,-27.05202312138728,49.28323699421966,-13.739884393063583,4.189361984543987,-0.9795335711494803,3.374987531471635,0.9062637775622228,0.5677822890300153,0.995,200
135,-41.88550983899822,49.116279069767444,-6.504472271914139,4.323506655542283,-1.0699539356754775,3.3974831464003152,0.914817409036457,0.5621197870926893,1.0,200
136,-47.87335092348286,35.05540897097626,10.474934036939317,4.161250660968504,-0.9571072421506731,3.3803581334775354,0.9055822246587417,0.5668235371350702,1.0,200
137,-38.19166666666666,49.05000000000001,11.00833333333334,3.643007837847751,-0.8241310102545755,3.4676574546699954,0.908429017772124,0.5743894284126551,1.0,200
138,-27.594936708860757,56.810126582278485,12.956962025316457,4.271357785785616,-1.122033893130171,3.441803022752049,0.9195092625773281,0.5598366908775418,1.0,200
139,-41.609403254972875,37.66003616636527,21.89150090415913,4.171534093024924,-1.105545098275568,3.452418167325476,0.9208424518325624,0.5591334470600555,1.0,200
140,-44.371584699453564,20.21311475409837,27.23770491803279,3.8545191988712704,-0.8880082090099676,3.411332526881266,0.9032600853267165,0.5682566466714121,1.0,200
141,-39.173553719008254,7.396694214876021,33.46280991735537,4.016335503394472,-1.0160773276518114,3.4889964005168803,0.9175122153443642,0.5647419066568794,1.0,200
142,-35.90954773869346,31.9748743718593,38.53768844221105,3.5631446491757925,-0.6535323166886166,3.3447787182743385,0.8749413327899761,0.5837702615176239,1.0,200
143,-33.392405063291136,16.468354430379748,-8.34177215189873,3.209726596455782,-0.4590157346891286,3.3393681020708073,0.8543857345011142,0.5917323566258205,1.0,200
144,-9.07352941176471,-77.08088235294117,45.330882352941174,3.695117691463984,-0.7688729892383233,3.380569239499267,0.8824012928599279,0.573814884654488,0.81,200
145,-4.955555555555549,-63.837037037037035,51.970370370370375,3.810073485840489,-0.7716648723458247,3.329213211744378,0.9014526714358586,0.5716463499182036,0.875,200
146,-3.3013698630137043,6.3835616438356055,28.534246575342465,4.2022402360889695,-1.2218849188268652,3.5368563854815225,0.9289199022425825,0.554467977704126,1.0,200
147,-4.063999999999993,-21.695999999999998,28.944000000000003,4.364981038599523,-1.050787777276714,3.362599114480079,0.9197578424489873,0.5593210371779386,1.0,200
148,-3.7149122807017534,28.070175438596493,47.118421052631575,3.5360575364981526,-0.682386851612213,3.3432488482097096,0.8682784578209793,0.5821456213083938,1.0,200
149,-53.94862385321102,-1.6366972477064223,-29.343119266055048,3.6474583657600905,-0.7030400877553996,3.3776258363663816,0.8743911553021578,0.5804421065241646,0.995,200
150,-61.53881278538813,-17.593607305936075,-20.470319634703195,3.3684179010598165,-0.5278631870264751,3.3396304252188287,0.8532021094688861,0.5876469682480331,1.0,200
151,-60.17712177121771,-36.37638376383764,-18.140221402214024,4.079638526689417,-0.971573114350109,3.4370790467701084,0.9039791510356305,0.5682492938910232,1.0,200
152,-57.0059171597633,-8.911242603550292,-13.869822485207102,4.071586657279394,-0.9893975108785734,3.466158808795376,0.9049855372730317,0.5692643629482881,1.0,200
153,-52.756380510440835,6.19025522041764,-11.554524361948957,3.8653619350841266,-0.8359680350014765,3.3831945878973433,0.8897450985836919,0.5720573661669097,1.0,200
154,-60.62015503875969,-34.70930232558139,-3.1744186046511658,4.225143373696324,-1.1390359575663542,3.4760039380402143,0.9219030677159225,0.5602309601424816,1.0,200
155,-52.42677824267781,-22.56903765690376,-5.205020920502093,4.0816332628830105,-1.0197843609128077,3.452896086566472,0.9075887732456914,0.5668694619538172,1.0,200
156,-60.51982378854626,-12.572687224669608,-2.7136563876651962,3.8945979079828885,-0.8354804796185291,3.36354824535075,0.8881374496899924,0.5737539654140381,1.0,200
157,-61.712500000000006,-31.912499999999994,4.956249999999997,3.8622144053409557,-0.8765240000722133,3.390437369543307,0.8923755492412336,0.5725028800043946,1.0,200
158,-52.642570281124506,-42.979919678714865,5.100401606425706,3.3660403745327687,-0.532933263945443,3.331952679543308,0.8604701306102914,0.5876626732833816,1.0,200
159,-58.535433070866134,-48.95275590551181,16.212598425196845,3.573169436405305,-0.702202729105486,3.3393572180305116,0.8753333418677383,0.580621896354099,1.0,200
160,-45.74917491749176,-58.97029702970298,21.06270627062706,2.9170113488504708,-0.21334911409711768,3.2895984087331045,0.8296117355955989,0.6006117847843161,1.0,200
161,-40.36923076923077,-78.54945054945054,30.22417582417583,3.1300281481527366,-0.4060850062478679,3.312309964455816,0.8489204209769394,0.5936357644490656,0.99,200
162,-47.348017621145374,-63.559471365638764,31.308370044052865,2.9901614581367424,-0.29076396234770624,3.339003497197625,0.8383707836627278,0.5971386260029339,1.0,200
163,-56.54691689008044,-54.56300268096514,29.66756032171581,2.9158516990566676,-0.253960489028292,3.33689169558831,0.8376953606531591,0.598647310675622,1.0,200
164,-41.36017897091722,-72.02237136465325,43.32885906040268,2.9766678909412634,-0.26143017704705757,3.3003253871424603,0.8315403085721221,0.5996025039129934,0.92,200
165,-48.94078947368422,-59.53289473684211,46.940789473684205,3.817238221720634,-0.7838283605675621,3.353090588995776,0.8877369121822952,0.5803357107332109,0.96,200
166,-35.63895486935867,22.308788598574836,-15.486935866983373,3.587960435833159,-0.6488185567093252,3.3601575687064194,0.8750204109123398,0.5846936381848584,0.995,200
167,-35.9047619047619,36.85714285714286,-12.961038961038959,3.958942100200742,-0.9135717213572537,3.412526339919673,0.8947029190148473,0.5746302587729016,0.995,200
168,-4.726775956284158,55.05464480874318,-10.131147540983605,3.5827651016487327,-0.5472857970954883,3.2938362001566537,0.8573630550890542,0.5870314158707244,0.995,200
169,-5.943965517241381,34.91810344827587,-8.762931034482762,4.051988388244393,-0.9413504937418254,3.432594434388578,0.9033025371988955,0.5714374559408911,1.0,200
170,-46.18181818181819,31.55485893416929,-10.263322884012538,4.100544593913127,-1.017076922377035,3.4622904586987078,0.911608119791531,0.5674491549607389,1.0,200
171,-27.99363057324841,58.35668789808918,-0.7261146496815343,4.1104092073804255,-0.985396738758044,3.3992320932164106,0.9039523118162122,0.5682359782405514,1.0,200
172,-47.71428571428572,28.306878306878303,0.48148148148148096,3.9932516046574382,-0.9925437912042016,3.468311718087131,0.908261612701037,0.5687037920179874,1.0,200
173,-6.377952755905511,59.21259842519686,6.472440944881896,4.107165891721011,-0.9148785844314105,3.349917216721808,0.906366563512085,0.5715739316964522,1.0,200
174,-6.131782945736433,44.73255813953489,5.883720930232556,4.448886910724491,-1.1729638768043429,3.383026109994759,0.9196401157336308,0.5571214276605805,1.0,200
175,-52.964705882352945,19.22745098039215,11.48627450980392,3.9264108889629665,-1.014571311498957,3.502416225169905,0.9216540452729403,0.5681521172438024,1.0,200
176,-16.05405405405405,67.02702702702703,8.354354354354356,4.443551290621306,-0.6686151716603065,3.052212767143463,0.8997452030059598,0.5714150628101433,1.0,200
177,-5.436123348017617,33.700440528634374,20.431718061674005,4.464388010532606,-0.9227270266892191,3.2482822660912256,0.9144745509326253,0.565120266073412,1.0,200
178,-4.223039215686271,51.350490196078425,27.931372549019613,3.7633611504015723,-0.7474435417052896,3.3895707711028216,0.9144451343859693,0.5747215875782603,1.0,200
179,-13.783439490445858,57.47346072186838,30.900212314225058,3.339175972617446,-0.5652720702102776,3.461643325173175,0.9100492345377318,0.5812955998720952,1.0,200
180,-21.870669745958423,50.23556581986142,31.302540415704385,3.455950967180803,-0.6184784945272424,3.4648704566212403,0.8999902747881114,0.5784022291871057,1.0,200
181,-24.78102189781022,28.25547445255475,43.48175182481752,4.200233999925027,-1.1195167921294895,3.488301812779285,0.9225996750196671,0.557487023282392,1.0,200
182,-41.261363636363626,18.950757575757564,47.78409090909091,3.9849574894598856,-0.9595818743233495,3.4476994363481186,0.9123336329090957,0.5655809936512481,1.0,200
183,-7.913419913419915,42.709956709956714,51.22077922077922,3.5075978123026834,-0.6559054449392095,3.445288084674867,0.8996650221377516,0.5775532977494425,1.0,200
184,-18.403100775193792,35.844961240310084,48.14728682170542,4.138168843145392,-1.1157260888394063,3.4814984071411037,0.9227716297989077,0.5596460008189592,1.0,200
185,-41.62135922330097,7.092233009708735,48.57766990291262,4.068080549095302,-1.0021535071112926,3.431135544660988,0.9148306823199472,0.5647229446917597,1.0,200
186,-29.936395759717314,13.611307420494711,57.18021201413427,3.8261346424000906,-0.8240840416117279,3.4438520601228193,0.9070895784555444,0.5720776749770374,1.0,200
187,-22.3671875,19.4453125,51.8046875,4.197752256752715,-1.0683854555682206,3.421540362791252,0.919785562547974,0.5620762649383481,1.0,200
188,-12.544502617801044,24.18324607329842,61.09947643979058,4.389668328329034,-1.143017288522383,3.408711726936802,0.9248476000731864,0.5559979967209535,1.0,200
189,-6.517985611510795,10.422062350119916,64.40287769784172,4.113603882769446,-1.0788556824101057,3.461332061665975,0.9203298166264527,0.5578551322394903,1.0,200
190,-7.975903614457835,-51.903614457831324,9.228915662650607,4.274897220775793,-1.1779349283419518,3.445016529360229,0.925358680374,0.5518893719762373,1.0,200
191,-13.010989010989007,-60.65201465201466,18.578754578754584,4.113016463058424,-1.0839573964575855,3.443789931875933,0.9186745390374527,0.5565821538676659,1.0,200
192,-4.16143497757848,-53.35426008968609,20.18834080717488,4.031617471333071,-1.0712050403819222,3.481577161205428,0.9159505541024218,0.560039531967893,1.0,200
193,-5.68539325842697,-40.561797752808985,23.258426966292134,3.761600726244372,-0.7889831137768963,3.3517904929309883,0.8817895192203306,0.5730741308568841,1.0,200
194,-10.306451612903231,-69.57258064516128,31.314516129032256,4.155355223602926,-1.1273348617013248,3.455877906932036,0.9194882502981815,0.5561064565338785,0.99,200
195,-5.32963988919667,-60.18836565096953,30.060941828254855,4.187224447833725,-1.1225316330614326,3.4730774764592964,0.9243994773010649,0.5543491719323669,1.0,200
196,-7.443548387096769,-44.322580645161295,32.016129032258064,4.341197984791973,-1.2668682986901791,3.5321885409949787,0.9315270184923287,0.5507991897485515,1.0,200
197,-3.9568965517241423,-33.88793103448276,37.75,4.294420549287934,-1.1981765132995594,3.5073989803239494,0.9288020326977511,0.5528226694673188,1.0,200
198,-2.58536585365853,-15.541463414634151,37.03414634146341,3.614338103011942,-0.7486008276904969,3.386611643902939,0.878041469592143,0.5777833837650355,1.0,200
199,-3.0277777777777715,-68.22222222222223,41.15277777777777,4.277271999704864,-1.2064291422909468,3.4716713821870426,0.9249512237420444,0.5521392409054756,0.915,200
200,-6.746803069053712,-50.864450127877234,42.75703324808184,4.13824130758369,-1.058981682193919,3.458326913299323,0.9108700076300636,0.5611949882127828,0.99,200
201,33.52617079889807,-36.50137741046832,-22.892561983471076,3.9936678949018924,-0.9986855584585207,3.463855151900073,0.9099045149080612,0.5629458084132903,1.0,200
202,30.60344827586207,-30.649425287356323,-17.764367816091955,3.7880828353377494,-0.8192626227303371,3.4016249524029196,0.8917204806148316,0.5740186012516649,1.0,200
203,35.352112676056336,-53.66760563380282,-17.267605633802816,3.1835721040105223,-0.40371359998445117,3.3091873175265687,0.8464329751286115,0.5915528895938076,1.0,200
204,37.0880829015544,-73.33160621761658,-15.4300518134715,4.129387768505246,-1.1523100496127174,3.4747059206996607,0.9167224270345565,0.5571395363945161,1.0,200
205,26.11479028697572,-51.867549668874176,-8.847682119205295,3.7401261861541344,-0.759392506540825,3.368269049962765,0.88036852128457,0.5758161562164531,1.0,200
206,23.10943396226415,-73.60754716981131,-10.66415094339623,3.9253159844874426,-0.9822338068870848,3.458134715804911,0.9033571713556401,0.5647754684620231,1.0,200
207,18.191176470588232,-35.867647058823536,-12.514705882352942,3.182140028451445,-0.38996280010497036,3.2999089332063174,0.8442187962288566,0.5947554770371515,1.0,200
208,19.290322580645167,-87.96415770609319,-12.501792114695341,3.137911760316331,-0.34185075299524875,3.286173945511696,0.8411381916855073,0.5963742153493746,0.935,200
209,50.141623488773746,-64.50086355785837,-9.26424870466321,2.9099662250063436,-0.23494078256094877,3.313831043095324,0.8328720716932274,0.6001636045868534,1.0,200
210,42.30350194552529,-83.58754863813229,-12.202334630350194,3.919208104528633,-0.8964418918776914,3.407226829146998,0.8942935695658071,0.5680686105729061,0.985,200
211,9.225609756097555,-72.15853658536585,-4.817073170731703,4.124057704709673,-1.088365424815548,3.4381174593487627,0.9153117081007324,0.5580458196283051,1.0,200
212,12.8735632183908,-57.41379310344827,-3.3908045977011483,3.1123775389767574,-0.39482555210931103,3.3106096857111917,0.8479090509869325,0.5931815885428925,1.0,200
213,25.181818181818187,-96.52631578947368,-9.904306220095691,4.153946991507161,-1.1168167647151424,3.472922038861358,0.9202864749963524,0.559158296943886,0.88,200
214,17.870967741935488,-44.70046082949308,-2.6543778801843274,3.3859222693820765,-0.5349661311205332,3.3184263363726614,0.8590729329868872,0.5888249845191865,1.0,200
215,8.397774687065365,-92.105702364395,-1.6300417246175272,3.089285600759077,-0.3804744431307127,3.341055898289945,0.8419162818701748,0.5945602140892029,0.99,200
216,48.6208,-65.7024,4.281599999999997,4.0502923921945255,-1.0607213057351068,3.486809760151971,0.9178829440652543,0.5602496320461984,1.0,200
217,14.377952755905511,-47.05511811023622,4.204724409448815,2.9341010027121963,-0.2876250237038165,3.3329163282800636,0.8350631869592913,0.5976096185262528,1.0,200
218,35.40157480314961,-88.68766404199475,2.141732283464563,4.151455527319559,-1.09696478529219,3.467306738499969,0.916192030411337,0.556903782269874,0.985,200
219,8.973058637083994,-73.36925515055466,8.250396196513478,4.200514790625972,-1.144519886472136,3.4590262189307417,0.9194244095070502,0.5548927251304557,1.0,200
220,21.617834394904463,-59.4968152866242,5.770700636942678,2.9180158278731425,-0.2314661069578806,3.3206590251341,0.8356562583668544,0.599532230482958,1.0,200
221,23.57692307692308,-98.80128205128204,7.40384615384616,2.8809295829128505,-0.2573758548389184,3.297155596857244,0.8366280798978158,0.6004882155843493,0.925,200
222,43.78407079646018,-78.7575221238938,10.424778761061944,3.0906797881630332,-0.36142697551897834,3.299372712844491,0.8463156065797044,0.5943897063647477,1.0,200
223,12.678038379530918,-94.05970149253731,18.810234541577827,4.110056954587572,-1.0603693190613963,3.423742312681556,0.913472324271852,0.5590534346831674,0.94,200
224,15.753846153846155,-66.02461538461539,18.769230769230774,3.51137974549539,-0.6339973949595756,3.3774626593102823,0.8681256443925898,0.5812423658628422,1.0,200
225,5.040000000000006,-80.04666666666667,23.28,2.9294364562151007,-0.2465981464837414,3.3012487448018852,0.828982244335478,0.5977311337288908,0.99,200
226,27.12658227848101,-87.07594936708861,20.74683544303798,2.912082071950833,-0.21506634078541356,3.2744644133988277,0.828497649034677,0.600593806020767,0.99,200
227,35.63157894736842,-79.26973684210526,24.16447368421052,3.281218503270285,-0.500183529568049,3.3441302335762186,0.8571972113025143,0.5891288507779441,0.99,200
228,14.291316526610643,-77.37254901960785,33.74229691876751,2.889004216445921,-0.2127265176683904,3.2979645889598825,0.8277154498582247,0.6003362105440977,0.965,200
229,16.19114219114219,-86.78321678321677,36.6013986013986,2.88435480998029,-0.24491748626776108,3.331804782458744,0.8364809306661561,0.6004299142338507,0.875,200
230,28.903426791277262,-77.75077881619939,36.728971962616825,4.190681529034573,-1.0662625561067813,3.44960050110365,0.9115626350778471,0.5627282157174318,0.955,200
231,53.053941908713696,2.5726141078838225,-5.60580912863071,4.004946319775993,-0.9797959325701551,3.4478780300025873,0.9013618195598749,0.5679170740264384,1.0,200
232,61.84,-18.58,-0.4399999999999977,4.290626466292509,-1.1642671236985325,3.472798499227364,0.9226625612420498,0.5572055654607909,1.0,200
233,53.510588235294115,-13.708235294117642,5.689411764705881,3.743870239216634,-0.9021812373910701,3.4592912717950424,0.9095140275460948,0.5708176540138375,1.0,200
234,39.82165605095541,-18.40764331210191,4.789808917197448,3.487002711143215,-0.7182626781478519,3.430620657929698,0.8951554197608929,0.5796452561424894,1.0,200
235,37.89915966386555,-7.949579831932766,13.848739495798313,3.434385119227541,-0.7020114323900549,3.454480393204043,0.8961209418248557,0.5792034391951837,1.0,200
236,34.76923076923077,-21.519230769230774,14.288461538461533,4.008919447250809,-1.034786184164735,3.4844526492481998,0.9112436799522611,0.5640863723483353,1.0,200
237,60.142414860681114,-23.690402476780193,10.767801857585141,3.2543068799670407,-0.40519074269947697,3.2993032432033815,0.842113613220928,0.5924756525659114,1.0,200
238,64.38524590163934,-34.368852459016395,10.540983606557376,3.7386098477373224,-0.8559028708582962,3.4319333873593183,0.9021486791372569,0.5720740618307929,1.0,200
239,40.91228070175438,-13.05263157894737,18.175438596491233,4.105236048264109,-1.137275147517245,3.50500326669284,0.9219082468957704,0.5588259146080499,1.0,200
240,41.479674796747965,-28.85365853658537,17.95934959349593,4.090718007916581,-1.0647871880111606,3.4429937987845007,0.9172578947123757,0.5625244806053689,1.0,200
241,49.52447552447553,-10.04195804195804,12.853146853146853,4.235345097996231,-1.126945818591166,3.4678680430740076,0.9169696857352099,0.5597466789980015,1.0,200
242,59.15830115830116,0.7104247104247037,10.355212355212359,4.053858727563722,-1.0768186214019226,3.5042804875646896,0.9199839102770538,0.5619337689417897,1.0,200
243,48.9625,-21.262500000000003,18.462500000000006,4.0437283833516116,-0.988940495112989,3.434653013465694,0.9071780748522458,0.5665842713505148,1.0,200
244,61.848837209302324,-11.5,15.302325581395351,4.225726952437445,-1.0603466022394208,3.4497417364469714,0.911823727848955,0.5636227016528607,1.0,200
245,60.696774193548386,6.412903225806446,29.251612903225805,4.369118722602933,-1.1675466529291825,3.4676757466381867,0.9231313327737607,0.5591350409718413,1.0,200
246,59.189655172413794,-5.349137931034477,27.23706896551724,4.046093232397789,-0.9813263260737726,3.4447270203273006,0.9025035705776177,0.5686260375979547,1.0,200
247,61.22314049586777,-14.214876033057848,30.247933884297524,4.2964732444641465,-1.130059901058837,3.476383753620701,0.9216774607748743,0.559286526905073,1.0,200
248,51.54838709677419,-6.3548387096774235,37.16129032258064,4.112676807193726,-1.0704821656238297,3.4856315531207436,0.9147228600241687,0.5635955996362778,1.0,200
249,54.57142857142857,-16.828571428571422,40.18571428571428,3.919077294732526,-0.9805642738046653,3.4793122044054803,0.9154261480015776,0.5656128262993616,1.0,200
250,11.083333333333329,-17.02380952380952,41.28571428571429,4.153084689284091,-1.0814761644602886,3.4960367991941967,0.9155963766245746,0.5638296427372611,1.0,200
251,52.28108108108108,-12.843243243243236,49.2,4.256664818979562,-1.1505078682663248,3.482174697784205,0.9222745861658572,0.5586005869732945,1.0,200
252,44.05128205128205,-10.84615384615384,48.22222222222223,3.8636423401779085,-0.9238799119013501,3.4595869731504187,0.9035452966197532,0.5725333647688793,1.0,200
253,49.092063492063495,-25.453968253968256,55.790476190476184,4.278217945498072,-1.1349842514717914,3.4379447415100173,0.924110332957558,0.5567763292281629,1.0,200
254,6.947916666666671,-9.958333333333329,51.33854166666667,4.33365286288108,-1.1539305991932596,3.471289399175811,0.9207133002986592,0.5608141247804779,1.0,200
255,42.37158469945355,-21.092896174863384,54.69945355191257,4.202124052295955,-1.0613576228291701,3.4283435441703536,0.9092894794216737,0.5629596475724533,1.0,200
256,36.37735849056604,-18.161725067385447,63.331536388140165,4.185315935932335,-0.9501410923082122,3.3670715719327817,0.9028409232334057,0.5688648022756736,0.995,200
257,32.44970414201183,-34.082840236686394,63.12426035502958,4.0151420028782985,-0.8463179941507377,3.3337940659798164,0.8919292958995643,0.5726167998399685,0.95,200
258,31.02127659574468,-40.56170212765957,63.95744680851064,4.395492932041087,-1.1077845493522445,3.40707084467046,0.9164643139274751,0.5594453611917243,0.935,200
259,34.12435233160622,-27.191709844559583,60.96373056994818,4.295703805651201,-1.1495460273790574,3.4652279225423066,0.9264559804130561,0.5549378663031822,0.995,200
260,4.389705882352942,-24.661764705882348,58.38970588235293,4.384579371616202,-1.0697622791810002,3.369746095732302,0.9132372417694377,0.5612647397001878,0.995,200
261,28.664,-10.936000000000007,64.75999999999999,4.120039435488943,-1.0040504133449772,3.4179252429827827,0.9077253223204299,0.5635247747610426,0.995,200
262,9.176923076923075,-40.06923076923077,68.02307692307693,4.363552412087111,-1.0184415302913188,3.325738200654271,0.910951386083945,0.5650117655464156,0.92,200
263,21.206106870229007,-24.44274809160305,66.03053435114504,4.24047837455283,-0.9265927493567144,3.32827299591551,0.9013535203719072,0.5678536125933881,0.985,200
264,22.188405797101453,-28.898550724637687,67.92753623188406,3.901854028807836,-0.813858372356219,3.3460181093161743,0.8873219781485792,0.5724157925616051,0.96,200
265,22.272727272727266,-34.98701298701299,70.41558441558442,4.475733190306844,-1.0954659933488897,3.336802506183291,0.9211845587654379,0.560305080509871,0.865,200
266,16.82352941176471,-6.235294117647058,69.50226244343892,3.7628542583646567,-0.8103555689218629,3.4044671471235435,0.8868905099560929,0.5744426877540421,0.99,200
267,16.07142857142857,-46.730158730158735,73.73015873015873,4.252475970196051,-1.0907274174053125,3.3755394077384575,0.918580000754475,0.5574173334632966,0.55,200
268,5.460076045627375,-21.961977186311785,71.72623574144487,4.265768781719751,-0.9948272180760366,3.335639099648442,0.9027577417195837,0.5652149592918043,0.985,200
269,16.266666666666666,-18.421052631578945,72.58245614035087,3.997121910870207,-0.8822325143980672,3.35205269045105,0.8940448680945449,0.5696313469299794,0.985,200
270,12.78378378378379,-32.86486486486487,75.63513513513513,3.38354907829775,-0.5476681106000312,3.319793460149914,0.8598521263748368,0.586661208518287,0.78,200
271,49.84281842818428,-49.262872628726285,-18.13279132791328,3.085320817383659,-0.3718207290858001,3.310878791956909,0.8437753597416507,0.5967427591330264,1.0,200
272,59.30930930930931,-54.648648648648646,-2.552552552552555,3.279588621008243,-0.49669027957636347,3.339396581557225,0.8576067467862758,0.5895437533901403,1.0,200
273,53.69364161849711,-55.630057803468205,12.393063583815035,2.9141546041734006,-0.2126582397754268,3.282986805553232,0.8304097445537549,0.5987285226436583,1.0,200
274,45.44390243902439,-75.0829268292683,30.556097560975616,3.171026779146144,-0.4179707102823658,3.356090055031105,0.8489791186425582,0.5919163214276258,0.98,200
275,31.649253731343286,-66.54477611940298,35.42537313432835,3.7127755947668226,-0.7855770449752215,3.4400036792306987,0.8917895477945844,0.5766114380048415,0.98,200
276,57.15527950310559,-22.496894409937894,44.03726708074534,3.352706155627729,-0.5001437226248864,3.3819548865019624,0.8599708419304376,0.5878203683443961,1.0,200
277,18.583941605839414,-79.02189781021897,50.17518248175182,4.155229550580452,-1.1190691708522202,3.491251824615233,0.9180007923738491,0.5613230711333239,0.625,200
278,43.55458515283843,-37.624454148471614,49.97379912663756,4.238327509088402,-1.1189424010667228,3.485876816113314,0.9217188309926482,0.5601335920736595,1.0,200
279,45.16981132075472,-28.20754716981132,42.91509433962264,3.1310027217100673,-0.3997482005066971,3.3649544067810893,0.8513381766841319,0.5937068123646322,1.0,200
280,30.938388625592417,-63.75355450236967,53.02369668246446,4.387398017740927,-1.1263713553579755,3.4480429158557144,0.9193101375251761,0.5581349405478692,0.885,200
281,36.42666666666667,-44.773333333333326,45.18000000000001,3.2607852358497063,-0.4641111516951447,3.3505519561746664,0.8538027181681463,0.5904012730209331,0.995,200
282,20.858695652173907,-68.56521739130434,52.89673913043478,4.336766312544061,-1.1819791528698127,3.4929114565025468,0.9227022853700798,0.5569293979035699,0.89,200
283,35.755656108597286,-35.972850678733025,51.53846153846153,3.957471962671532,-0.8623656970312661,3.4030445184834637,0.8913797684537296,0.5725278542836969,1.0,200
284,34.0,-50.57142857142857,54.28571428571429,3.262841766091047,-0.5240814770228088,3.354838413444457,0.8599161407551922,0.5889205453189439,0.965,200
285,8.475177304964532,-70.97163120567376,52.42553191489361,3.3746323195088612,-0.5390903244150375,3.3523492156526786,0.862430500243528,0.5886418599139166,0.775,200
286,26.686868686868685,-58.0959595959596,60.661616161616166,3.883197672584988,-0.9063522404901984,3.409743422174021,0.9002245066472424,0.5666262989055751,0.85,200
287,7.373493975903614,-53.714859437751,59.78313253012047,3.5233198066399756,-0.6250063621857926,3.3692820286955,0.8714116100819478,0.5826145300657415,0.9,200
288,13.496124031007753,-63.968992248062015,64.75193798449612,3.8087983346559082,-0.8312443312943327,3.3697411287175822,0.8869774045389519,0.5758173689678731,0.54,200
289,24.44931506849315,-49.9945205479452,68.16438356164383,4.2464282302035805,-1.160775375595845,3.469501148965651,0.9264408858649641,0.5582912590245566,0.745,200
290,39.48684210526316,-3.0855263157894797,52.875,4.151719700721256,-1.0401929900281615,3.4358839835342407,0.9195387457205126,0.5620276898875127,1.0,200
291,27.631578947368418,-3.5921052631578902,52.190789473684205,4.256775352775487,-1.0358859112418572,3.3835410446180054,0.9115149162873205,0.5637317966837222,1.0,200
292,24.75,-3.075000000000003,63.849999999999994,4.245892866861616,-1.148041373207018,3.4320809871791016,0.9218319425389494,0.5582753186606013,0.995,200
293,48.97905759162304,8.225130890052355,24.675392670157066,3.1433792093630952,-0.382593446912346,3.284971952137029,0.8431691593638234,0.5940308452100201,1.0,200
294,59.27131782945736,-46.42635658914729,6.961240310077514,3.830500359660612,-0.8436390610845018,3.3963564778902198,0.887455561745705,0.5717793175628527,1.0,200
295,52.043243243243246,-40.88648648648649,12.21621621621621,3.3174812037005355,-0.47322271773782626,3.3453643158929998,0.854997731910536,0.5913646419457429,1.0,200
296,61.21111111111111,-39.733333333333334,21.75555555555556,3.99251357497684,-1.0083194850313868,3.488556864160762,0.9098028023960159,0.5661444718668021,1.0,200
297,57.92507204610951,-30.893371757925067,24.30547550432277,3.966371602852184,-0.9719376860090848,3.454462238181443,0.9041002595615939,0.5684387040914324,1.0,200
298,60.35409836065574,-21.87540983606557,22.47868852459017,3.4623214502989113,-0.5622923755517765,3.3161185692011212,0.8592794148834451,0.5855590709580436,1.0,200
299,62.62337662337662,-25.766233766233768,38.019480519480524,3.1393253727264936,-0.38922866781620846,3.3353286497421895,0.8447762282134955,0.5948466583675373,1.0,200
300,62.10285714285715,-37.42857142857143,36.97714285714285,4.386216247149478,-1.1868899084777036,3.474679202491601,0.9260397709856096,0.5569446847645652,1.0,200
301,51.0,3.414634146341456,40.76219512195122,3.8163716360090136,-0.7840786860970058,3.372575952916719,0.8862643038717616,0.5782719922105346,1.0,200
302,40.53156146179402,5.029900332225907,-15.541528239202655,3.7690408860954325,-0.8194326188798021,3.4136989538454556,0.9009716240778555,0.5757423316453149,1.0,200
303,40.51162790697674,8.74418604651163,-2.8449612403100843,3.799450483924405,-0.896588899542277,3.4618842211093237,0.910595840057119,0.5709777759550608,1.0,200
304,40.23754789272031,-10.59003831417624,-4.17624521072797,3.6526965132169322,-0.7867114730134636,3.4201815028639366,0.9031434294853162,0.5761175106624532,1.0,200
305,39.179190751445084,-1.5028901734104068,5.549132947976872,3.944492517764297,-0.8709813717423072,3.3758893594803796,0.8960693246341593,0.572227894934992,1.0,200
306,37.2046511627907,22.627906976744185,4.748837209302323,3.7229141270253434,-0.7774383380056016,3.3902263866410935,0.898535319538442,0.5757504411790729,1.0,200
307,38.38157894736842,6.973684210526329,10.473684210526315,4.265433490292828,-1.0766247551094834,3.446924444465018,0.9162936864951994,0.5615679645090347,1.0,200
308,49.49514563106796,4.938511326860834,3.5533980582524265,4.413680480704751,-1.1466632521864277,3.4179642259201928,0.9199371710153567,0.5582554461581888,1.0,200
309,53.84415584415584,11.902597402597394,11.720779220779221,4.034931371014214,-1.0863354721745675,3.4906306232576525,0.9261371726474672,0.5611401121922798,1.0,200
310,32.43894899536321,44.73570324574962,28.41112828438949,4.319183234067489,-0.811713982895922,3.19264585113573,0.9065482362606658,0.567470474599912,1.0,200
311,7.330922242314642,18.61844484629296,35.49728752260398,4.187628488948381,-0.9799161816609905,3.374453677708542,0.9175595266324426,0.5614084527909609,1.0,200
312,7.556064073226551,2.292906178489716,43.23569794050343,4.154383579939197,-1.1213902784255607,3.481999636110798,0.9259364132362549,0.5573714378498668,1.0,200
313,11.396078431372544,-33.54509803921569,42.501960784313724,4.169644701629477,-1.0335214726428417,3.4092993527593416,0.9200987812620525,0.5606551103542281,1.0,200
314,5.7463414634146375,10.595121951219511,57.48292682926828,4.187417848010758,-1.0676531232107351,3.4320599875908515,0.9162678262455363,0.559500495406896,1.0,200
315,10.213836477987428,-43.24528301886792,53.38364779874213,4.2601760649262825,-1.126316574828272,3.4443274593806024,0.9216157007651697,0.5580478475045079,0.97,200
316,10.599999999999994,-32.33684210526316,50.62105263157895,4.383080424253758,-1.1226477010481024,3.3968142968908417,0.9192939987467621,0.5566354503868886,0.995,200
317,6.827361563517911,-1.6351791530944695,66.56677524429966,4.170112431300997,-0.9526626931222398,3.3502525829581513,0.9100122974604741,0.56754293922726,0.995,200
318,16.174999999999997,6.612500000000011,69.26249999999999,3.3481451614540285,-0.41861340376016565,3.255646382382486,0.8416203161058989,0.5935006900184112,0.995,200
319,13.241379310344826,23.347962382445132,-20.52037617554859,3.7117175590044154,-0.6971293368058307,3.32661502746171,0.8690757357732928,0.5829317174973037,0.995,200
320,23.07027027027027,22.254054054054052,-20.27567567567568,2.9638375907509205,-0.2985440497723058,3.3198357968090546,0.8345935391432993,0.5973399570176388,0.995,200
321,7.799999999999997,46.7842105263158,-23.252631578947366,3.4594316474860167,-0.5984505066184642,3.3710880608484977,0.8685086981429944,0.5864455432739286,0.99,200
322,19.956331877729255,42.978165938864635,-18.16593886462882,3.305798289054944,-0.38851502329127374,3.2408209867576896,0.8437711464677256,0.5926496775558929,0.995,200
323,4.796116504854368,21.818770226537225,-20.627831715210355,3.689942843853186,-0.727629431089363,3.3884549457477346,0.8715846802345052,0.5813023553776965,1.0,200
324,9.356321839080465,62.63218390804599,-14.367816091954026,3.676918733115839,-0.7869016144303258,3.4207209527891953,0.8955319009365048,0.5750443557133249,0.99,200
325,27.804597701149426,-1.3218390804597675,-40.132183908045974,3.4169452408907826,-0.5589592225551597,3.3531015862039824,0.863358269598997,0.5860437829627937,0.995,200
326,48.77157360406091,-6.5482233502538065,-39.19458544839255,3.317648361932739,-0.4859851038408433,3.33621660342333,0.8542286266324577,0.5886770446566614,0.995,200
327,36.69767441860465,16.599483204134373,-37.012919896640824,3.8490947839176743,-0.9220883399553396,3.429460124917569,0.9032944703722392,0.5689297075386807,0.99,200
328,39.38877338877339,-14.78586278586279,-31.20997920997921,3.5453088627040295,-0.6041830315418717,3.3290841529451853,0.8687410879172497,0.5858287951302905,1.0,200
329,28.59872611464968,11.787685774946908,-30.42887473460722,3.972892013795049,-0.9610921342339909,3.443499683368694,0.9013444595780162,0.5667078223691482,0.995,200
330,49.9815668202765,-27.737327188940085,-25.87096774193548,3.5602974914402283,-0.7448119975761507,3.4472619157584496,0.8885367157455373,0.5771237062997627,1.0,200
331,22.365591397849457,-17.64874551971326,-26.845878136200717,2.972008192868819,-0.27178366292527695,3.3052659293208633,0.8341632040172489,0.5991774102926177,1.0,200
332,54.5661252900232,-52.82598607888632,44.53828306264501,3.139420164624714,-0.42929734396833685,3.3261345872762926,0.8508105481354168,0.593143504165641,0.995,200
333,55.55020080321285,-40.85140562248996,47.4136546184739,2.9516721711551783,-0.28783247430988274,3.294736997896864,0.8393098522011652,0.5985790695387401,1.0,200
334,35.10948905109489,-70.71532846715328,46.69343065693431,3.3972071590012507,-0.5800872907483806,3.392038992307391,0.8680537909636257,0.5832622920928419,0.865,200
335,53.93023255813954,-33.162790697674424,51.18604651162791,3.5184587222774266,-0.626830448587799,3.367802649347499,0.8662392139839897,0.5834338058816462,0.995,200
336,46.79220779220779,-44.09090909090909,46.675324675324674,3.301343128512127,-0.4742463895633039,3.3484181556376615,0.8524369654922362,0.5889696889502725,0.995,200
337,40.946478873239435,-55.14366197183098,48.63098591549296,3.3879354463013196,-0.5654823516449118,3.3568892475039793,0.8590297935768385,0.5869618347790253,0.975,200
338,61.70212765957447,-28.716312056737593,-19.808510638297875,3.2218642231055226,-0.38281056143716413,3.2792132350633887,0.8388650959946266,0.5944845599491192,1.0,200
339,63.2787610619469,-42.21681415929204,-10.623893805309734,3.729208110620226,-0.7538494006666824,3.378444287279844,0.8909650030801838,0.580408992834621,1.0,200
340,33.924528301886795,21.1320754716981,-7.7075471698113205,3.94835229798868,-0.8816988650104436,3.4387673585579974,0.8949984549328824,0.5740653318161211,1.0,200
341,27.882063882063882,54.77641277641277,-13.498771498771497,4.421693655431308,-1.0705963350268604,3.4002177213031395,0.910869965916711,0.5618856810368292,0.995,200
342,42.2879684418146,50.95069033530572,-6.252465483234715,4.256047912932726,-1.1536922608115485,3.4986594273960336,0.9251041112354066,0.5627780909954163,1.0,200
343,27.465478841870826,59.231625835189305,2.8374164810690417,4.386357827068261,-1.1301043575184766,3.4172601097271356,0.9197812840009536,0.5610603954396786,1.0,200
344,48.9645390070922,39.94326241134752,5.0212765957446805,4.439989851753305,-1.1710837047597245,3.4324067498790476,0.9252994507314249,0.5574836512080933,1.0,200
345,41.72136222910217,45.891640866873075,14.284829721362229,4.409302461694031,-1.184050952681635,3.4261255959138963,0.9268220910329861,0.5563838299900873,1.0,200
346,49.079470198675494,30.33774834437085,18.291390728476827,4.3241152730374965,-1.130241089704007,3.4258634532497485,0.9245810718145094,0.5572545500330787,1.0,200
347,48.29054054054054,18.11486486486487,23.58783783783784,3.5185848571092664,-0.7959315435652147,3.509322285013752,0.9202700362866837,0.5734671094915167,1.0,200
348,25.250620347394545,54.11910669975185,24.81885856079404,4.305708118255884,-1.1710062728744173,3.4546586112166953,0.9267704236139009,0.5563632701344576,1.0,200
349,47.338501291989665,28.930232558139522,28.01550387596899,4.076141901822817,-1.002665656302806,3.428051622518455,0.9128493317675276,0.5626968416615576,1.0,200
350,39.32738095238095,10.696428571428584,33.81547619047619,4.190399663602251,-1.1519205001823345,3.464115234826027,0.9249272534165756,0.5580716617609136,1.0,200
351,39.0130548302872,33.43603133159269,38.02088772845953,4.233893560105201,-1.1561473459026914,3.505611987947288,0.9264063174115068,0.5566173366125915,1.0,200
352,44.55662188099808,18.925143953934736,43.48560460652591,4.313303194151411,-1.161679614981577,3.4721778952001427,0.9219104998294809,0.5587558901878467,1.0,200
353,43.164912280701756,6.04912280701754,50.392982456140345,4.248948298351675,-1.0943828667426734,3.440314128489654,0.9227668758653546,0.5583599660282326,1.0,200
354,34.36261682242991,15.61121495327103,55.45794392523365,4.095374080589681,-1.0142529855562263,3.4104397729931684,0.9200524949236436,0.5622691079248572,1.0,200
355,24.29729729729729,9.900900900900893,57.860360360360374,3.4700006634791976,-0.5885789347790044,3.3401101905449986,0.8638142131373318,0.5824607291680126,1.0,200
356,13.12460063897764,-71.49520766773162,38.990415335463254,3.867893973096993,-0.8529327283942921,3.401571891429839,0.8916975883791232,0.5698423510137346,0.955,200
357,5.737089201877936,-63.990610328638496,43.64319248826291,4.001478889165999,-1.0686370940939407,3.515237650682267,0.9208875403243065,0.5584789443523025,0.95,200
358,6.356164383561648,-26.31506849315069,27.9041095890411,3.8169613302044714,-0.8005613558982414,3.372894188244552,0.9014630510668838,0.5704163929120588,1.0,200
359,4.778625954198475,1.3893129770992374,30.320610687022906,4.448641654985024,-0.7356074343320357,3.101728597353752,0.9062699882303213,0.5701484876343449,1.0,200
360,7.487058823529409,34.86117647058825,25.18117647058824,4.2386297451780255,-0.9776105206581392,3.381006142131754,0.9152973678153125,0.563269511607065,1.0,200
361,4.849397590361448,28.265060240963862,48.12048192771084,3.5799685249682915,-0.6904741593150702,3.3927809857867057,0.8771848389340972,0.5791952738191506,1.0,200
362,54.43654822335025,-45.68527918781726,19.675126903553306,3.0201249872859997,-0.3107313192319887,3.3105575331885277,0.8363722783895337,0.5973346799439344,1.0,200
363,48.42826552462527,-64.11134903640257,21.700214132762312,3.298594741379799,-0.4927017460469009,3.3065607724318142,0.8532796740322951,0.5894053908657585,1.0,200
364,53.2034632034632,-53.290043290043286,25.818181818181813,3.2621431937337606,-0.460921240159694,3.3251557120987214,0.850263430223208,0.5895199351768359,1.0,200
365,56.05042016806723,-45.3781512605042,32.260504201680675,2.9363289316577412,-0.2550796369863227,3.3023503864803216,0.8312152387956931,0.5987761227878368,1.0,200
366,47.52488687782805,-64.28054298642533,41.6606334841629,3.355356620872482,-0.4977474856793485,3.3369493987039234,0.8564989165217322,0.5888965606239717,0.98,200
367,49.12676056338028,8.570422535211264,-32.82394366197183,3.517929916335301,-0.6591682315012183,3.364991776010411,0.8697587927884138,0.5834818965963774,0.995,200
368,60.48601398601399,-7.5314685314685335,-22.91958041958042,3.909553681356217,-0.779504379498816,3.3513902997389344,0.8845206730385408,0.5783831462777379,1.0,200
369,47.659574468085104,16.047872340425528,-20.122340425531917,4.079552286316762,-0.9694296460232722,3.4162998452030946,0.9030485508163122,0.5688302862852523,1.0,200
370,54.78290598290598,-4.061538461538461,-14.184615384615384,3.7327347548281384,-0.7603738206320118,3.4042224833421244,0.880952109152514,0.5761041263107307,1.0,200
371,62.88955223880597,-23.09850746268657,-7.468656716417911,3.9571683534941333,-1.0177416519142495,3.509866929660071,0.9110606014559736,0.5664088622311683,1.0,200
372,48.99363057324841,-20.063694267515928,-7.375796178343947,3.219157114348149,-0.41649280458628374,3.30435640485541,0.8464333515389744,0.5927936143775523,1.0,200
373,63.282828282828284,-37.56565656565657,0.19191919191919737,4.067372774676898,-1.066963930057251,3.469681694829744,0.9141289324406852,0.5614089517370747,1.0,200
374,50.4,-33.14,1.5466666666666669,3.838501661317805,-0.7845587708437298,3.359232746892887,0.8879712259126709,0.5777659687612133,1.0,200
375,34.97752808988764,23.044943820224717,-17.230337078651687,3.8689253877853176,-0.8066663609789568,3.4093169531300282,0.8908442092951803,0.5755567017282452,0.995,200
376,35.111111111111114,37.701388888888886,-13.652777777777779,4.316861948263425,-1.1040267928368912,3.453149136763749,0.9185379293412139,0.5618545799739353,0.995,200
377,48.03305785123967,31.574380165289256,-7.793388429752071,4.507917191311739,-1.1918399537159363,3.4220358374216304,0.9241654579517321,0.5556042992624796,1.0,200
378,53.33976833976834,23.783783783783775,6.447876447876453,3.703794952552031,-0.665745224010747,3.329855045965187,0.8726997292721623,0.5842999081734624,1.0,200
379,5.360856269113157,40.40366972477065,-10.247706422018346,4.429786871451295,-1.160296023635094,3.47742351861853,0.9210055468716746,0.5632494379030277,1.0,200
380,9.370919881305639,66.64688427299703,1.0504451038575695,4.03017008602093,-0.8716940629226931,3.3462460287797047,0.9026035740348894,0.5732624814487468,1.0,200
381,7.638888888888886,42.02777777777777,4.178571428571431,4.195248726081427,-0.988156705250039,3.386604966975349,0.9214845265857616,0.5664391028181701,1.0,200
382,7.422145328719722,53.98615916955018,12.82352941176471,3.6254000920672995,-0.8209983306675532,3.518554422591395,0.9281431589812513,0.5730391198325039,1.0,200
383,17.530927835051543,64.91237113402062,16.170103092783506,3.8446010856091215,-0.6111326388662852,3.2384458573471293,0.8837698299043636,0.578262942390706,1.0,200
384,5.730769230769226,24.769230769230774,18.243589743589737,4.062991188650836,-0.8541142621508113,3.352569368157508,0.9071845840001639,0.5696955841693048,1.0,200
385,6.332225913621258,57.607973421926914,29.435215946843854,3.510440797939924,-0.6759502648066186,3.4642110981311034,0.9185133618593798,0.5773966370314284,1.0,200
386,16.35924932975871,52.750670241286855,35.860589812332435,4.262248106407688,-0.9197726396414382,3.311144198436807,0.9106885086376237,0.565849004582908,1.0,200
387,4.78745644599303,44.50871080139373,40.05574912891986,3.581429858220099,-0.7756291833244727,3.487949553141557,0.9135949762730747,0.5737420727598495,1.0,200
388,26.249388753056238,34.528117359413216,39.30073349633251,3.9487776157413776,-0.942667429821684,3.441421922554243,0.9178298363192057,0.5662048432792228,1.0,200
389,13.923766816143498,39.112107623318394,52.152466367713004,3.9222615376661025,-0.9248895923490358,3.4700799385256715,0.9222946757508295,0.5664371412966094,1.0,200
390,23.95876288659794,25.716494845360813,50.77835051546391,4.231365252129348,-1.05058832939954,3.4051593934495865,0.9197659958310339,0.5624614578928202,1.0,200
391,11.965853658536588,19.70243902439023,62.83902439024391,4.244651477467395,-1.1638813828722285,3.4719211680907818,0.9254735397875509,0.5527710860468965,1.0,200
392,12.585858585858588,-54.868686868686865,15.585858585858588,3.872566950498513,-0.9451808021048475,3.45454216101333,0.9093134212269848,0.5657121850580581,1.0,200
393,7.321428571428569,-43.67857142857143,19.75,4.096746671738989,-0.9667371162046251,3.3812188776814804,0.9016828675720285,0.5631771788307901,1.0,200
394,16.493670886075947,-63.35443037974684,27.506329113924053,4.142515164071029,-1.0948801874634626,3.452226974817066,0.9210644035958359,0.5557499304013427,1.0,200
395,5.819548872180448,-52.24812030075188,22.94736842105263,3.875541041177863,-0.8859801394781195,3.3887445751972503,0.8913892152827947,0.5671375614362631,1.0,200
396,4.895348837209298,-63.33720930232558,31.34883720930233,4.169442722583144,-1.1581264134965843,3.490172297975296,0.9262725128796938,0.5549807409787892,0.995,200
397,6.69740634005764,-38.79538904899135,34.835734870317,4.267002384081993,-1.1985167474387886,3.5201334825051527,0.9296959631853419,0.5534088492187234,1.0,200
398,4.102941176470594,-19.69852941176471,37.044117647058826,4.168225436189803,-1.159915102034155,3.4720349723845514,0.9225656744489693,0.5546816106346758,1.0,200
399,9.892857142857139,-52.60714285714286,35.13095238095238,4.258326221543053,-1.1625521171424118,3.4577414013765755,0.9245238126149515,0.5545682397465093,0.985,200
400,7.2116182572614065,-49.64315352697095,44.43983402489627,,,,,,0.0,200
