parcel_idx,n_subjects,total_power,spectral_exponent,spectral_exponent_r2,delta_power,theta_power,alpha_power,beta_power,gamma_power,gamma_delta_ratio,fast_slow_ratio,peak_freq
0,203,0.77645276510269,0.5352684008387429,0.8779595899999765,0.14360708391645963,0.13155612714963463,0.12332698922718206,0.264376616527372,0.11358594828204172,0.8163661214786989,1.4101296303870157,1.3596059113300492
1,203,0.8138070228710206,0.31184988008424963,0.8122665060618002,0.10908507699823193,0.10827051453034844,0.13142531201707852,0.3088157432195523,0.15621037610580943,1.4496233004867016,2.1568810161016354,1.5714285714285714
2,203,0.6989342983523108,0.3799023767921776,0.7632770117165701,0.17077042171527615,0.09047756403677965,0.08035130412832166,0.23220173717474568,0.12513327129718763,0.7925897516928875,1.4277203563476428,1.0049261083743843
3,203,0.6969027821079256,0.35461329738462555,0.7900727613813376,0.15443248816887245,0.09088997705129308,0.0825066391983658,0.24009751998907344,0.12897615770032067,0.9031245580725039,1.5661603424675379,1.0073891625615763
4,203,0.7641943747926601,0.2974529803150931,0.7998651964996593,0.1238921943206808,0.09981491334125751,0.10237882794474538,0.29035757394650513,0.1477508652394712,1.2561557272830717,2.0114635909142144,1.0517241379310345
5,203,0.7605207555692454,0.34501143090617886,0.828279048572143,0.1336379665133261,0.10338625217336114,0.10120614650277403,0.2836520746250707,0.13863831575471344,1.0995502113565796,1.8430492433240504,1.083743842364532
6,203,0.7413139108106983,0.41033928263749697,0.8590625816592186,0.14690818906579942,0.10644454956594751,0.09730945708733449,0.26470815137170933,0.12594356371990761,0.9198783261386306,1.6080061561856782,1.0369458128078817
7,203,0.7259694893690801,0.29723382209529275,0.821477202812488,0.10980902043681802,0.09671325061646986,0.09785808961009178,0.28231078123269576,0.13927834747300477,1.3357195420647756,2.101532386504985,1.0123152709359606
8,203,0.8062179327929119,0.35280297559587576,0.8382225072604176,0.1256231868326855,0.11403612549834113,0.11364558990937476,0.30764483259606534,0.14526819795644516,1.20450869816381,1.944128225519598,1.0935960591133005
9,203,0.7974855946988666,0.4712774111965458,0.8444316044518785,0.1339632257831863,0.12673049675749887,0.12241896575823179,0.28993152441939074,0.12444138198055874,0.9724537453977885,1.6425480243197805,1.251231527093596
10,203,0.6825713240066141,0.32022610684083264,0.8167970261231581,0.101040918726699,0.0960634559112655,0.09134242698327795,0.2664483934796683,0.1276761289057033,1.3511263605912518,2.0844026240753304,1.0886699507389161
11,203,0.8216842998761015,0.5247981911207972,0.8784673400061949,0.1469134423361095,0.1522202375484202,0.11159307773742327,0.2857631856597176,0.12519435659443087,0.9226659833256218,1.4573352565575486,1.2044334975369457
12,203,0.7372340505349012,0.31838209356771413,0.759338446036267,0.15930437921048335,0.0912094952129632,0.08765776524166541,0.25656938759905135,0.14249302327073782,0.9822410579410166,1.6590977010403662,1.0073891625615763
13,203,0.8597091297837459,0.5648790439821514,0.7118764084221714,0.1268711765458395,0.12247319644627201,0.2066841304729602,0.2897457020262519,0.11393492429242243,0.9405638487959435,1.6819057597926244,4.231527093596059
14,203,0.532549780843457,0.2751427895457128,0.8012651195180849,0.06799489302246324,0.0692360449476792,0.08108264030296201,0.2086570941706622,0.1055791083996904,1.6262934449628406,2.35705771108998,1.5541871921182266
15,203,0.7532434551291255,0.32012291817833943,0.8014534208630288,0.09953217499149537,0.10124497578956397,0.12214238649015836,0.2883111139405272,0.14201280391738064,1.4976069850399811,2.2148505758748582,1.522167487684729
16,203,0.8526961614261155,0.6904806106672726,0.7476438758563401,0.14789420650021823,0.1294660495173651,0.21027545134697995,0.2707948677196702,0.09426558634188205,0.6739330899736848,1.3706983607791614,3.642857142857143
17,203,0.8609760355523458,0.49652443283796965,0.7990713965324087,0.1353803496758411,0.12743809778437362,0.16508932531511172,0.3031347861438212,0.12993347663319813,1.018836944539729,1.7163232169764548,1.9187192118226601
18,203,0.8483531631135439,0.5204145402993461,0.7992518351273116,0.13636005256688055,0.12994588303105037,0.16179027791613035,0.29771975318362087,0.12253719641586185,0.9544712433981323,1.646445713259738,1.9605911330049262
19,203,0.7135479440007063,0.11874899052106444,0.6143428330590726,0.07403091749107917,0.08062992783205458,0.09649092371452204,0.2953502463507054,0.16704592861234507,2.2891295186004954,3.0091452220845882,1.206896551724138
20,203,0.8226540119701028,0.5390491073857028,0.6415164859606685,0.10860775879994426,0.10804237616016418,0.21834932695512793,0.2782683293147484,0.10938622074011808,1.0635907553248574,1.8592948429184817,5.896551724137931
21,203,0.8700244567882472,0.604124942680432,0.6718992876112976,0.12083689860795059,0.12352035944547334,0.22804351110130722,0.2920278324284339,0.10559585520508225,0.9198701518890336,1.6960914765880601,5.615763546798029
22,203,0.7429622127146417,0.42974779212141767,0.8148894842853914,0.19119389613271254,0.10221022974979971,0.0877103766530349,0.23473028082474548,0.12711742935434925,0.7215899499897525,1.285548868602395,1.0
23,203,0.7594009010189564,0.24366122662336984,0.7926541046937493,0.10544165458350438,0.09595342079649358,0.10314421173068022,0.2975241008948483,0.15733751301342982,1.5427469579838413,2.2987405079282204,1.0886699507389161
24,203,0.6285090910703778,0.2833052991478004,0.7772443975129694,0.10362929959617224,0.0817422021737064,0.08013508332808401,0.238274387635209,0.12472811833720605,1.2953130821232781,2.046828041049211,1.0
25,203,0.766539935654499,0.6140227458042301,0.9123697773348164,0.1668544293678109,0.13885847395552373,0.10897171153218185,0.2507596825640259,0.10109563823495657,0.6247005753298689,1.1807384138984733,1.0689655172413792
26,203,0.770827141167982,0.44933798507363093,0.8674890498333407,0.1330797670034077,0.12742880683965588,0.10486245807698606,0.27693189331577034,0.12852421593216207,1.0822141669157814,1.691750679887589,1.0517241379310345
27,203,0.6386572663184223,0.32947358168557195,0.8342219837305945,0.09893436948290737,0.0916341960282765,0.0847448838351002,0.24240271877703826,0.12094109819510018,1.3303612426882303,2.0226713094071456,1.0541871921182266
28,203,0.796413471708773,0.3935958960056914,0.8597947262702933,0.1348957186171208,0.11967859512331963,0.10756595226723234,0.2954585191614329,0.1388146865396673,1.1228432784932358,1.8051932776746518,1.0369458128078817
29,203,0.7838682674050549,0.42472287957577,0.8625457012634564,0.12947639923771756,0.12391527832820655,0.10708143664393147,0.2925984361783924,0.13079671701680703,1.0795873104480944,1.7487744472187885,1.0714285714285714
30,203,0.6524562677989867,0.343306464191136,0.8149906422510077,0.09254050210727507,0.09440421660943897,0.09405477503876652,0.25236560270640385,0.1190911713371022,1.3590946693567516,2.0643354849302455,1.3940886699507389
31,203,0.5627544624228932,0.3517642755947599,0.856418761621874,0.0839660469145921,0.08645842747727761,0.07519093101195501,0.2118819065536832,0.10525715046538531,1.3404518611020344,1.9594454747050916,1.0566502463054188
32,203,0.7755301845180883,0.4659697885832329,0.8769426310328527,0.13409594259951566,0.13150808999232838,0.10431122592389244,0.27971596694157613,0.12589895906077556,1.0172313521776013,1.6168310239393862,1.1083743842364533
33,203,0.7442038418961181,0.3403530389291319,0.7811242542105576,0.16336312172742368,0.09531127174673262,0.08823097332621845,0.257106205610009,0.14019226948573435,0.9186156938613935,1.586322683309057,1.0024630541871922
34,203,0.8188707953042623,0.38554922191756247,0.8036209605421102,0.11775713611756845,0.12481883142775185,0.12301017937344322,0.3111194196514679,0.14216522873403106,1.2715016509649024,1.9426724259050296,1.980295566502463
35,203,0.8314120786270545,0.4142023437831168,0.8361854784992968,0.12873066633574654,0.13029926424212415,0.12073028444536109,0.3109456791584322,0.14070618444539038,1.1674986214688006,1.8270638847028113,1.3448275862068966
36,203,0.7886065555531753,0.49707789709341926,0.86548414064624,0.13825243338062423,0.13583443235526013,0.10909298172216106,0.2837670239614001,0.12165968413372968,0.9545183605576838,1.5656233482756667,1.0911330049261083
37,203,0.6600970584828243,0.4082931389582188,0.855888810980976,0.10461953119227352,0.10963043568292075,0.08846346511094881,0.2410841153547163,0.11629951114196495,1.2090236861299757,1.7780875114509156,1.2266009852216748
38,203,0.7454022591186283,0.4234600318059065,0.8242496154111815,0.11334654084829886,0.12825763342258314,0.10491598510658452,0.2705924004761588,0.1282896992650029,1.213148873166982,1.7488685314566503,1.5073891625615763
39,203,0.7716377906852071,0.37466494674430717,0.7968389295586455,0.16365078657265456,0.10431443407114428,0.09560341027439173,0.26884738432805455,0.13922177543896208,0.9105882238487197,1.5853973177396523,1.0073891625615763
40,203,0.7087667177511727,0.5165081541031097,0.8319222577029723,0.23431899730122743,0.09089255332690875,0.07709906015257113,0.20088001106580566,0.10557609590465972,0.5136463428809456,0.9992173284587426,1.0123152709359606
41,203,0.7378143445479737,0.3508797861887787,0.7801309494748382,0.16313352210011314,0.0957221620963697,0.08700942635110388,0.2537692682222634,0.1381799657781235,0.899406670332621,1.561440311362927,1.0172413793103448
42,203,0.7612133776151686,0.3601679692628493,0.8232458635861133,0.16048409981015085,0.09972361168944155,0.09439998441378966,0.26880115085230477,0.13780453084948172,0.9240291343100341,1.6231098218681064,1.0024630541871922
43,203,0.7687922737105444,0.3090301549232546,0.7999697667125745,0.13913447413992816,0.09862568754239717,0.09970778465226264,0.2819652926779536,0.14935903469800277,1.1501223042711881,1.8765878790562054,1.0492610837438423
44,203,0.8128846502765795,0.3662374469742828,0.8576354511689683,0.14122876183814886,0.11719689122339581,0.10776583189194713,0.29903284848818124,0.1476603168349064,1.1200773058159557,1.8079560083076514,1.0024630541871922
45,203,0.7701669373271961,0.526393485325521,0.9090995053783061,0.18084568565037126,0.121424736644416,0.10184780119137053,0.25126224684169646,0.11478646699934182,0.6637310708000589,1.2436438195059651,1.0049261083743843
46,203,0.7994925745632949,0.29246092145314556,0.8092306763308249,0.10507749527458152,0.10515388111773095,0.12583947990186778,0.3058788860609313,0.15754283220818352,1.5394932475501137,2.2420950336002052,1.5714285714285714
47,203,0.7978562171579775,0.5574822713622951,0.7863124268631222,0.13107890687259777,0.12309698322342634,0.16792166611724849,0.2626530783110773,0.11310558263362756,0.8954470456536083,1.528229818035385,2.997536945812808
48,203,0.72559591063269,0.30210367570953345,0.6717670088728916,0.0854959631638785,0.09132053106602239,0.13622594555143044,0.2747965708747589,0.13775689997659987,1.667717313001908,2.396968661799849,4.167487684729064
49,203,0.8479141075768599,0.41260651323406977,0.7542741118202437,0.11835679990188464,0.11725328453187843,0.16410652894169248,0.3059505757734912,0.14224691842791304,1.2609910948039873,1.9654137020354674,2.8448275862068964
50,203,0.7795541649901496,0.3222801989656494,0.8105158204814267,0.10470923322388205,0.10632030529230099,0.1252280948384402,0.2951111367994866,0.14818539483603996,1.4670057428780787,2.159674143985765,1.561576354679803
51,203,0.6080156243790569,0.3606676269884559,0.7238033504065384,0.07798945489261809,0.08010356203610443,0.11501979449332667,0.2274665327952585,0.10743628016174925,1.43574836932144,2.185165998117504,3.086206896551724
52,203,0.7268971159394836,0.34322192847244615,0.7519973314930837,0.09514219301760918,0.0960761743040785,0.13024450703556378,0.27319614505209483,0.13223809653013724,1.456513106160557,2.18811593313213,2.413793103448276
53,203,0.7084089342316144,0.2674618442488872,0.7753553753541066,0.12005649902997252,0.09047032165489201,0.0892699984769713,0.26185845630427773,0.14675365876550084,1.2683183279876924,1.972457160449069,1.0098522167487685
54,203,0.7707040391986606,0.32372598349657233,0.8137047648241347,0.1095773445536534,0.10352375958591054,0.121895118251259,0.2882900015768882,0.14741781523094938,1.3998329810805872,2.097951906877402,1.4630541871921183
55,203,0.7294274081920737,0.16585521030401773,0.7201583619975824,0.09120756883344175,0.0843515366183678,0.09624682671195857,0.293261881560257,0.16435959446804857,1.8297386527200223,2.622641074054577,1.0098522167487685
56,203,0.7407538889141155,0.10734876537733265,0.5556323557849294,0.08078215340863262,0.08154277550798189,0.09633026487363451,0.3076836093969319,0.17441508572693462,2.1985065569252527,2.998231597423664,1.1527093596059113
57,203,0.7580578262721414,0.22002706480478232,0.7842166487223257,0.10727923438262434,0.09157007233577952,0.10113248006756986,0.29496163672367226,0.16311440276249528,1.559700183556583,2.3297313988509125,1.0024630541871922
58,203,0.6823469720827685,0.28809093229052324,0.8123073374859711,0.11620201336112179,0.08690922374768892,0.08839742846845149,0.252830358790044,0.13800794771546243,1.2593394883418767,1.980161109328234,1.0541871921182266
59,203,0.7741666522001392,0.17795010751326953,0.7449383139596907,0.09241772199869068,0.09183507183509805,0.10660658283834575,0.31114265302102967,0.172164622506975,1.8988741133093585,2.6488099175174775,1.1182266009852218
60,203,0.7792656758197202,0.2842126658565024,0.8001699516772599,0.11533603514242445,0.09911275102709959,0.11444371409327275,0.294577321402326,0.15579585415459762,1.391424150612657,2.1400507117664747,1.1921182266009853
61,203,0.7616000364741352,0.1870279385758632,0.752005140738511,0.09359311082906538,0.09058032781746607,0.10400632928992752,0.30573330871396914,0.16768695982370704,1.8365757872968482,2.6029437943111327,1.0566502463054188
62,203,0.7750125238868223,0.20820997025489105,0.7744934851915397,0.09560008476548999,0.09416344553014566,0.11053230684116738,0.308034928573109,0.1666817581769104,1.7855263565924537,2.5348903099862308,1.2364532019704433
63,203,0.8301440980718108,0.3747357829216758,0.7103922151739923,0.11888257579818366,0.10319504150613748,0.16611693299870547,0.29783976467187173,0.14410978309691244,1.2381750346727776,2.014877062124336,3.4261083743842367
64,203,0.8614486111069823,0.640652710114543,0.6397173977928953,0.11705925890132551,0.11607799328138238,0.2518689005948077,0.2799969383957149,0.09644551993375178,0.8700665987650034,1.6830319032188092,6.302955665024631
65,203,0.8486526139190829,0.7087845822331085,0.6924101266117787,0.13403014302769056,0.12492589682414083,0.2380105476212111,0.26465088461480724,0.08703514183123326,0.682947585234654,1.4113024205429114,5.184729064039409
66,203,0.8364020928267885,0.5051018909419212,0.7012026624808904,0.13044885889082786,0.10840644019566405,0.1982547960312197,0.2785405289687683,0.12075146874030851,0.9569004888065257,1.7083902217835576,4.5
67,203,0.8258716345762452,0.5659761397987114,0.6482441320791679,0.11526085056940655,0.10838281322040455,0.226334746651533,0.27079517490959915,0.1050980492253019,0.9453575254283632,1.7224062101944406,5.834975369458128
68,203,0.8069438659350976,0.3306571443556411,0.7558460331256008,0.10903156654509899,0.10263251127611422,0.14447066928721702,0.3005453690025594,0.15026374982410803,1.4034735008563184,2.15173175779922,2.9827586206896552
69,203,0.8688311147177304,0.7091968023070637,0.6359487203188073,0.12554905711703898,0.11372009858027929,0.28059493392883644,0.2637546728805239,0.08521235221105183,0.7225665130080896,1.5207203925058217,6.374384236453202
70,203,0.8371562035548034,0.6903825024012921,0.6531536618037699,0.12215539738149167,0.1139404896619852,0.2558997082948107,0.25862081556870214,0.08653979264781367,0.7458754158344686,1.5173398599991705,6.334975369458128
71,203,0.8265943816981824,0.4701443879327129,0.7457308644201831,0.12130288449812382,0.11501133646116772,0.1742185998683602,0.28921096994474504,0.12685059092578566,1.0777556865045883,1.793904083282271,3.6551724137931036
72,203,0.825703832824857,0.4764712772609012,0.815182676935005,0.12849640055830971,0.12881644290937183,0.14675420805685802,0.2944835794935237,0.12715320180679374,1.0146212055631298,1.673528863910661,2.0492610837438425
73,203,0.8105904049491159,0.535527456994209,0.8201015095078328,0.13577115290559624,0.14035900909637294,0.1359914542732196,0.28240917262300763,0.11605961605091966,0.879577097175777,1.4853907577684535,1.7339901477832513
74,203,0.839800655938975,0.4311041468706081,0.7197351888584504,0.1155645242015893,0.12595458371804372,0.1497348424118083,0.3157749964362387,0.13277170917129508,1.2061756454554196,1.9332736480723647,4.032019704433497
75,203,0.8164346183269283,0.604276085301318,0.8451540730385141,0.14915011488512284,0.15760263846458508,0.12129204407882982,0.2793248172402862,0.10906500365810448,0.7804615896743999,1.3313608882941736,1.477832512315271
76,203,0.8305986424357442,0.5300276396792404,0.6946114560386606,0.12123196323533966,0.1324992399291779,0.16455225364467801,0.30050813809800747,0.1118070475285413,0.9662533714958711,1.6917934692785612,4.770935960591133
77,203,0.7869585533300301,0.5497732110422819,0.8170640887826647,0.132290732757046,0.14545181714323363,0.12099460548978795,0.2757227500498631,0.11249864789009938,0.9104466456066784,1.4742241572787211,1.9729064039408868
78,203,0.78917657286744,0.1627720799436612,0.6247437033408698,0.10057932114594866,0.08871565013011758,0.1074576552048331,0.316738526891028,0.17568541949551267,1.8070035373471185,2.6459584477157017,1.064039408866995
79,203,0.8407513984914164,0.6260898223491601,0.727626145614512,0.13407406921128498,0.1251040628580242,0.19777233569677524,0.28337100751464794,0.10042992321068413,0.7952989064578784,1.5502190470966466,3.229064039408867
80,203,0.8294084130481307,0.6113288605092525,0.7140021536585357,0.13291649314785903,0.1253834093151728,0.18417619568671081,0.2880093365975344,0.09892297830085357,0.8026727709016803,1.5841609845119045,3.2660098522167487
81,203,0.8322106827124947,0.5587773560756382,0.7553375153428683,0.13379045134616557,0.12402062811592836,0.1736142055470361,0.2893352067463744,0.11145019095699038,0.894446106720347,1.63521849778695,2.8300492610837438
82,203,0.7614536726343742,0.5670280595039053,0.674030987312526,0.10576291447624629,0.10527354739376872,0.19328296823512767,0.2589110722320025,0.09822317029722921,0.9859929546501004,1.7691096806101796,5.374384236453202
83,203,0.753639072903029,0.49440402679791795,0.715624161089029,0.10835648287181499,0.10554537927033106,0.16186664819788885,0.2686828814884281,0.10918768107456585,1.0767784052777527,1.8495919818903472,3.477832512315271
84,203,0.814775389108723,0.5381940746422221,0.694233678785123,0.11312282007355078,0.12131828086444624,0.18707028678351517,0.2826056682659575,0.11065833312125341,1.0430437887173656,1.7712284970578804,4.3817733990147785
85,203,0.761618712775298,0.5078685413417974,0.6908746691724328,0.10440960451668087,0.10998831145873665,0.1679142771952378,0.27253794430500256,0.10676857529964008,1.0936976086132,1.8595199123849406,4.172413793103448
86,203,0.75038869734836,0.41897842115464173,0.6706776436638291,0.09199063968163078,0.10638256480244666,0.1551918124877966,0.2774633086218825,0.11936037175460355,1.3694124084846981,2.0919460932129454,4.586206896551724
87,203,0.762385672368908,0.19273810096191854,0.7129451232927005,0.09597917971492413,0.08982789622720595,0.10824052233890971,0.3029671650628432,0.1653709090250251,1.7582836141798022,2.550211280009247,1.1330049261083743
88,203,0.7540455483265689,0.14509133652603207,0.6729324508504788,0.08102975839252231,0.0873392235779331,0.10497291312197372,0.30825475928879603,0.17244889394534368,2.1580558535319736,2.8769834280861786,1.3571428571428572
89,203,0.776804159617398,0.2702445859684711,0.7258314256931779,0.09312067132139144,0.09905437418006581,0.12971456157008635,0.2995246688597447,0.15538988368610965,1.7188548327869364,2.4228605728600363,2.8201970443349755
90,203,0.8072636238086284,0.7694205563631606,0.7153357915549464,0.1347944701111333,0.11986757092151687,0.23376943560654986,0.24101378242762164,0.07781836474180673,0.6074557501281872,1.3021677422784301,5.054187192118227
91,203,0.8476161519923544,0.3724498201150071,0.7981705323635104,0.11846815161223297,0.11942778235246042,0.14180838665226145,0.31814067074174146,0.1497711606336581,1.3373727919530976,2.0437006215629636,2.061576354679803
92,203,0.8381257628702867,0.63956045822624,0.7030364302504296,0.13058864170363932,0.12057764584718503,0.21500515131577527,0.2740479853541023,0.09790633864958491,0.7919692610978857,1.5452054903344055,4.426108374384237
93,203,0.8217808238672256,0.672029461098578,0.7539358153214855,0.14098173980074494,0.13336485058161618,0.18041465535788515,0.2753538430300002,0.09166573509697905,0.6970303196816282,1.4085546163018507,3.167487684729064
94,203,0.7851151184566092,0.6662368442211665,0.770111394992163,0.1391627653876631,0.1233570952699263,0.17396500045624758,0.25820832801297006,0.09042192932980192,0.6882703175644929,1.3865229904626464,2.6576354679802954
95,203,0.7621060554988017,0.41776534253004804,0.8362072715308815,0.12162418073581295,0.11484098266931225,0.1154579781321328,0.2816961078464725,0.12848680611507127,1.1058767336659239,1.7879244482606376,1.4975369458128078
96,203,0.8033254044766094,0.42671840523632926,0.8035487030101623,0.12084910576722532,0.12324994104346114,0.12711806215633828,0.299688265216189,0.1324200302933956,1.1510915061062184,1.831046012974472,1.9630541871921183
97,203,0.7210707479410378,0.4682827399601046,0.80571149109378,0.20383045699117497,0.09732871629103669,0.08350759853504737,0.2185689109932591,0.1178350651305196,0.6252774332258724,1.1584335856302983,1.022167487684729
98,203,0.6832525901503798,0.4446255111210655,0.7958286610471496,0.19547329276043982,0.089613466795513,0.07676528335038262,0.20762032327483626,0.11378022396920798,0.6556641617684307,1.1946290446439023,1.0
99,203,0.5949159659467361,0.44897825517455525,0.7461244576643501,0.18644583516440774,0.07249152498973678,0.06162810274752113,0.1770375012762823,0.09731300176878817,0.5659513662340888,1.1038456088149373,1.0369458128078817
100,203,0.7279213277278532,0.3996077300440345,0.8116759825079294,0.18747950752611398,0.09129987032233289,0.08622534382408277,0.23631813325754955,0.1265984727977741,0.7526816104522888,1.3675635129511121,1.0123152709359606
101,203,0.6822750062517124,0.2792584149712133,0.7473059396662903,0.1252881754441065,0.08541339171782929,0.08336245151093329,0.25178551902950586,0.13642546854933743,1.1813297426299492,1.918793155756262,1.0
102,203,0.725918119837989,0.28121815170414566,0.769687921124552,0.13842600589040602,0.08714876144419485,0.09129092823929282,0.26294789248237854,0.1461045317817168,1.123309356328523,1.8600208458434206,1.0566502463054188
103,203,0.7144025842611159,0.3608218107344943,0.7774396971758716,0.16557990682429896,0.09153842356515647,0.08564014456631086,0.2393983311360102,0.13224577816933933,0.8441778222970958,1.4845464900713192,1.0763546798029557
104,203,0.6961228105377463,0.32972042645014144,0.7431596557058612,0.14432221880368237,0.08534044586874821,0.09017294182172121,0.2448452939869688,0.13144191005662564,0.9900045060596504,1.7068753162499228,1.0517241379310345
105,203,0.7702683743402574,0.1777827767892481,0.6705542377358116,0.10812185233614202,0.0897927359251811,0.09706167489441568,0.30296142120558694,0.17233068997893175,1.6367630255682664,2.4264288353895576,1.0073891625615763
106,203,0.7681578345702802,0.2082009219171665,0.6950642129226384,0.11370054358284462,0.09002052024622888,0.10091114563573284,0.2978841754559912,0.16564144964948277,1.5071114817566913,2.311460243045139,1.0886699507389161
107,203,0.6368038508362153,0.3433928978423485,0.7462167765817408,0.14933141164050456,0.07925853903895129,0.07334646352623714,0.2152713180590434,0.11959611857147882,0.864416649441379,1.5157819840010844,1.0073891625615763
108,203,0.7744505457114208,0.3671526277106415,0.8105562006001384,0.17856960045440767,0.09806680617741403,0.09520296945866251,0.26164541152332166,0.14096575809761502,0.8438843037355832,1.5017119566049228,1.0147783251231528
109,203,0.797016618197696,0.3816278459307444,0.7817707502859792,0.16250722870451997,0.10213622428917306,0.11800437446509333,0.2719743359725455,0.14239445476636406,0.9208748691900771,1.6048800614029777,1.1724137931034482
110,203,0.7565096361040079,0.4905251620602352,0.8546370862581749,0.1928600010416897,0.10976399220739695,0.09765024728613271,0.23373108934064296,0.12250430622814554,0.667852302570717,1.2083267806370515,1.0
111,203,0.7434252047597589,0.4766697132641154,0.8595710655224759,0.1852078937167173,0.10486327187291086,0.09955305117681329,0.23235741953852918,0.12144356845478822,0.6874992565812849,1.2506923364028297,1.0
112,203,0.7524935046996152,0.5101373698498943,0.8434513141465213,0.21868022237508397,0.10713303328752644,0.08874251340870701,0.22179334323204622,0.11614439239625152,0.5831595734556475,1.0843142451850165,1.0517241379310345
113,203,0.7947831108951058,0.29557090916338385,0.8063688848981961,0.1308472839956594,0.10089942471786516,0.11143730307845036,0.2937196040273937,0.15787949507573726,1.2436766026627355,1.9819298766601618,1.1083743842364533
114,203,0.8004023458759593,0.5171984795297242,0.8775687200166673,0.1764027631011556,0.12188568985508107,0.11609629904136916,0.2655720739425501,0.12044551993580332,0.7083443866212069,1.3279463129090827,1.0467980295566504
115,203,0.8007785101083221,0.3825787823500126,0.8676044598151166,0.1411236515264397,0.11214632071366863,0.11496026789178185,0.28855582125182266,0.14399244872460942,1.059118432723983,1.7447952494037011,1.0591133004926108
116,203,0.8143482581055863,0.23464734756646902,0.7948549021196383,0.11320659384309792,0.1015875144099709,0.10965581952361779,0.3190453426940306,0.1708529876348691,1.5727187938237643,2.3293787978652363,1.0098522167487685
117,203,0.8007235988162298,0.2791793323149448,0.8204625475727184,0.11713884809418625,0.10277924834224951,0.11289665119128227,0.30714481706624003,0.1607640341222716,1.4307626202433537,2.1741839110844774,1.0985221674876848
118,203,0.7939058494328423,0.2575743198371585,0.8117999454626059,0.11041008263522127,0.10238732048817271,0.10870169142871267,0.3101185738562166,0.16228818102451886,1.5295360150265729,2.2664612433777456,1.0098522167487685
119,203,0.7723664196558764,0.6747032283594703,0.889353261128817,0.16201838259339882,0.1531763458042571,0.11041257385383585,0.25411138774260567,0.09264772966177888,0.5955415102946544,1.1383631164217858,1.1206896551724137
120,203,0.790031123133538,0.7493353461786008,0.8432049544661243,0.15870960681309138,0.16507508689465433,0.13127206761754892,0.2516659244403679,0.08330843736787547,0.5481474088899223,1.078192601522109,1.5295566502463054
121,203,0.8155140769069256,0.4077894812148797,0.7942347069353977,0.1165889080525866,0.11945632519079802,0.14392430497246,0.29750171692915944,0.13804282176192137,1.2160951367144706,1.8846700885363914,2.2561576354679804
122,203,0.8411365504315029,0.6954074091959206,0.853029996546338,0.16727626580726165,0.17914175123241868,0.12370479291396484,0.27167996587509124,0.09933377460276649,0.6316392406263105,1.1281303104687448,1.4655172413793103
123,203,0.851294656626802,0.5518774517488205,0.7109339721641084,0.12967879563118376,0.12233447954457623,0.20276201057191076,0.28281906300059734,0.11370030787853405,0.9108279204840237,1.6181009788431528,4.559113300492611
124,203,0.8614882265937347,0.6407420331712785,0.6963512834053749,0.12621220095517693,0.13405730206602454,0.21776592126550348,0.28441623196600024,0.09903657034102953,0.823127709312572,1.545675852608111,4.780788177339901
125,203,0.7630876036578005,0.42704852392358406,0.801827061772901,0.11188854366431268,0.1286058088101428,0.11696430800159403,0.275897269966065,0.129731673215686,1.2337961738570453,1.7718210330177462,1.9975369458128078
126,203,0.7833725778907586,0.38432983280897226,0.8625189304270395,0.1311019648718996,0.11467728501640224,0.10747576655099152,0.2931958298149186,0.13692173163654672,1.116830234881258,1.8262218326101054,1.041871921182266
127,203,0.8286883072003051,0.41629310177366313,0.8198800384168125,0.126664152279544,0.11875856263257538,0.1445264189261831,0.29703664968386406,0.14170252367813857,1.168594410080608,1.8413376168688167,1.706896551724138
128,203,0.7729868831536104,0.31092755245551545,0.8109623233871618,0.10442773734674966,0.10409608642695978,0.121852599274506,0.29363901099515616,0.14897144911023893,1.4866296116702582,2.1848702515637797,1.5049261083743843
129,203,0.7687729465654682,0.2468910916427127,0.778203084703367,0.09388370160408649,0.09767364273476667,0.11572862460800043,0.30394472020094765,0.15754225741766695,1.7290187607958898,2.455748957989516,1.4556650246305418
130,203,0.6814146452975774,0.26376333495879006,0.7936494807269289,0.08488460594367044,0.08874821726311165,0.10347478170641757,0.2667940583772269,0.13751298200715104,1.6819657229094194,2.3874342487083977,1.5
131,203,0.7842964177722669,0.2411819871628994,0.7635627607569159,0.09499475079179089,0.09865784926791062,0.12013700740093577,0.3076197766635574,0.1628870336480723,1.7616943026577578,2.471487731801068,1.6773399014778325
132,203,0.8110993377241674,0.39722459116972986,0.8666891354046146,0.14398969361247654,0.1118512365651505,0.12283137264539144,0.2884737227054459,0.14395331219570293,1.0348017920800363,1.7263479367460166,1.1527093596059113
133,203,0.8580563659303212,0.39008048343797325,0.8224664052165649,0.12842296781680937,0.12190448383652552,0.1446034912288998,0.3119384566879498,0.15118696636013684,1.2236591309934814,1.8996801889787764,1.7389162561576355
134,203,0.8212116753918609,0.23563845634019168,0.776463818903449,0.10240792880341987,0.10244172555773573,0.12092181290823344,0.3244815183569064,0.17095868976556533,1.7184783513084716,2.458333500752396,1.3251231527093597
135,203,0.7918647716595015,0.2883980858324366,0.80245095677218,0.10589577280484593,0.10477881022775928,0.11818683157296697,0.3076617488951969,0.15534160815873246,1.5191089633823194,2.2435840203305064,1.6157635467980296
136,203,0.6747145145176346,0.2323768594811519,0.7608184240822607,0.08097886604642969,0.08424598707132447,0.1009097471688062,0.2682298506932655,0.1403500635378088,1.777239892074408,2.5105137697890565,1.9088669950738917
137,203,0.8278823426991357,0.483715450393634,0.8154678136033813,0.13310930310633207,0.1263532807865189,0.14638728254748307,0.29420416013242584,0.1278283161263758,1.00201253450572,1.6746868767942793,2.0911330049261085
138,203,0.8135725121300479,0.3699132892575032,0.7610068114649853,0.110005735700089,0.11243156956772195,0.14129531565781847,0.3076264944307718,0.14221339677364656,1.3583414364979485,2.086884128800882,2.502463054187192
139,203,0.7886748687442464,0.4770867003343473,0.7718645484268288,0.11783065352190661,0.12012374357181818,0.1441778655712813,0.28668680361608434,0.11985580246315604,1.0748670509746356,1.7760453201196846,3.1108374384236455
140,203,0.8256319192639094,0.5053831348752834,0.7631272080222387,0.12589405526403646,0.124638608271945,0.16082193571152395,0.2944615665039372,0.11981575351246684,1.0019392446112108,1.7132084654098976,2.852216748768473
141,203,0.8002837823665502,0.5190888455457223,0.8161547747539191,0.12797841289344372,0.14173592002758365,0.13075158535333917,0.2808098146618445,0.1190080494303391,0.9709970192788367,1.5409697788305754,1.980295566502463
142,203,0.8310595476450833,0.539032569882076,0.6692108287858985,0.11766651803710602,0.12428430710439542,0.18065325406710683,0.30085890663099163,0.10759656180548334,0.9708692663454479,1.778590878160218,5.435960591133005
143,203,0.8159032438722309,0.29667701921816575,0.8036695293028542,0.1175806249343179,0.1060399906214103,0.123576186776899,0.3085549685476868,0.16015147299191698,1.4023490274671995,2.1372310563027277,1.4310344827586208
144,203,0.7804596329950094,0.41448975078024286,0.6452395236801903,0.09804419642246408,0.10569450613686737,0.16121897345772077,0.29414420495423527,0.1213577520237218,1.3089607776077792,2.1182398905352047,5.096059113300493
145,203,0.7737980677510203,0.4228302604666087,0.6500918338965004,0.09980923270217748,0.10433655808865003,0.16073978340328013,0.2903140803030155,0.11859841325389732,1.2728479747902792,2.097347477284719,3.9482758620689653
146,203,0.8456136282888458,0.5910740141194802,0.62371272562903,0.11831381958317394,0.12063777708310792,0.20918940888737733,0.30131923226091983,0.09615339047426685,0.8785840293392864,1.764998361459258,5.004926108374384
147,203,0.8496051677255171,0.5919138138434564,0.7220617016559578,0.12860388835151204,0.12909103814467837,0.20398763858638955,0.2806758302862525,0.10724677235668476,0.8665083105326741,1.5566464381748397,4.859605911330049
148,203,0.8525692911027575,0.6239734119669966,0.7325716229588826,0.1326545799894171,0.15511230142074994,0.16834633939839758,0.29275533322657293,0.10370073706761974,0.8237366872836563,1.4597056773363588,4.093596059113301
149,203,0.8525755258079013,0.5016813698791063,0.8004335117411756,0.13228091241042197,0.15268328139965304,0.1369477622021118,0.29998742405146955,0.1306761457442448,1.04789708440814,1.5880511951046379,2.1330049261083746
150,203,0.7936102084047193,0.5265600587509474,0.6213876986690539,0.10188018136434289,0.11920325815582576,0.18533671883311656,0.28408829527715185,0.10310175477428214,1.074862645745681,1.8590915280343652,6.561576354679803
151,203,0.8242615289529218,0.5344113955815286,0.7182053718233891,0.12018997169182911,0.12306314570496858,0.17434127608960615,0.29446260475180175,0.11220453071471634,1.0121250380834184,1.7712568427147435,3.293103448275862
152,203,0.8308124787545436,0.5197098877137933,0.6064589005820451,0.105483216679027,0.11432082124858511,0.205009041473842,0.3001631650030235,0.10583623435006599,1.0737351405523878,1.9558180767345188,6.150246305418719
153,203,0.8146523417060788,0.49609807694445224,0.6597178795018991,0.10513618842741124,0.11700461202019011,0.18424796261876725,0.2951759957458381,0.11308758289387222,1.1536911955130325,1.9422965800724992,5.16256157635468
154,203,0.8134497936975973,0.48312855553560047,0.8660546866916828,0.16014248085500582,0.1177949100207668,0.1356330567437331,0.26974286928392555,0.13013647679416604,0.8371521011594002,1.464943762819315,1.4113300492610839
155,203,0.8368630869559095,0.5263871863386722,0.6975686128190935,0.12011739995542565,0.14413264791143077,0.15584621253095238,0.2990529998375124,0.11771382672058836,1.0477682436151428,1.6795138862250547,4.652709359605911
156,203,0.7973898966503665,0.48124288881293303,0.7140667728247981,0.10657913097339605,0.12418758148601228,0.1582313615950835,0.28962500466714475,0.1187668179287299,1.1813589743811688,1.8543344273002995,4.4507389162561575
157,203,0.8321118757007167,0.4797666583745251,0.686576783858202,0.10810714473886446,0.12244059220942786,0.1828171723419419,0.2961357392297505,0.12261122718073188,1.194688914393478,1.9048391226472652,4.886699507389163
158,203,0.8119211414220544,0.5340408247956557,0.7168105966570322,0.11562269994096921,0.13996289550950378,0.1546683611733275,0.28824239481565345,0.11342478998260046,1.0539113676499852,1.6821363267586198,4.298029556650246
159,203,0.7946301677556625,0.38024173523771826,0.742482925581698,0.10279931261490038,0.12137217466076616,0.1345697008976842,0.2961997234682599,0.1396892561140518,1.433784534564986,2.0324677120957952,3.2783251231527095
160,203,0.8412549404027645,0.4920954436704481,0.6930826603154373,0.10966978044658358,0.12598932434213803,0.17917101889894524,0.3055757783943779,0.12084903832071973,1.169037995168647,1.8960855412066733,4.24384236453202
161,203,0.81924270910159,0.5717439427155687,0.6906912951993407,0.11433867661552378,0.12506769061571918,0.18868853875015695,0.2877265008955094,0.10342130222468086,0.9653238523086107,1.7210806535104672,4.657635467980295
162,203,0.7784510415697149,0.5003050422363186,0.6990306239309545,0.10321528982528311,0.12136708397232977,0.1622793669611792,0.2805105512695148,0.11107874954140808,1.135012981965936,1.8232993761491805,4.753694581280788
163,203,0.8132354549648544,0.559257873076813,0.8768385540718509,0.16206841405834113,0.1302588192576416,0.13653624639482118,0.26666644461523326,0.11770553063881718,0.759762634685807,1.35594541937914,1.438423645320197
164,203,0.8274463130650777,0.6276436365052244,0.8426118498937455,0.1605250967881639,0.13535576148119247,0.16191140045036806,0.2628766006932232,0.10677745365212979,0.6945202657064165,1.2892730593256843,1.8201970443349753
165,203,0.7713078495422239,0.33389745857416164,0.8209250349009772,0.10888867755159999,0.10466546032700207,0.123814748954591,0.28834472732841104,0.14559423538061989,1.3860064841730857,2.081845425878675,1.5591133004926108
166,203,0.8158651389930639,0.6674290535849976,0.8573987607366345,0.17984153004108175,0.13081597133622516,0.16098542466783847,0.24278254441345784,0.1014396685344606,0.5835935046647962,1.1335945219983643,1.5788177339901477
167,203,0.8436036341986138,0.5143247258510577,0.8356766883946426,0.15133876723930914,0.13049493029634257,0.1475558387776319,0.2871496488981633,0.1270644489871669,0.8785824923848797,1.5184504181574134,1.7955665024630543
168,203,0.6985621475246906,0.22519307205672084,0.7740856758904561,0.09185227196114912,0.08601918506040424,0.09757550310950003,0.2755396591518033,0.14757552824183395,1.6593358252179171,2.419199953764657,1.1798029556650247
169,203,0.726230614607024,0.33052005697850945,0.776630496972141,0.12850288811798902,0.09122268320624577,0.1074543573585172,0.26147577043358583,0.1375749154906862,1.124469085768631,1.8650647681520884,1.1428571428571428
170,203,0.7965320653569988,0.3044516195403996,0.67963693915177,0.1167118569977339,0.09661504855359289,0.13717168533438853,0.29256458572673427,0.15346888874454934,1.3848802095417974,2.162625626215031,2.1182266009852215
171,203,0.8162301071582514,0.29708532951396394,0.6712078761436979,0.11555494430525558,0.09763348676026291,0.14083343456610048,0.3034832432852047,0.1587249982414279,1.44059820022031,2.2391182243341814,2.3620689655172415
172,203,0.5985127886677776,0.09176703217866732,0.5410113875243406,0.05917889854374195,0.0646416061535421,0.08271013308590804,0.24913963536960884,0.1428425155149767,2.4827833488795634,3.2274659781641613,2.4679802955665027
173,203,0.8199453240355109,0.23503728484698774,0.7789099465137149,0.11231811551774076,0.09959537582803979,0.1192620826273659,0.31687791095869583,0.17189183910366848,1.561374652087278,2.328043954816384,1.1748768472906403
174,203,0.6023210370771979,0.15991248471281966,0.6564533882694632,0.06439668908063272,0.06972407919796686,0.08826175554047319,0.24458563888896462,0.13535287436916044,2.1267319720690656,2.8566304222414054,1.977832512315271
175,203,0.7641246408875318,0.20961842769540115,0.6582076635050544,0.0855339064073468,0.0890730348655883,0.12372884777479103,0.3036430366393082,0.16214581520049745,1.9652840899814061,2.7256735422591967,3.3645320197044337
176,203,0.8198732855928805,0.3336252785787173,0.7276928996713253,0.12151824580847745,0.10148212873572401,0.14772276279029964,0.2966847098958794,0.1524654383624998,1.2850188047148716,2.042581683862257,2.12807881773399
177,203,0.7801869520373347,0.1912052354325405,0.7009688958995909,0.08611769283541801,0.09440861029619434,0.11749662204216671,0.31202578746265075,0.1701382394009048,2.018526548607054,2.7125624400694077,2.3399014778325125
178,203,0.8328319133769607,0.3986618358084199,0.6729267065122884,0.10939903252783326,0.10503191752256723,0.18098100044900797,0.29708604433652924,0.14033391854102298,1.331316695323007,2.093080061367093,4.689655172413793
179,203,0.7448250120820293,0.2449888117858172,0.6837571547042269,0.08449987937876395,0.08893264356096252,0.12726125177598321,0.2922221775169405,0.15190905984937922,1.851787828768417,2.6060068381662407,3.8275862068965516
180,203,0.7616245345537678,0.26406737922042495,0.6658698776534003,0.1320092827240751,0.09002492575701894,0.10103484458872213,0.2851542145847438,0.153401266899208,1.2656104992876285,2.062137885775939,1.0689655172413792
181,203,0.8324916971209483,0.31252708453772016,0.7575076210723423,0.12003698028700546,0.1034194713939826,0.14247716821136888,0.3076350045589336,0.15892307266965772,1.3486538194325217,2.1091029382644915,1.916256157635468
182,203,0.8502899019862715,0.5030603279228997,0.6891853180023702,0.12415803228010776,0.10906283936160804,0.20876885618881902,0.2854251221319855,0.12287505202375111,1.0224709482178733,1.791195772090215,4.891625615763547
183,203,0.8133338997138485,0.48204692890587536,0.739626564277235,0.13293909325001296,0.10835360812895085,0.17473516177028858,0.27215510960190803,0.12515092696268817,0.9736914410083909,1.684388234466061,3.0566502463054186
184,203,0.7428541534825097,0.2368027829449755,0.6911286783827132,0.0825070979908317,0.0920428440196937,0.1230020130038681,0.2917102624687506,0.15359193599936577,1.9097164524809738,2.6093349259335423,3.3891625615763545
185,203,0.7142551146995234,0.4308468133584628,0.6643142115047039,0.0889865307951193,0.09018201488861322,0.164810447482009,0.25689233477208834,0.11338378676169357,1.3292793551120055,2.1236925166469733,5.5911330049261085
186,203,0.8197530089813639,0.5386767297832311,0.6074300608674316,0.10011425865688786,0.10168731993936948,0.23127003779184743,0.28025041466510586,0.10643097792815336,1.1186848051866805,1.9836712996771535,7.083743842364532
187,203,0.8490009292545398,0.6355000002482678,0.637626469501561,0.12053687841510316,0.10808804450516939,0.2581725472060607,0.26737424444102914,0.09482921468717735,0.8257313127462274,1.6391230619096608,6.352216748768473
188,203,0.8301567081009064,0.4345085177707286,0.6772100104787621,0.10590991442677543,0.10868059748640167,0.18472942261984024,0.29890758397290274,0.1319291895949863,1.3019660693235826,2.0763214273331316,5.330049261083744
189,203,0.757423236916058,0.37599089542327413,0.694030197675737,0.09582020527946966,0.09876248645838258,0.15420773374684305,0.2772090130824734,0.13142379834888926,1.4229456357628463,2.1574168547365535,4.532019704433497
190,203,0.7488604880800614,0.48778548580197617,0.6444911910388641,0.09496829746607051,0.09507929747488003,0.18924699799879777,0.26125827840249854,0.10830761673781451,1.1976520557562877,2.012814558147618,6.307881773399015
191,203,0.7839514892825027,0.19465931595416766,0.6994542410112522,0.09667685462496539,0.09220806705608982,0.11490845805944792,0.310344548652128,0.16981356088987143,1.7972778450421671,2.5786221532554756,1.477832512315271
192,203,0.8772312066382476,0.5686735225792012,0.6151955132494601,0.11313641742452833,0.10959784480541246,0.255345942167544,0.28989980233079654,0.10925119990996633,1.0158800366949132,1.8565022130560804,6.657635467980295
193,203,0.8203794590395898,0.5765603977384337,0.6648770622964806,0.11390864381937064,0.1107574698744382,0.21757617772018845,0.2737679217946975,0.10436924583089481,0.9696165970767061,1.7516292520837127,5.879310344827586
194,203,0.7586958855695242,0.3583748169932281,0.7565706626223865,0.1117723938311063,0.09960528674767895,0.13508549677425258,0.2744783641559547,0.13775434406053158,1.263947228022495,1.9858597238446352,2.2019704433497536
195,203,0.8096128243214583,0.2132946275420228,0.6080204347103667,0.10288179240378172,0.09202334082706956,0.128793473728926,0.31478837743960975,0.17112583992207142,1.7319264643874053,2.5626743666269713,2.1625615763546797
196,203,0.7856686438728715,0.13014952521312204,0.5526728405311895,0.08405420924853658,0.08698276702998822,0.11383932833290901,0.3194516439857234,0.18134069527571414,2.2098806403022517,2.9746691364296054,2.2955665024630543
197,203,0.8038948689512111,0.31041556859974034,0.7852021334778478,0.14052379194033285,0.10113775927515181,0.11397798067533765,0.2917848337563786,0.1564705033040101,1.1524441854284158,1.885506571666341,1.103448275862069
198,203,0.8028582390966734,0.16462264085015837,0.6264103239707177,0.09198292001477398,0.09184336344829025,0.11726866819051358,0.32209289229377014,0.17967039514932545,2.0043484865930363,2.774666667148151,1.9261083743842364
199,203,0.7936490542117645,0.13678507786340968,0.5764834298782384,0.08609774810870899,0.08684561380699443,0.12040266254198838,0.3194996594105736,0.18080337034349894,2.2324566851905847,3.02383094842502,2.9261083743842367
200,203,0.8148154509205311,0.3123163909869121,0.8085138610964961,0.109097453792092,0.10695940613403025,0.133333767515887,0.3095229340669058,0.155901889411616,1.4478533555235995,2.1717545267333964,1.8497536945812807
201,203,0.7841822122322842,0.4892624883775992,0.8608702046924137,0.1330121005600221,0.12545543349884677,0.130200367279243,0.27402347481331407,0.12149083608085826,0.9424629273282948,1.5652594144825243,1.5492610837438423
202,203,0.7068813868256706,0.3150346926276208,0.7248476820456404,0.14674786244597862,0.08749014522010594,0.08281393066289411,0.2533786109503855,0.13645083754630646,1.0034779244455503,1.7310436842672856,1.0073891625615763
203,203,0.8170892406409268,0.5540678950176835,0.8422676228846363,0.15176094480971006,0.13712861340383634,0.12392932317306297,0.2912270758702393,0.1130432833840782,0.783249005734225,1.4520834381694865,1.2413793103448276
204,203,0.72748453075679,0.3670653251046543,0.8086084503854082,0.11550214862943199,0.10634171444108144,0.09706884219083439,0.280413209587059,0.1281586159083831,1.208476143848925,1.9416875167251542,1.041871921182266
205,203,0.7586941275148525,0.39727791213513525,0.819957123876962,0.11689944664376913,0.11249995968938366,0.11141264586266758,0.2887908990907245,0.1290911762283078,1.1807040291121824,1.8996038012067975,1.312807881773399
206,203,0.828070351738154,0.42962532062406444,0.8292295792109675,0.12884637900894663,0.12681669725860636,0.1275832417855403,0.30856188821157104,0.13626214547348967,1.1291529280428978,1.8140194179249771,1.3940886699507389
207,203,0.7778430245432949,0.4343899886224063,0.8397264419859731,0.12533169026426036,0.1222765969709904,0.11298540919658162,0.2891890125836201,0.1280603155278423,1.1092877827792493,1.774763017174914,1.3029556650246306
208,203,0.7697852090715707,0.5758367921894129,0.8392177808047032,0.13618009202592715,0.14183047646887487,0.11828092991234884,0.2675879141546249,0.10590579650979506,0.8361449677049285,1.4153470387530886,1.6527093596059113
209,203,0.7246074543595946,0.33333603117078736,0.7981743657581863,0.14542940717093136,0.0940329430566349,0.08843606187563635,0.2596361726597218,0.1370728695966704,1.0096314686056767,1.7154752510971383,1.0123152709359606
210,203,0.7480278887472441,0.40674764902898575,0.8429392352192835,0.15344128040617455,0.10294488830274652,0.09678129774058883,0.2673403886203341,0.12752003367740022,0.9078021040352107,1.617156682194104,1.0024630541871922
211,203,0.778167305236994,0.28187140943443767,0.777112450973915,0.1268548078680643,0.09908430312656806,0.10179219289613918,0.2962372392852335,0.15419876206098893,1.2967865993964776,2.0614302488432275,1.0517241379310345
212,203,0.7673416839589762,0.34768556199126677,0.8206384093898997,0.1262286239810686,0.10603004534338357,0.10440083699797673,0.2910087459394403,0.139673431697107,1.1827159756918224,1.9301408040996586,1.0443349753694582
213,203,0.7879666027634398,0.32426909030651424,0.7955037444874331,0.12243249733147728,0.10784556884102345,0.10746365348320368,0.30323434192226245,0.146990541185473,1.2776528605500246,2.028920951846225,1.1083743842364533
214,203,0.8281206170284521,0.3602183550671844,0.7967447809277666,0.13089540792618007,0.11652564586439075,0.11832633942791794,0.3138197301881565,0.14855349362180675,1.2006447653148224,1.9367550426199622,1.1945812807881773
215,203,0.7640921200458279,0.40952661173166455,0.8514203268634178,0.1342979879611824,0.11352758819900893,0.10283377271436607,0.2840981748164696,0.12933459635480074,1.0597815237891857,1.769034656022852,1.0812807881773399
216,203,0.775986726496654,0.34296086181583507,0.8252028679272723,0.11904216399373455,0.10901259730825887,0.10727148649742435,0.2991488430917191,0.14151163560551727,1.2551427060226665,1.9956003171653771,1.0665024630541873
217,203,0.7451472816633244,0.6716227688408948,0.9015231926415641,0.1617308275265012,0.1440931104544243,0.10424310626792721,0.24491000871381768,0.09017022870065408,0.582158497924249,1.134941425771236,1.0591133004926108
218,203,0.8314101192144047,0.4644620982672306,0.8742869241217648,0.13909990512892453,0.14485308022172746,0.11282465372174177,0.29898735335013915,0.1356451267918717,1.044793693734589,1.6121711967757022,1.0541871921182266
219,203,0.715047923404243,0.4648057918461762,0.7787142088961267,0.21220768065867524,0.09713434954866575,0.07803917582896797,0.21107306602635012,0.11659365134158396,0.6145913748799737,1.1176188403333938,1.0443349753694582
220,203,0.7341211119175105,0.3729920618621758,0.7626518452434443,0.10067350689410164,0.09843548940482691,0.13355952397937862,0.2724580218785096,0.1289945697606937,1.3476251352089759,2.081865556163349,2.544334975369458
221,203,0.8370201249700298,0.3736867570269687,0.8094164469509159,0.12066568345507726,0.1141567694715702,0.14006500495268054,0.3147360896108199,0.1473965774798818,1.2877326703092378,2.0313562293111747,1.6330049261083743
222,203,0.8620084063560225,0.5385806409622697,0.7046805296825944,0.12394874388555947,0.12205168872572024,0.2029267040052893,0.29447288961069246,0.1186083801287609,1.0131885999852317,1.7537087656155628,4.236453201970443
223,203,0.8138796269404986,0.5062558403013643,0.801710721195605,0.13249373212687246,0.12081212609104898,0.149462855880192,0.2920600249177346,0.11905088792465061,0.9572630256009619,1.6908779056262344,1.8103448275862069
224,203,0.860088671914384,0.5952203376049173,0.7817639448450151,0.14702270170207218,0.13036627667758677,0.1788244285959103,0.2928706037097784,0.1110046612290362,0.8015690754593562,1.51988767498433,2.2216748768472905
225,203,0.8641630963885237,0.5346269786904003,0.7428102008090989,0.13331226534979004,0.12424921606581668,0.18805770287655657,0.2972608845179029,0.12128302757845773,0.9700690900275486,1.6991763170913914,3.2758620689655173
226,203,0.7645986257620836,0.13897378226489984,0.6351753407939272,0.08959866094598624,0.08656906716446655,0.09980493137394039,0.3128270294949935,0.17579893678269687,2.030595994711579,2.8191108741957387,1.0320197044334976
227,203,0.7210184076923415,0.16740917775416633,0.7357655345694268,0.08315312903737704,0.08460596534014904,0.09944791331502983,0.291984137806649,0.16182726219313645,1.9763527704717734,2.727420090460572,1.1059113300492611
228,203,0.8720359315347951,0.692094204691461,0.6401814093193918,0.12585993950971752,0.1154965826445232,0.27437380367522757,0.2665884224111577,0.08971718329416899,0.7558501202142167,1.5368696543218214,6.674876847290641
229,203,0.8654014306206006,0.653164557823558,0.6414786660194681,0.11760923687444731,0.11779303598033423,0.25638396701959804,0.2787120107517161,0.09490317999450491,0.8499678104913599,1.6519322690874536,6.822660098522167
230,203,0.6947030890404765,0.5382640915273101,0.8467643777368599,0.23392873108577467,0.0917763074913935,0.07520811645810306,0.19408356823263828,0.09970636577256715,0.4960141761764278,0.9650118681707589,1.0024630541871922
231,203,0.7814667764201901,0.5004122754217456,0.8667311984030838,0.14092599532799507,0.1324608664444667,0.10692516999919598,0.2823096077133555,0.11884513693517702,0.9158644120735352,1.5483353230041081,1.0394088669950738
232,203,0.5817104407633303,0.3576643202666923,0.8480930155398736,0.0867045537177567,0.09009453576354724,0.07787390384956976,0.21944501517292245,0.10759243225953413,1.3502552504504257,1.9670810973812707,1.0344827586206897
233,203,0.756473918215397,0.5283764275170763,0.8682529937706165,0.13757146182961602,0.13441232391513733,0.1043005192574356,0.26764786920171457,0.11254174401149354,0.8951472104178584,1.4845450943451244,1.0960591133004927
234,203,0.6362783825707448,0.3711621270910043,0.8388148655916078,0.09335022610461398,0.10206939994903577,0.08717695615816842,0.23728524105887625,0.1163965593000503,1.3399163372657747,1.9140740227574549,1.1650246305418719
235,203,0.7017484355065281,0.2975883568537708,0.8239627667871483,0.11264513222264534,0.0936884220371584,0.09190242699121598,0.265695456959216,0.13781699729629227,1.2994725700641054,2.0322836992914564,1.0394088669950738
236,203,0.7593262351276687,0.5524725627370851,0.9082628012470145,0.18930391420834494,0.12217211917072499,0.09782154980356532,0.24113802514185823,0.10889062680317538,0.5990751379127218,1.147677992634435,1.0295566502463054
237,203,0.794310001435549,0.4004983901019497,0.8531121665746617,0.13834969728713895,0.12039083115941539,0.1059625570249262,0.29229605972935135,0.13731085623471714,1.0638414156658487,1.7409111593595612,1.0788177339901477
238,203,0.6384830769073196,0.32036357765515583,0.8109774931955234,0.10020878829488655,0.08855305588010436,0.0846140550242005,0.24438750168386067,0.12071967602426756,1.3254525588561532,2.050276648906555,1.0812807881773399
239,203,0.7581874773914528,0.542661265661765,0.9118892513777374,0.1604649675538196,0.1250521472903225,0.10780588402096597,0.2548222952603496,0.110042183265995,0.7047566694632375,1.3040906826995087,1.0714285714285714
240,203,0.7224322688397934,0.35425223881530044,0.8632201438322429,0.10985930216007274,0.10849363048198271,0.09753640976396478,0.27326152558746847,0.13328140084630483,1.308654688168108,1.9611583879382295,1.0985221674876848
241,203,0.7082520597943032,0.4051568277911371,0.8648463099969856,0.11617846732848916,0.11108176788082676,0.09515471776477483,0.26305807994989866,0.12277902687031375,1.165520887646258,1.811624518250019,1.0935960591133005
242,203,0.8311804300200416,0.43234835772219715,0.8802140573860241,0.13675874674113486,0.13689012010944435,0.11265048948141523,0.30481990900299716,0.14006116468504987,1.1062038191808383,1.7199493067318605,1.1280788177339902
243,203,0.7133008267530667,0.4577257654250475,0.8134774637823002,0.20042479444290437,0.09853280299238112,0.08121692535988836,0.2163371363153574,0.11678916764253554,0.6282886622006086,1.1552328751137777,1.019704433497537
244,203,0.7270186252502806,0.41272387205816924,0.8095421519019762,0.1844783957176992,0.09752568297028077,0.08478155930245312,0.23511373250716333,0.12511925475268432,0.7376316856053785,1.3315956311803918,1.0024630541871922
245,203,0.7373282643396086,0.3916295844138327,0.7895413357600832,0.179111845793433,0.09515815465378749,0.08648268924401195,0.24582419977187983,0.1307513748764963,0.807794409020624,1.4478487712961894,1.0517241379310345
246,203,0.7378166485019457,0.2722089988630433,0.7901469877373691,0.11031646557795037,0.09518229800994953,0.0992504412349592,0.28498167004562697,0.1480857736334596,1.410695359083557,2.1690253509563235,1.2339901477832513
247,203,0.7812956650010776,0.44933634127666205,0.8055762656079464,0.12114843306628412,0.11313860977415503,0.1440454564706476,0.27510074677506796,0.1278624189149227,1.09598021082282,1.774847217731865,2.1625615763546797
248,203,0.8427110797827374,0.42442390645677186,0.6869829801641212,0.1132234950219779,0.11062644569116874,0.18518496852811053,0.2956598769177872,0.13801629362369308,1.2729064011863898,2.004052144120869,4.679802955665025
249,203,0.8181880863656557,0.4332272061890858,0.7771941488644036,0.12228892450009703,0.11355854485193208,0.15682545789405097,0.2904929104840743,0.13502224863550136,1.1528843118520362,1.8605884729823967,2.6379310344827585
250,203,0.8168646291777141,0.3681199819489769,0.8034844586274518,0.11507591403093254,0.11309016528420067,0.13927741617609407,0.3030168045658513,0.14640432912063545,1.3293252182852646,2.0356038530998593,1.9876847290640394
251,203,0.6628574844715036,0.37035019218138204,0.7137450977410945,0.08601792919145983,0.08725019309530888,0.13053786253010713,0.24273720296910498,0.1163142966855228,1.4139301951331236,2.1357948110704226,3.958128078817734
252,203,0.6806219038476101,0.30801940700172264,0.7787707542467396,0.13601442734482036,0.08609647521367228,0.08244258920147891,0.2434041305328739,0.13266428155476465,1.0425483715314474,1.747294724215282,1.0024630541871922
253,203,0.6647219751719796,0.20379310434380105,0.7520008200759213,0.09413318608050864,0.07880704651317057,0.08702061565195006,0.25999147545510665,0.14476965147124363,1.589321528535346,2.3768159852783093,1.0024630541871922
254,203,0.6661733557962036,0.372082930076061,0.7932200118830188,0.15431566985739767,0.08633271115831433,0.08005960983761941,0.2242391739667731,0.12122619097609907,0.8252071057593205,1.4730328787305644,1.0024630541871922
255,203,0.7849997791097754,0.3272422019443625,0.8320800439841582,0.14073479709102224,0.10124460202848948,0.10670888749263524,0.2847511260095446,0.15156036648808374,1.1177341990629108,1.838997810195592,1.0024630541871922
256,203,0.7528494468074381,0.14981835866968968,0.6628185125716567,0.08836915739632852,0.08596886221530413,0.09976308154597022,0.3078837913292165,0.17086455432061878,1.9869314624504624,2.7864532445976433,1.1330049261083743
257,203,0.7826814126108258,0.3868222491616999,0.8386251086142041,0.14269276275822426,0.1045814730233675,0.11855179067184822,0.27690636779981126,0.1399490183575746,1.0286341790452542,1.731684036412119,1.1403940886699508
258,203,0.769812790129465,0.1837541649014557,0.7560759889088348,0.08989871882912542,0.09157770537308996,0.10875391333863745,0.3095434719834391,0.17003898060517303,1.9224067710141934,2.6680421861660726,1.1699507389162562
259,203,0.7818904546687662,0.5115505263102884,0.842843637597179,0.15166556118037738,0.11393481313955407,0.1375625134116136,0.2589941830671816,0.11973338387003946,0.8194658399773352,1.4634737307596828,1.3448275862068966
260,203,0.835820691527634,0.41753419106904227,0.7054826800448359,0.12562075624829933,0.10535046688608517,0.17703087140015686,0.2909261968387868,0.13689240015430582,1.116594804936725,1.876451802952071,3.6600985221674875
261,203,0.7980010760957431,0.410229842612734,0.7348205952680185,0.11652402045661701,0.10485578263754206,0.16020416996956666,0.282940071354349,0.1334770316776683,1.1753143790813734,1.9121097925266333,2.9827586206896552
262,203,0.8447401406664141,0.6569259331593733,0.6518710267405482,0.12904161311003015,0.11082314808623316,0.2547178590657672,0.25749486694726365,0.09266265345712,0.7596502968965331,1.5127141646941755,6.179802955665025
263,203,0.8212939046225172,0.5680250117388489,0.6661436563234862,0.11877877612070808,0.10947668627012294,0.2203955469091292,0.2670850686140488,0.1055578267085082,0.9230191311285156,1.6737179102641577,5.588669950738916
264,203,0.8555719971891863,0.7037583787816025,0.642489133022195,0.12435150437420533,0.11356761888411726,0.27022377405165715,0.26155809502262706,0.08587100485657954,0.7330167680141645,1.5195014313942978,6.352216748768473
265,203,0.8253896209771124,0.5321263622544343,0.7640748342034916,0.13110197609553836,0.12162786602336247,0.1767338862427673,0.27983626990797855,0.11608962270746577,0.9119108012022549,1.5995752630018252,3.2389162561576357
266,203,0.8103774463472802,0.5290644427311686,0.8222069420474023,0.1346516833417217,0.1359133378029752,0.13966686639110062,0.2835585894156384,0.11658696939584427,0.8904925466489033,1.5195529572730886,1.5862068965517242
267,203,0.8429319963691019,0.6812868716365419,0.6797013762122569,0.12753995607309637,0.11954493234820135,0.24255780119030526,0.2630243711480177,0.09026493560948115,0.7402494045194179,1.4805102134251311,5.798029556650246
268,203,0.8642309356742587,0.6934625868151555,0.6845818494321017,0.13583843930862496,0.12498912300449075,0.2465174344558879,0.2660991724872834,0.09078676641797152,0.7079455886714532,1.4233590710360824,5.583743842364532
269,203,0.8427847551563109,0.5183592501568246,0.705115882710699,0.12197969121032007,0.1298000282921764,0.17053874639947175,0.304091357380778,0.11637493187356467,1.0080045337608734,1.7501659053976169,4.689655172413793
270,203,0.7993553387767413,0.6565730439476346,0.824849397291021,0.14588875440373592,0.15276047444115945,0.13411301544323806,0.2697288681769932,0.09686422631161468,0.7045051195889076,1.285696257686072,2.0123152709359604
271,203,0.8119408544694021,0.5166531845978846,0.7708534149516151,0.12334907311097737,0.13904850185908668,0.14106493180979449,0.2902921786106002,0.11818616907894339,1.024135638399492,1.636602981195048,2.9729064039408866
272,203,0.7466771454816081,0.24679532876496377,0.7664302764118858,0.10049808537687777,0.09226214431949947,0.1112051014316254,0.289091099235793,0.1536207151178125,1.5607190873940533,2.3276909560972214,1.3226600985221675
273,203,0.7867697648218767,0.6209403156410185,0.6892303517936292,0.11784669579918171,0.1116423211640172,0.2060216553528853,0.2568766147117934,0.0943824777939991,0.8525626694597104,1.602323432611907,5.1330049261083746
274,203,0.773363916447845,0.7508190151453827,0.7645647289353052,0.14453783011845212,0.12239305925043964,0.18509728020699107,0.24367783322815567,0.07765791364380642,0.5674931179563546,1.2588208700870065,2.8793103448275863
275,203,0.7901107337453693,0.6194416504424929,0.6642661393546029,0.11019231957225968,0.10901066867134775,0.21942007842962197,0.2574729354427149,0.0940147316294251,0.9011958835936598,1.6736973508548476,5.948275862068965
276,203,0.8111476058389955,0.6634231704818745,0.6933620687784489,0.12776151001016142,0.12153614998410021,0.19827718053838914,0.275628006572882,0.08794475873346273,0.7402784079990236,1.5464826737120618,4.068965517241379
277,203,0.8317010015796448,0.6198130050359592,0.7204926360281275,0.13131870559926678,0.12408789869579623,0.19602303639392,0.2792781088555699,0.1009932520350917,0.8289477392173644,1.571666051981378,3.7192118226600983
278,203,0.805234381949318,0.4943730608899905,0.6395100217094534,0.10119211959217554,0.10649494529442949,0.20331166103181003,0.27990909723213686,0.11432655879876602,1.1800152736462217,1.9662242148895182,6.307881773399015
279,203,0.7852073775005654,0.5750269887420505,0.6812533813791838,0.11171709514327761,0.11177652064677573,0.194726633906979,0.266725490419888,0.10026163738364514,0.9531079131283248,1.7177242355796913,4.815270935960591
280,203,0.8589159563719092,0.5181383685243098,0.6779096255967196,0.11251163730082676,0.12510279630947804,0.20116038724482108,0.3008370048299023,0.11930413068688095,1.1144750840655486,1.8495048494420832,5.229064039408867
281,203,0.7077169380130426,0.4950517505834335,0.6789645597845516,0.09305866528747875,0.10096952764822084,0.16266767514915398,0.24867701054539082,0.1023440593827984,1.1619998877406683,1.8957357911200898,4.701970443349754
282,203,0.7616074800407007,0.55627846559022,0.6707465822946125,0.10413775341334407,0.11190323868140407,0.18090498537893832,0.26548053762153645,0.0991809649454778,1.0245678760731023,1.78623235452927,4.869458128078818
283,203,0.7697406573815156,0.2210786803010343,0.7806248129630824,0.09402509802299848,0.09437303996442166,0.11281304672766355,0.304701734351862,0.16382773831456995,1.7914023819891975,2.529599825257001,1.3916256157635467
284,203,0.8115288164643117,0.3424148039302216,0.7993351509365733,0.11277973579391593,0.10821528719541813,0.13783836960354337,0.30089970340735084,0.1517957204640835,1.3867177027147002,2.0947052673678495,1.8497536945812807
285,203,0.7155667351142145,0.3907680723731812,0.6782022428658775,0.09072536016938769,0.09337014000855257,0.15113838628790502,0.2588349892488133,0.121497859399556,1.4078816711112438,2.140247578652436,4.647783251231527
286,203,0.8089221357152898,0.7074427891696319,0.7042967913807697,0.12809591363426914,0.11903785623887586,0.22588089876999862,0.24936400725782357,0.08654345981432265,0.712975966425967,1.4269199823376717,5.448275862068965
287,203,0.8500741466322729,0.4041155966108892,0.8071790060282441,0.1247314502145248,0.11946977020862665,0.143097072948332,0.3189344732680182,0.14384137999277122,1.2224245399627158,1.9625815599181609,1.9211822660098523
288,203,0.750296569556089,0.48963396529806275,0.6444396292910576,0.0960793410984428,0.0981679891029302,0.18769233259176168,0.2601682078803842,0.10818869888257025,1.1772354798427256,1.9598757991408975,6.009852216748769
289,203,0.7806853548902373,0.7157862394255182,0.7963178933352558,0.14883251490445545,0.1271360152733921,0.1694285311692613,0.25147992757079224,0.08380836597233624,0.5934781715882905,1.2663452996675932,1.9630541871921183
290,203,0.8341007527276652,0.6819103987565659,0.72128699992756,0.14335018372023908,0.12758252136362688,0.19238586959516288,0.2814925706892696,0.08928960735936697,0.6699542743250224,1.4519165747273843,3.4532019704433496
291,203,0.8316836497537645,0.5091452267005826,0.8245453689851466,0.14435903743224598,0.13224473096546419,0.13428325701936836,0.29747580762294124,0.1233208167137448,0.9006853993319293,1.5784966517303614,1.6724137931034482
292,203,0.735234076017112,0.4370586918068752,0.7968418895882156,0.19654044388178263,0.09690385054613491,0.08722725614741034,0.230442093116249,0.12412043232553509,0.6807023685070087,1.2556175684815043,1.0172413793103448
293,203,0.6914423850171045,0.4611221272767451,0.7883684213621747,0.20469879622452544,0.09275617405830773,0.07524932987194287,0.20589748213808512,0.11284060272424337,0.6164864059507679,1.1285375442010084,1.0024630541871922
294,203,0.6542145130569873,0.4732142583944625,0.7798894496936866,0.2069102482866039,0.08321653117927806,0.06857317531093333,0.1922678306735007,0.10324672760667138,0.5396527100994803,1.0605125631716694,1.0123152709359606
295,203,0.583743149136751,0.5111503704396139,0.8019279030327234,0.19737660477784857,0.0744585115714602,0.060293437109436195,0.16444322509061082,0.08717137058739519,0.4930262073993945,0.9777023341430745,1.0098522167487685
296,203,0.7288672972755278,0.3954494062516746,0.7980322514031924,0.18733735690679384,0.09017410614986317,0.08569174820718256,0.23823854946222656,0.12742553654946173,0.7537189210370564,1.3813448922965421,1.0123152709359606
297,203,0.7277297056705727,0.31592310678896085,0.7854579590315159,0.13753182541669487,0.09346999795478743,0.0912862694910978,0.26601996442710274,0.1394216483808899,1.102146384207761,1.8329380104789617,1.041871921182266
298,203,0.7158983256784286,0.4177893214120101,0.8158863203049542,0.16825095394356823,0.09118764687867746,0.09840785548439865,0.2367302406700955,0.12132162870168876,0.7616307340907619,1.4168857978322627,1.0049261083743843
299,203,0.7108233765027182,0.2458091838405308,0.7478055036602508,0.12156691606545597,0.086058846267776,0.08878370108794818,0.26599187977254135,0.14842203330899664,1.2865182987625303,2.040269231453187,1.0024630541871922
300,203,0.6518078343757507,0.40781753735331683,0.7790700045287307,0.16910587108837755,0.08600776899114748,0.07482269460776793,0.20815911639455129,0.11371238329390641,0.7170330035605321,1.3067894018272992,1.0024630541871922
301,203,0.7914562213686916,0.25685503356705996,0.7642734615259432,0.127724583185577,0.0966532525431665,0.10630713550461332,0.29821696237869366,0.1625542877566412,1.32990998748575,2.099114687684042,1.0049261083743843
302,203,0.771370030214709,0.387279813722338,0.7698102233407901,0.19412481836860657,0.09961047482072678,0.08885391233281845,0.2521890353685047,0.1365917893240524,0.7532740507905406,1.3712431090197785,1.0098522167487685
303,203,0.7804380728344579,0.17389550535956513,0.6749865536215516,0.10475164929962909,0.09047006809847336,0.10142715213875479,0.3108787615447302,0.17291044175287046,1.7015393351258772,2.518492109186614,1.0024630541871922
304,203,0.7957005507191433,0.40288793006495277,0.7806193484964552,0.15727138853637937,0.10093667724985575,0.12486805765643559,0.276126558971701,0.13649786830477154,0.9158024191384689,1.6419494349675887,1.1551724137931034
305,203,0.7449651416461718,0.5624219107744897,0.8580200232923747,0.21595453247510987,0.10767231692268245,0.09919050774387773,0.21359812449727722,0.10854966000722453,0.536298313610066,1.0328208614228673,1.0
306,203,0.7394894543216269,0.4423504803522122,0.8178684750280105,0.188732324442754,0.10405869438166286,0.08800848402163189,0.23304750552775025,0.12564244594782803,0.719482234599409,1.2760956722449712,1.064039408866995
307,203,0.7940578586357069,0.3666079824746285,0.8385024855237003,0.15100289458659358,0.10590584120300861,0.11201520829920837,0.27839628889447154,0.14673762565242493,1.004762022944619,1.6866652133874454,1.0541871921182266
308,203,0.7529480340395459,0.3857022418604582,0.8430949855716245,0.1606316405380607,0.10313423309443667,0.09662026786878858,0.2565412260709982,0.13602066646726169,0.8901166703165947,1.5253977322034658,1.0492610837438423
309,203,0.8116332130341567,0.49915716819063577,0.8746887916505529,0.18119339187910163,0.12007210840790633,0.1140053457875285,0.2714013560174974,0.12496101094212282,0.7247106394891988,1.3530007591294269,1.0369458128078817
310,203,0.8264259738841627,0.491640538724091,0.8576922455563851,0.1551938661355594,0.12549285485202008,0.12984672820250445,0.2874996637107878,0.12839286098329097,0.865872776223464,1.5274995915576957,1.3300492610837438
311,203,0.7880895863725126,0.31894461829451315,0.8259414547027307,0.12422739960320722,0.10435863694675027,0.11178498439331692,0.29648710518940674,0.15123146023983136,1.2820120290153316,2.0216137115386705,1.1921182266009853
312,203,0.793343670381306,0.33890774028499165,0.8513928486878626,0.12708716491933209,0.10884820823375081,0.11049367761187795,0.2985003969416971,0.1484142226746479,1.2311122762391167,1.9491188055422248,1.0911330049261083
313,203,0.7596929190615815,0.6870484620841412,0.882034387633732,0.15905325984354662,0.15232428923506308,0.10967358694077865,0.24915828891169867,0.08948349413049439,0.5866770875218658,1.1273969488750304,1.0935960591133005
314,203,0.7913918370885834,0.7318583926919568,0.8296388188539401,0.15160609168598382,0.15984785125923942,0.1390948194893803,0.25571521572969813,0.08512785892428179,0.5859595880571752,1.136966398513717,1.832512315270936
315,203,0.828784492312497,0.35995974339751974,0.7414617746735153,0.11629627525019036,0.10769624789250362,0.1556190458757461,0.30110921657306655,0.14806370672099034,1.3003721095165495,2.028703768527918,3.3275862068965516
316,203,0.8390864873403158,0.45964205962350724,0.8473472900320244,0.13317523893472694,0.1472859048899025,0.12034538997605336,0.30032967570742164,0.13795027783221123,1.105908389360016,1.6480516202725612,1.3842364532019704
317,203,0.855144385897903,0.720588689867565,0.6997370001163788,0.13659779042224685,0.1317159604343222,0.2342862682492674,0.2663202702432886,0.08622409654877779,0.6654046912777393,1.3730172393388935,4.9655172413793105
318,203,0.8130771679672298,0.5096223797529159,0.752588926474982,0.12212062610984492,0.12074522500912582,0.17248318939038307,0.2798003356665158,0.11792779179136009,0.9996009335615542,1.6774411788489645,3.955665024630542
319,203,0.7575305327618151,0.39327526984048855,0.8118371116820342,0.10651240615433166,0.12189970182328297,0.11593198332956903,0.2793949333178691,0.13379150813676233,1.3274730389480174,1.8932823741774842,2.0566502463054186
320,203,0.6669631570240183,0.4224867965137259,0.8193562754292607,0.09943446199602594,0.11068972316034607,0.0994808171088208,0.2433647663834105,0.11399338837541492,1.2263576091043034,1.7897184552213508,1.8497536945812807
321,203,0.7894096855687163,0.42720957546125243,0.855761242505632,0.13928390836102686,0.11893235082858558,0.10785634275636481,0.2934594053916391,0.12987767823110002,1.01528422602644,1.7273807608368894,1.0517241379310345
322,203,0.7917496826865885,0.49563470370754087,0.8070988462225326,0.1287539281556944,0.12794526640688797,0.12652271576261828,0.2898579676940247,0.1186698046673631,0.9841330023009508,1.6655208572317657,2.1551724137931036
323,203,0.8070579815177047,0.27864370736704464,0.8134556012940206,0.10621964947368429,0.10376297359414213,0.12390083040716222,0.3116816436805088,0.16149288436220732,1.5702358428955077,2.3021467392942587,1.2142857142857142
324,203,0.7648037060195018,0.48897910020342833,0.8262817350166528,0.13154071932232422,0.11222488754437802,0.1394359987924089,0.2616201448133232,0.1199819555470676,0.9481485051890792,1.6120556314685714,1.6231527093596059
325,203,0.7873990634678243,0.3130955251669821,0.8191509333387009,0.10775466441474249,0.10488102963518686,0.12403847909282896,0.29915856447081085,0.15156632585425506,1.4623093292812295,2.172636442490252,1.4507389162561577
326,203,0.8154037168738452,0.4147430405335164,0.8237049495598521,0.12594800698402614,0.1164104720441981,0.13908974895997997,0.29512109362378314,0.1388343952618578,1.1549065894382204,1.847180782040533,1.874384236453202
327,203,0.81221703998058,0.3549197941739838,0.8127329449812861,0.11731426596230161,0.11068573074662208,0.13013762820824165,0.3067824419358706,0.14729697312754392,1.315758186741273,2.0515402722976543,1.5467980295566504
328,203,0.7500270716396145,0.3294512801706881,0.7938013738126681,0.10251908746345799,0.10035801404818488,0.12020551210545799,0.2877427767056222,0.1392016813168913,1.4331929531953098,2.1707556611816425,1.6921182266009853
329,203,0.7307704634647239,0.3451437118380818,0.8260557638795638,0.104151617046872,0.09902715587569406,0.11556976779105718,0.27807348683024957,0.13394843592085115,1.351512746077792,2.0906562030910463,1.5665024630541873
330,203,0.7193254097712023,0.3652988314037422,0.8492823460335495,0.13431679749586867,0.09621078256083344,0.09869698785414642,0.2567628584929414,0.13333798336741226,1.0441469326012034,1.741493440134422,1.0369458128078817
331,203,0.8247369711974963,0.7304459739936179,0.8291748087869434,0.1782086553625012,0.1356627311240997,0.1740987986037102,0.24596573376413008,0.09080105234305508,0.5321596909838288,1.1095896097877578,1.7167487684729064
332,203,0.8391366187456499,0.567767009890356,0.84345487321186,0.16447808025263003,0.12866390209245365,0.14893796346208338,0.2793888837143008,0.1176677892241821,0.7566419030469835,1.4084334811677652,1.729064039408867
333,203,0.7763697119256805,0.32279725927697406,0.8178667607707794,0.11902337499631037,0.10239896931284863,0.11479972778733329,0.2916178823317945,0.1485297574973938,1.3143778897041782,2.050163778542047,1.438423645320197
334,203,0.8452314918669874,0.5700460499991604,0.8218129665495942,0.1578622619886215,0.12974509471687629,0.15676148969428388,0.2842807716515218,0.11658187381568404,0.7763740146060842,1.4472952818476486,1.7315270935960592
335,203,0.7910152199133137,0.2886433249885634,0.7904230059518403,0.10949361500709084,0.10173989006805872,0.11856990605091784,0.3060153227846573,0.15519648600258912,1.4853742703571808,2.251756686388242,1.6477832512315271
336,203,0.6173745327458309,0.3320668946941925,0.7838257693862174,0.08321349549983668,0.08411549430278485,0.09805169183274187,0.23805931024459273,0.11393454086587475,1.4279144642072168,2.157937723728289,1.9334975369458127
337,203,0.7863363495185466,0.41931250198899445,0.7930258387639402,0.11772410125489584,0.11222232423973702,0.13484660608733046,0.29063863561705117,0.13090468231953206,1.1800676477915963,1.905980984745668,2.061576354679803
338,203,0.7562854939302066,0.3673094715207547,0.7888308181578921,0.10586394435512572,0.10365570065996568,0.12618613937200696,0.2866990402904129,0.1338806692526953,1.3260249383772853,2.0692085026882503,1.8891625615763548
339,203,0.8196951433753726,0.6028572498246932,0.7849593464404718,0.13923855988579018,0.13318998287530684,0.15814524097873287,0.28489605157628217,0.10422530805926061,0.7922962756447554,1.4952610503329395,2.793103448275862
340,203,0.7999483492679579,0.498092536451294,0.758083578548091,0.12073991780286786,0.1168799866936185,0.15296016596851433,0.2932900979215927,0.11607818088136444,1.0170424075322866,1.7939907629548093,3.044334975369458
341,203,0.7525496709120286,0.2407233226437033,0.7761642266721377,0.1012217032830405,0.09216935822106088,0.10772510314001185,0.2955833880680407,0.15585011819987457,1.601689503566442,2.385199213863035,1.167487684729064
342,203,0.8294577461678705,0.6231596371393757,0.7911491689289336,0.1419200595557817,0.145845851915904,0.15944923930453578,0.2790303996508226,0.1032121957408265,0.7605114090949131,1.382482346583123,2.6773399014778323
343,203,0.7658250408374134,0.5087661904315575,0.7010862318738825,0.10888282963001746,0.11082179403448483,0.15903786291455405,0.28088132817725964,0.10620122608109753,1.0405775393557846,1.852601494298242,4.596059113300493
344,203,0.823630403258101,0.5627963826106446,0.6539877581156063,0.11587334678753512,0.12100381028944314,0.19165326616165054,0.29345331340072983,0.10164666661874217,0.9348170487946657,1.7655000973568566,5.6600985221674875
345,203,0.7825668987624625,0.5369039203937497,0.6507175827963546,0.11013787891386395,0.10832928673290543,0.18046548151701772,0.2828848184401536,0.10074943315852174,0.9875828959499924,1.866647965793231,4.687192118226601
346,203,0.8214350877439288,0.5310194195645095,0.8283777317957315,0.13376990427391108,0.1483178513502765,0.13278392183441784,0.2852648460640745,0.12129856422124902,0.9518235532171153,1.5032760710677688,1.9088669950738917
347,203,0.8406299382568082,0.6235204931580783,0.6001191727035117,0.11631238008392694,0.11553190711575488,0.22291240807655116,0.2968077476017203,0.08906549537885498,0.8314241254504284,1.7873303942735081,6.16256157635468
348,203,0.7900719791726265,0.5270864068510208,0.5774550003722673,0.098947881690861,0.11170632032103706,0.19434776098714923,0.28542774315453084,0.09964227301904834,1.079176688925546,1.937689582697781,6.955665024630542
349,203,0.8165687194806832,0.5538181647245233,0.656707555358375,0.1095284736748886,0.12001012866472814,0.19180090683062434,0.29136194744270405,0.10386726286773804,1.011244092100448,1.8169389580783315,4.704433497536946
350,203,0.8362255783201807,0.588767161942032,0.687777546071892,0.1186782516615292,0.12688476057696846,0.19695798360663264,0.2905047688334738,0.10319981364157665,0.9252362383823429,1.6916307599098377,4.467980295566503
351,203,0.7761465655729405,0.5716797091911392,0.6292820166027479,0.10452594172885675,0.11120753085014068,0.19177546335266235,0.27535156182532255,0.09328606781595815,0.9566703737865353,1.807838758811746,5.480295566502463
352,203,0.8168594929787828,0.39454303155105513,0.8238812638690097,0.1389403114509859,0.11082340266417971,0.12898280655387648,0.29524543674846804,0.14286753556127257,1.079035698310417,1.8088732582950053,1.4605911330049262
353,203,0.854841947151078,0.6292789317637434,0.74178098475482,0.1332498057397798,0.15483069628708693,0.17076218722535802,0.29205268146289654,0.10394657643595667,0.8269834258865483,1.4546493987620646,4.029556650246305
354,203,0.8547417940447364,0.5470294492236923,0.7186206033063252,0.12765652590059637,0.14711461332382414,0.16013976880931893,0.3022696241337862,0.11756126187721057,0.9870554449451908,1.6192222438465727,4.157635467980295
355,203,0.8549474459970549,0.5783575747818822,0.6937502418854976,0.12075492978588916,0.12872288856476843,0.208837032620724,0.28750401097570333,0.10912858404997,0.9530407216957846,1.6654295965460928,5.054187192118227
356,203,0.8179049494961403,0.5356200485191347,0.7255024384400401,0.11411188223625993,0.12919491353315013,0.17227628584624846,0.28954016170778635,0.11278170617269558,1.0443131076037826,1.7273192964656443,4.554187192118227
357,203,0.8396213400828122,0.552520780348382,0.7003883991276048,0.1148273424330555,0.13102685760813548,0.18626561817308787,0.29673745409871716,0.11076406776981615,1.0216944905042904,1.7427677337133392,4.374384236453202
358,203,0.807541412892068,0.47774063782553094,0.6622979887663699,0.1020343168928798,0.1183218491522534,0.177038806080955,0.2926505148230711,0.11749592594290871,1.224456121318063,1.9663333973541115,4.800492610837439
359,203,0.7743341602015186,0.4274146935740035,0.7962792506057096,0.11119414435416033,0.126405986161725,0.12469798247686771,0.2815668234703857,0.13046922373837996,1.2484599733472406,1.8206078866104165,2.6945812807881775
360,203,0.7798322798974379,0.43104167140392796,0.6656205610389446,0.09591897765352216,0.11041129300255217,0.1667944572931352,0.28422032277969367,0.12248722916853468,1.3479110406035872,2.063434380320713,4.568965517241379
361,203,0.7837386848886874,0.3967259718256613,0.7084955900284489,0.10001075188734564,0.12031946963289165,0.13890067756641028,0.29144311773111214,0.13306466807092748,1.4156141770756823,2.035927347398152,3.9211822660098523
362,203,0.7747286204238194,0.45866115353292725,0.7071694222333662,0.10149891760852953,0.11806112547550433,0.15577471353115732,0.28014973939788695,0.11924412441074139,1.2482825623741727,1.9075505328256825,4.87192118226601
363,203,0.8131641185128092,0.5772889900886982,0.8764055832279215,0.18756652957998535,0.12111206527417606,0.1376623772900564,0.2513176096718089,0.11550553669678258,0.6418055118219266,1.2196248091003927,1.1945812807881773
364,203,0.7756110166642044,0.42528388272553636,0.6582421868597714,0.0951314705158254,0.11010248751851076,0.16448079670277652,0.28379692219827113,0.12209933972882062,1.3556183054100062,2.072575842223321,5.115763546798029
365,203,0.8040830479224835,0.5336497585664242,0.8709572726028474,0.1627465969636856,0.124517550432236,0.13124816169225953,0.2649271426028353,0.12064359623146702,0.7841342224143598,1.3940564899917818,1.3522167487684729
366,203,0.8024354736166173,0.3591087013075258,0.837308325335866,0.13473544766526055,0.10780543545528189,0.12417738193774872,0.2877763125679079,0.14794089599041818,1.1273824439589597,1.8247892721593044,1.1995073891625616
367,203,0.8126633980592397,0.3284742867990423,0.8002536728265993,0.11946326801427275,0.10654506887472838,0.12745520209831335,0.3065133999505699,0.15268645912135528,1.329961731965423,2.084100099248515,1.3817733990147782
368,203,0.7544204173724959,0.2476404395360821,0.7881979032885817,0.09677640947665266,0.09420720427310138,0.11242581433940309,0.29549436665351864,0.15551662262982002,1.6538379757142005,2.40242180062888,1.5541871921182266
369,203,0.8377322304527656,0.8226666316352476,0.8558790190300879,0.19531105758119757,0.14745506008697096,0.16940232399150496,0.2455443306261518,0.08001945816694024,0.42825340054546646,0.9866659028588507,1.7413793103448276
370,203,0.7388904810970426,0.2538777973265747,0.7216793816564924,0.11464747771280186,0.08854043555785142,0.1044226352353942,0.2804515180388361,0.150828414552159,1.3742623575685213,2.173063761989861,1.1182266009852218
371,203,0.6743208578466622,0.13396148944071928,0.6280746167060522,0.07122911598246318,0.07613915912687966,0.09462860927604828,0.27646709133421016,0.15585688212706103,2.2196730456327396,2.954536028389849,1.7241379310344827
372,203,0.8176862142094223,0.27908845669368476,0.6766444164221286,0.11433234177612775,0.09722516719134741,0.1381864301961595,0.3060458462193379,0.16189642882644986,1.4920624217789078,2.2865423756379983,2.1995073891625614
373,203,0.8218662847925029,0.28605751129260587,0.703371955751102,0.11838099290156687,0.09862276698564656,0.1370427526252821,0.30602718643866067,0.16179258584134665,1.42381069104012,2.2068336029232136,1.5738916256157636
374,203,0.6537038834558319,0.10413990098481316,0.5355881087335634,0.06580167629453969,0.07206028153912189,0.09030144039876677,0.2710535994800697,0.1544868857433338,2.4202113903188085,3.1468054236122835,2.2980295566502464
375,203,0.8120109678122609,0.2806189314121012,0.7855635260043893,0.11736803125885978,0.1006503871514147,0.12676069235543388,0.3056587311681854,0.1615731258783674,1.4057768212114348,2.1666995510073126,1.2684729064039408
376,203,0.8205493701559097,0.2742897086934385,0.6595829754440091,0.0989710310928171,0.09932491506715103,0.14716109642696468,0.31274187062814607,0.16235045694083095,1.6968782580521335,2.451912809898698,3.6921182266009853
377,203,0.784112434948545,0.27663745435806675,0.7358289903094339,0.09624407544005888,0.09899285687110405,0.13290651829997252,0.29979495955514673,0.15617402478226286,1.6838515204522593,2.39583474045915,2.5517241379310347
378,203,0.8268167306701402,0.32204620618069585,0.7647743591977596,0.12231388252060005,0.1029899467221749,0.14179318343421038,0.30375148732248664,0.15596823067066823,1.2990127214842222,2.0595596112738703,1.6551724137931034
379,203,0.7801859485289584,0.28373615720171447,0.673775015240726,0.09185873588125693,0.09433690790284516,0.14271112189381988,0.29969828145695615,0.15158090139408023,1.722640537196217,2.4822224217881437,4.403940886699507
380,203,0.8352969255564838,0.4659011951629322,0.6880793651934666,0.12126460864625545,0.10639998078726311,0.1938293944847666,0.28626401252703376,0.12753892911116488,1.084019860934575,1.851714837499586,4.657635467980295
381,203,0.7469540390109669,0.3386923359641073,0.7731376887531427,0.14306841413807564,0.09520363010885924,0.10287737256131191,0.2655457844763686,0.14025883772635142,1.0463786740058185,1.75955793120088,1.125615763546798
382,203,0.8129260601206251,0.46947500367629985,0.7352396594465707,0.1362981776851173,0.10622557181290618,0.17163018166886704,0.2715423386491966,0.12722979030453793,0.968594152499847,1.6803761169124456,3.064039408866995
383,203,0.5942616813045094,0.2783818838187272,0.6834172607771389,0.06939933206415803,0.07237447387305712,0.10635442022488527,0.22963684235026863,0.11649661279214037,1.7487058660734922,2.502351632016018,4.032019704433497
384,203,0.74258363900776,0.2908462871140378,0.7082436700359143,0.08819220438133263,0.0931908042664348,0.13277679657430513,0.28430665532403027,0.14411717846165736,1.6876056786475286,2.4123166752269354,3.4876847290640396
385,203,0.7733446608700842,0.3797247767157965,0.6257627704442411,0.09134450210777408,0.09430190637164686,0.17331164250684244,0.2843896586016638,0.12999695128215705,1.487924251046554,2.294186516878422,6.167487684729064
386,203,0.8421819530354115,0.5624044696201055,0.6646140504237402,0.12499086742560825,0.10918010330500634,0.22537764485454775,0.27359877957453027,0.10903455787571907,0.9091407604041591,1.6774692696626212,5.615763546798029
387,203,0.8380090201950777,0.5428639058166608,0.6012557876385346,0.10211868887392403,0.10371281400077878,0.23805381583132357,0.2865158828654218,0.10760781862362943,1.113841264293107,1.985632345953217,7.4088669950738915
388,203,0.81386535017081,0.5087720836864735,0.6803796948341749,0.10985769740713017,0.1064007649010631,0.19619083093783077,0.284649896801176,0.11676616012360999,1.130598324779047,1.930415446287814,5.647783251231527
389,203,0.8070109079562742,0.5170799775168772,0.6946783249111761,0.11347193609477907,0.10993921503652292,0.19545679276673236,0.27175274863808985,0.11639021542015009,1.076951686219696,1.7987843139470792,4.987684729064039
390,203,0.861557052103258,0.6227387925937952,0.6401879145425374,0.11550053920225709,0.11166374248590624,0.2551243796105467,0.2791234114155225,0.10014497938902535,0.9165703271176974,1.7341322836333684,6.58128078817734
391,203,0.7066415441889156,0.4630726720022761,0.594892493947161,0.08328786435332497,0.08400563380885413,0.19060377921046667,0.24554690364174844,0.10319736317452158,1.2939279663705416,2.1428880507343755,6.785714285714286
392,203,0.7396077458465355,0.33324920129420493,0.7471392424637878,0.10854643465268415,0.09539074822101977,0.12715640691893887,0.27060084969880527,0.1379133063550875,1.305182958391435,2.0394768517928115,1.977832512315271
393,203,0.838324116001334,0.612488817595118,0.6765639344319619,0.11992522928285956,0.11549389550246489,0.22780627967682807,0.27267181552465036,0.10242689601453114,0.9056183777870271,1.6663646407805595,5.899014778325123
394,203,0.795892028174288,0.1631642142732894,0.6204736744198561,0.09120867239549722,0.09037742962454842,0.11708658007478806,0.3190922747883958,0.17812707129105868,1.9935725060379688,2.767954415110737,1.896551724137931
395,203,0.7512151521487902,0.3823131787173594,0.7580010139057785,0.11356300330572489,0.09859939570187769,0.1396234557660686,0.26685112547107254,0.13257817190404653,1.1989206966687491,1.9167785055841746,2.3817733990147785
396,203,0.8062800260739417,0.22712837862058005,0.6102598667838837,0.10451926540186991,0.09291815123074941,0.13119705093545775,0.3106904362597304,0.1669551222461342,1.7022238217473589,2.5215578461011345,2.1379310344827585
397,203,0.8165442902169335,0.30578753337700953,0.7864825768436986,0.12669522033358493,0.10313110527300558,0.1244124566196409,0.3041117851366738,0.15819372285402833,1.2884697543787458,2.0471836984288405,1.145320197044335
398,203,0.7471335595789832,0.15948451591545124,0.5732604168283538,0.08423286416782715,0.08236438904671844,0.11791149128411457,0.2967007279559419,0.16592408712438114,2.145974985863788,2.9433272396591263,3.5073891625615765
399,203,0.7804247231560175,0.17735904623768023,0.6921357496378796,0.0888791839210466,0.0907138049637799,0.11471578037013089,0.3133032890001676,0.17281266490089267,1.981594086470716,2.7331052713702775,1.5
