parcel_name,tau,tau_r2,rho,rho_max,x,y,z,network,hierarchy,hemi
7Networks_LH_Cont_Cing_1-lh,21.04110963196985,0.9165990696251575,0.5686558102906154,0.9740603509452777,-4.776160421524531,3.3872892260028196,29.565354772642547,Cont,4,lh
7Networks_LH_Cont_Cing_2-lh,23.653002364887296,0.9055551041540842,0.5691719720019234,0.9741905165735255,-5.631938679024634,-20.886200270196873,30.063470567925673,Cont,4,lh
7Networks_LH_Cont_OFC_1-lh,43.316961127896285,0.8879513483551075,0.5774708179780479,0.9755040336246439,-26.550332391187037,46.294215887580364,-11.00324992798013,Cont,4,lh
7Networks_LH_Cont_PFCl_1-lh,38.04312013609894,0.8580658759981619,0.580172223540702,0.9756115364045036,-39.98286219393406,44.49227803183792,-4.227329824095635,Cont,4,lh
7Networks_LH_Cont_PFCl_2-lh,26.932418489219835,0.8764077932396604,0.5759355723956204,0.97482336463122,-43.67479987904034,31.001254919487817,9.328674326086235,Cont,4,lh
7Networks_LH_Cont_PFCl_3-lh,29.518726533912982,0.8693375055733301,0.5770156590187527,0.9750618715673621,-37.17159404702809,44.683353233596556,11.003616666016372,Cont,4,lh
7Networks_LH_Cont_PFCl_4-lh,32.883374356795535,0.8935189996721938,0.5751089496124486,0.9750707029931828,-27.312498499700975,48.46731823250944,12.046057690927935,Cont,4,lh
7Networks_LH_Cont_PFCl_5-lh,21.95599635973956,0.8723404478417379,0.5757464681452104,0.9749087695003766,-40.05634864089919,34.73460195647156,20.773722989932516,Cont,4,lh
7Networks_LH_Cont_PFCl_6-lh,20.903964522877363,0.8902850753639591,0.5723419362256597,0.9743274844753901,-41.30241840101659,21.189420096162845,24.91317325045061,Cont,4,lh
7Networks_LH_Cont_PFCl_7-lh,18.56830620785576,0.9105203958492625,0.5690885008316168,0.9738589820868928,-35.60127839570868,6.611779489444118,31.321219123363296,Cont,4,lh
7Networks_LH_Cont_PFCl_8-lh,18.767204199177712,0.8787322080489679,0.575229159879753,0.9750122640922144,-36.739434513405264,29.307903817527933,33.95940796379617,Cont,4,lh
7Networks_LH_Cont_PFCmp_1-lh,21.01787901680193,0.908573487527065,0.5689833698567811,0.9740730200862191,-8.057197486957559,25.82793517352699,45.23992728103291,Cont,4,lh
7Networks_LH_Cont_PFCv_1-lh,31.133038595566642,0.9171285628706737,0.5716841206595231,0.9752072550852077,-29.89262194138431,16.753490333660288,-8.156748894183837,Cont,4,lh
7Networks_LH_Cont_Par_1-lh,26.412061450139305,0.8064883196696323,0.5685204276592717,0.9740267179243414,-30.669323023103605,-70.85583898846625,35.779151649540175,Cont,4,lh
7Networks_LH_Cont_Par_2-lh,17.708439256598535,0.8795099534770995,0.5747910796212533,0.9753448520415127,-55.1412154766401,-44.339928592694555,40.34569594774425,Cont,4,lh
7Networks_LH_Cont_Par_3-lh,17.59764181575929,0.8858758443774891,0.5742888970262089,0.9752365443588628,-49.87760942548472,-52.03775744962924,37.87107204808562,Cont,4,lh
7Networks_LH_Cont_Par_4-lh,18.423183687461464,0.8510839544892416,0.5678090501439018,0.9738962453620323,-33.101278273973634,-61.280167315173266,39.53842575333401,Cont,4,lh
7Networks_LH_Cont_Par_5-lh,15.124025079870462,0.879814667359431,0.5709941850617888,0.9745800814147101,-42.16353801549763,-54.54330464097334,38.16094451106578,Cont,4,lh
7Networks_LH_Cont_Par_6-lh,17.76901597652465,0.8843701000184274,0.5686468737153447,0.9741048288675223,-44.806987749504266,-44.52999690831126,40.556670618036314,Cont,4,lh
7Networks_LH_Cont_Temp_1-lh,22.990752132320377,0.8597021155130932,0.5822515339454655,0.9769454306991712,-57.211865315322974,-48.49948779039654,-9.79951832418249,Cont,4,lh
7Networks_LH_Cont_pCun_1-lh,29.58037364302834,0.7875830345402275,0.5673422568777581,0.9737156084025115,-11.767654628525918,-73.8814289661798,42.71308711155298,Cont,4,lh
7Networks_LH_Cont_pCun_2-lh,20.976588356814702,0.8409302813478905,0.5681915508251335,0.9737103361123783,-9.201124777701803,-60.54585628161993,50.79750410989669,Cont,4,lh
7Networks_LH_Default_PFC_1-lh,36.41158460372691,0.9097116771869822,0.5762174635134583,0.9759665274383937,-33.61832449745661,23.632246449107587,-14.13941626692204,Default,5,lh
7Networks_LH_Default_PFC_10-lh,21.734762081939504,0.8903565543464527,0.5771598140439496,0.9754474116167754,-50.99138564213454,19.756440329511864,11.507010227215693,Default,5,lh
7Networks_LH_Default_PFC_11-lh,37.641795211059545,0.8749645118375624,0.5792985921629814,0.9760617506816713,-15.81624344947457,60.8667199042285,9.16171695739528,Default,5,lh
7Networks_LH_Default_PFC_12-lh,25.328076855804905,0.9216133588238464,0.5686076472860162,0.974053243449386,-7.965922654970231,29.28835279634519,20.396182469770533,Default,5,lh
7Networks_LH_Default_PFC_13-lh,25.987260033712186,0.9133299861930517,0.5714346812041988,0.9745286469028572,-8.371384890674154,48.39054934667812,27.11240473442121,Default,5,lh
7Networks_LH_Default_PFC_14-lh,26.36267186518136,0.9007245599680505,0.5744134546436542,0.9750114692387057,-15.409942514645063,51.866208280389486,28.10462334081702,Default,5,lh
7Networks_LH_Default_PFC_15-lh,23.3182888588952,0.9105089082917993,0.5725886188066301,0.9747004999161897,-22.682431742720222,43.716358941519395,27.085401698922485,Default,5,lh
7Networks_LH_Default_PFC_16-lh,19.38643722649284,0.90205489722421,0.5713654808390372,0.9743535303062305,-26.538007878891285,25.83540307313821,36.45464249462242,Default,5,lh
7Networks_LH_Default_PFC_17-lh,15.659801729132788,0.8953018510626815,0.5731728487658525,0.9748389366299877,-39.371477383003096,17.16829937480326,44.16731197838392,Default,5,lh
7Networks_LH_Default_PFC_18-lh,20.7066347450316,0.9072866512281405,0.572045340181545,0.9746536862805364,-10.141997466127792,40.8736776686952,45.5295158301047,Default,5,lh
7Networks_LH_Default_PFC_19-lh,20.37386902230599,0.9035220750875461,0.5716656420247521,0.9745735909232848,-18.783966244611523,33.33315549040199,41.260516845194026,Default,5,lh
7Networks_LH_Default_PFC_2-lh,32.00099999901328,0.8896387200573502,0.5760165195338525,0.9753151788240129,-34.70789978344892,36.06426456124233,-10.569013609021003,Default,5,lh
7Networks_LH_Default_PFC_20-lh,19.946079828898768,0.8932769174958406,0.5720182619508981,0.9745257989472575,-41.17632369593818,4.009228201098132,44.95589189206806,Default,5,lh
7Networks_LH_Default_PFC_21-lh,15.424819636593043,0.90560194086365,0.5721500820805625,0.9746497359152057,-32.48232657297573,12.289050790007686,50.08764217109446,Default,5,lh
7Networks_LH_Default_PFC_22-lh,18.267596601845884,0.8929161912671898,0.5699934633709837,0.9742883705471316,-23.44276457907831,17.023151878080093,46.57463800841533,Default,5,lh
7Networks_LH_Default_PFC_23-lh,19.524407954327348,0.8997819145836777,0.5707914328534709,0.9746723627683953,-12.982173030072419,23.589070004987814,55.24234533629532,Default,5,lh
7Networks_LH_Default_PFC_24-lh,18.102086463366355,0.9107215868244295,0.5688547458675234,0.9743729390684972,-9.152735601991225,9.76132326640464,61.49960069988782,Default,5,lh
7Networks_LH_Default_PFC_3-lh,44.01657275684347,0.876562628851245,0.5804189346008657,0.9762174621109031,-7.867291358115759,52.10185515544506,-10.136615896116929,Default,5,lh
7Networks_LH_Default_PFC_4-lh,43.84717715109621,0.9132526355208398,0.5720048716536731,0.9751324475885815,-7.983829869904358,33.963842222808495,-7.611546358492939,Default,5,lh
7Networks_LH_Default_PFC_5-lh,33.855914211544004,0.9111875548870266,0.5753421938515669,0.9758286704483403,-44.35761132645896,34.03978960167147,-9.061999510483501,Default,5,lh
7Networks_LH_Default_PFC_6-lh,36.765904756171444,0.876093697578648,0.5786191486142291,0.9756470932888895,-28.05341142380461,51.02973280306366,0.126467596120975,Default,5,lh
7Networks_LH_Default_PFC_7-lh,25.383073498133655,0.9054343968051047,0.5750452106356033,0.9752690743786543,-45.19434298248324,28.546561885063777,2.8626811726198493,Default,5,lh
7Networks_LH_Default_PFC_8-lh,41.38458950056818,0.8903213513473335,0.5770416760097381,0.9757253041615134,-10.472877645855121,54.264563017934826,7.677413568149882,Default,5,lh
7Networks_LH_Default_PFC_9-lh,31.830771395998987,0.9192888744619655,0.5712487587393884,0.9745278726778899,-9.656433775192024,39.931807253550694,7.010555326337453,Default,5,lh
7Networks_LH_Default_Par_1-lh,17.256328837300668,0.8792109196740179,0.5759671921612057,0.9756697812386025,-55.880185205427594,-48.05020732892225,14.13198591098976,Default,5,lh
7Networks_LH_Default_Par_2-lh,14.601413058782496,0.8861906444407305,0.569324095364668,0.9744844937812042,-41.55108204275524,-57.347470788294785,16.98529143658481,Default,5,lh
7Networks_LH_Default_Par_3-lh,20.21961571468806,0.8301327368956273,0.5736656307022365,0.9751575274407424,-40.548965219808935,-74.55700395513728,24.01678948354155,Default,5,lh
7Networks_LH_Default_Par_4-lh,16.864295920147423,0.8567784738624655,0.5699581950526593,0.9746369012858402,-41.27716283724778,-62.525330129826415,28.130630559899625,Default,5,lh
7Networks_LH_Default_Par_5-lh,15.35771613330694,0.8821646941241229,0.5740872695112027,0.975381304189986,-52.61891131383113,-53.600795849430476,25.49838281487069,Default,5,lh
7Networks_LH_Default_Par_6-lh,24.25699133538741,0.8137368100620698,0.5725503870034138,0.9749746050935499,-37.81425022182002,-71.92565027363361,39.0524126702006,Default,5,lh
7Networks_LH_Default_Par_7-lh,14.672303111101987,0.8615293202238676,0.5746882260468581,0.9752663998508783,-45.68542222507664,-62.23764914327143,39.97980898164742,Default,5,lh
7Networks_LH_Default_Temp_1-lh,29.921313782554066,0.9000895690366694,0.5791386309346421,0.9764773754836498,-53.54826433671077,-8.482463698283834,-26.941479467179462,Default,5,lh
7Networks_LH_Default_Temp_10-lh,21.05748088089973,0.8759068485737557,0.5737854245594832,0.9754352031998488,-50.82561294717947,-44.24860364449005,3.751770349536147,Default,5,lh
7Networks_LH_Default_Temp_2-lh,23.867517584385826,0.8973162011489503,0.5804058144246883,0.9767054015489275,-59.00443321134207,-23.129065547404988,-19.74126414400518,Default,5,lh
7Networks_LH_Default_Temp_3-lh,25.436205314132312,0.8707473978892835,0.5815292690832667,0.9769348556886002,-55.8998878444723,-37.692572102154216,-18.855273562020372,Default,5,lh
7Networks_LH_Default_Temp_4-lh,25.424183747459683,0.9067487207447154,0.577181795033433,0.9762375989797575,-54.358635577875475,-17.051905156513318,-15.631370891270379,Default,5,lh
7Networks_LH_Default_Temp_5-lh,28.52314244582659,0.9029025555795742,0.5764238213488123,0.9757071781366211,-54.05553483217058,-1.8512100419218191,-11.398570253721088,Default,5,lh
7Networks_LH_Default_Temp_6-lh,17.84388113592014,0.8939226740844249,0.5821707032216628,0.9770403842932137,-56.61026813713585,-39.34867236602164,-6.485795973566171,Default,5,lh
7Networks_LH_Default_Temp_7-lh,22.872562694216676,0.9071991595205523,0.574379155505722,0.9756820864726738,-50.01933644837031,-28.057049292207275,-6.493524498631449,Default,5,lh
7Networks_LH_Default_Temp_8-lh,23.35464455941486,0.8838088999287029,0.5777547285810073,0.976062492923799,-59.436083540692216,-17.277660291649102,-2.700063468639127,Default,5,lh
7Networks_LH_Default_Temp_9-lh,23.680945052773083,0.8634516001367277,0.5728118413927653,0.9753412949092447,-59.82326093105088,-34.17139723378924,3.546395061182026,Default,5,lh
7Networks_LH_Default_pCunPCC_1-lh,20.397345068109924,0.8313950066440584,0.5690724955218639,0.9741487415045986,-9.604885566296876,-52.84628323563808,9.87281328010286,Default,5,lh
7Networks_LH_Default_pCunPCC_10-lh,25.96169444297339,0.7961423858357055,0.567186888234028,0.9735673857828928,-6.588370719831234,-65.35698311943113,41.11004371626185,Default,5,lh
7Networks_LH_Default_pCunPCC_11-lh,15.695952391568174,0.8579338496854768,0.5666197621886141,0.973538089616263,-9.608375015835986,-49.89139600278693,42.87779102531,Default,5,lh
7Networks_LH_Default_pCunPCC_2-lh,21.683043991138135,0.8017778291245476,0.5675526257540237,0.9738641495695927,-14.866669554486766,-60.69668681156851,18.4270290533182,Default,5,lh
7Networks_LH_Default_pCunPCC_3-lh,21.484505222339987,0.8199680313358079,0.5678634709693484,0.9738197706393211,-6.230428843991831,-53.625226098423205,20.401040892092848,Default,5,lh
7Networks_LH_Default_pCunPCC_4-lh,15.656516184624474,0.8836320798237891,0.5680230407023644,0.9738853836012861,-7.144000104211116,-39.999791068965166,24.702394852025563,Default,5,lh
7Networks_LH_Default_pCunPCC_5-lh,26.488134730490433,0.7997816826957198,0.5667405879745294,0.9736966832193541,-12.848342809016808,-67.21882176356384,31.45711292652562,Default,5,lh
7Networks_LH_Default_pCunPCC_6-lh,23.49011788285644,0.8137071283098217,0.5671144529577897,0.9736617021511479,-8.440695145454226,-59.159778443903754,29.89040256016107,Default,5,lh
7Networks_LH_Default_pCunPCC_7-lh,14.14763119407159,0.8792026341662696,0.5672698379001991,0.9737226643730205,-9.617677686207692,-43.13513911084125,32.795742717816644,Default,5,lh
7Networks_LH_Default_pCunPCC_8-lh,17.215131359066135,0.9040807817681729,0.5690179237382899,0.9740707529870457,-5.80797700204893,-31.030210894304556,37.64951986527735,Default,5,lh
7Networks_LH_Default_pCunPCC_9-lh,23.008852095742245,0.9175956980161912,0.5686520613050273,0.9740863683131841,-4.543543721866758,-14.642256637608945,37.24985080398193,Default,5,lh
7Networks_LH_DorsAttn_FEF_1-lh,14.967945064216343,0.9016298307476606,0.573377388895497,0.9746988854578008,-41.603642844625426,-4.8726245993290025,47.35213099844163,DorsAttn,2,lh
7Networks_LH_DorsAttn_FEF_2-lh,15.322139681795958,0.9145989454052621,0.5704568598636923,0.9742276671303067,-25.96934687170791,-0.002145646303285309,49.013399222344574,DorsAttn,2,lh
7Networks_LH_DorsAttn_FEF_3-lh,15.011776111348809,0.9164087830872094,0.5709428954193204,0.9741248361388396,-30.810203006767843,-8.154398130756022,47.397032978544274,DorsAttn,2,lh
7Networks_LH_DorsAttn_FEF_4-lh,16.471792618264654,0.9058260477742682,0.5699988472112139,0.9745455247636775,-19.954469982210707,5.006351691766845,57.32059775973144,DorsAttn,2,lh
7Networks_LH_DorsAttn_Post_1-lh,24.906787580720835,0.8791890336333118,0.5781915112097624,0.9763921386672036,-44.06776635077434,-40.49159082384726,-20.982619666586668,DorsAttn,2,lh
7Networks_LH_DorsAttn_Post_10-lh,18.229309581946264,0.8523934873653709,0.5666724759212692,0.9735256465342528,-26.646300322084706,-56.526175849424064,44.357719447264685,DorsAttn,2,lh
7Networks_LH_DorsAttn_Post_11-lh,15.788172394299647,0.882252721730656,0.5670704301357461,0.9735254313853674,-34.120084281541466,-38.165892373521146,43.684137618447856,DorsAttn,2,lh
7Networks_LH_DorsAttn_Post_12-lh,17.152722861928105,0.8613661673493074,0.568956835121706,0.9737482671951431,-33.11313992804464,-50.485371721579746,51.74668007865061,DorsAttn,2,lh
7Networks_LH_DorsAttn_Post_13-lh,26.422799808697015,0.7953051175213272,0.5682704159997142,0.9738815840208628,-14.989167801821624,-67.6397267744343,52.623141078886555,DorsAttn,2,lh
7Networks_LH_DorsAttn_Post_14-lh,22.580988577005986,0.8219427372136826,0.5689653568409366,0.9738935091024401,-25.44808543749827,-58.81182706352143,57.2058353206902,DorsAttn,2,lh
7Networks_LH_DorsAttn_Post_15-lh,20.77600530141381,0.8428109222860825,0.5683004535615743,0.9736694947953761,-11.334718687303967,-56.133424012381354,59.921293934636,DorsAttn,2,lh
7Networks_LH_DorsAttn_Post_16-lh,20.67079627967934,0.8285740860954627,0.5679820376199571,0.9735580501704365,-20.836089485559334,-53.871132154651235,60.84087648156549,DorsAttn,2,lh
7Networks_LH_DorsAttn_Post_17-lh,21.418484630202116,0.8478269676476131,0.5707976053257905,0.9741688764359118,-15.274555009222567,-49.17989872900167,68.31696756501545,DorsAttn,2,lh
7Networks_LH_DorsAttn_Post_2-lh,23.522924967341496,0.8740155199539131,0.5785077370399858,0.9763796217623092,-46.49037508462965,-52.72023581411219,-14.036187841882299,DorsAttn,2,lh
7Networks_LH_DorsAttn_Post_3-lh,16.398848518500596,0.8899968520206519,0.5807948214782434,0.9768058115314769,-51.59858539211411,-60.29363788044817,-3.1641376485548904,DorsAttn,2,lh
7Networks_LH_DorsAttn_Post_4-lh,14.142990494105414,0.8752866836043965,0.5743382171323327,0.9755133888925307,-44.844641882237326,-67.26428501316741,10.506211456407225,DorsAttn,2,lh
7Networks_LH_DorsAttn_Post_5-lh,23.854188193415265,0.8122250104385493,0.567202044451461,0.9738740432288355,-26.141969740279784,-68.28621909494062,26.330720279469837,DorsAttn,2,lh
7Networks_LH_DorsAttn_Post_6-lh,17.769347897008707,0.8951978469887227,0.5707631577508986,0.9744671212089091,-50.3720711323486,-34.48558838171944,38.32125892969454,DorsAttn,2,lh
7Networks_LH_DorsAttn_Post_7-lh,20.241228627060224,0.8331731017906381,0.567089135594366,0.9735624528884865,-23.05570057014356,-62.69168079503484,41.502603239102946,DorsAttn,2,lh
7Networks_LH_DorsAttn_Post_8-lh,17.612073639723192,0.8989806909719459,0.567645513466398,0.973857496580744,-41.075178963355285,-30.204871953332447,37.897136486704824,DorsAttn,2,lh
7Networks_LH_DorsAttn_Post_9-lh,15.108237869613907,0.885663663367521,0.5669930826654338,0.973669419598822,-33.084350404361956,-47.01983548480265,37.46983894126602,DorsAttn,2,lh
7Networks_LH_DorsAttn_PrCv_1-lh,19.06345286856419,0.9059415525535331,0.572696250479899,0.9746602955255657,-47.22886584810357,4.277604007853117,23.504537269843752,DorsAttn,2,lh
7Networks_LH_DorsAttn_PrCv_2-lh,16.68417095971636,0.8957047936270475,0.5736231483666199,0.9748985471920913,-48.712443320020554,-0.9487729829248241,35.82210860725853,DorsAttn,2,lh
7Networks_LH_Limbic_OFC_1-lh,44.77181560201171,0.9075897828980439,0.5763888836166813,0.9760102596776475,-14.060062265296072,21.902016596868634,-18.30890859928649,Limbic,3,lh
7Networks_LH_Limbic_OFC_2-lh,42.452526825449446,0.9067378237847454,0.5768773312235684,0.9760871306457031,-23.31483175202402,22.277196577721124,-17.10118514479501,Limbic,3,lh
7Networks_LH_Limbic_OFC_3-lh,48.11469667163085,0.9143392653747761,0.5747153370344028,0.9755363819778816,-11.115581698359692,42.9654712046402,-20.19194741750244,Limbic,3,lh
7Networks_LH_Limbic_OFC_4-lh,47.06727870155613,0.9075922520203552,0.574670890495013,0.9758259026763512,-6.117458251906158,21.031320483506292,-16.582632709671802,Limbic,3,lh
7Networks_LH_Limbic_OFC_5-lh,45.184006910102696,0.8841401894433324,0.5792407373965274,0.9760209232179189,-15.66855570027894,59.0643887317658,-7.201232619335464,Limbic,3,lh
7Networks_LH_Limbic_TempPole_1-lh,36.12300184247181,0.8684909148633522,0.5823566459323753,0.9767367505126007,-40.008562013107905,-6.54361246149151,-37.97392615001124,Limbic,3,lh
7Networks_LH_Limbic_TempPole_2-lh,44.66041595378007,0.9037521465444778,0.5758574351842036,0.97594086531536,-29.607019075940464,3.238472066642585,-36.43258019480758,Limbic,3,lh
7Networks_LH_Limbic_TempPole_3-lh,33.084898842480236,0.8854068800739598,0.5779160431939022,0.9762091798874043,-28.0686940646006,-10.515432676507368,-31.777946417116453,Limbic,3,lh
7Networks_LH_Limbic_TempPole_4-lh,27.520888049743192,0.8777648024935886,0.5811501032163181,0.9766725499653005,-50.80807143963728,-23.456263839754065,-30.15012667795195,Limbic,3,lh
7Networks_LH_Limbic_TempPole_5-lh,28.730457487082877,0.8975864090472154,0.5761584453345189,0.9759283237665798,-40.28404272523605,-22.40277678679882,-24.30545621448093,Limbic,3,lh
7Networks_LH_Limbic_TempPole_6-lh,33.68012333929681,0.8993646149956889,0.5777629604048721,0.9760708894855834,-45.786294547875805,6.328710552733584,-29.771380037410097,Limbic,3,lh
7Networks_LH_Limbic_TempPole_7-lh,36.20192041522469,0.9140978425575791,0.5741427276588468,0.97569910799962,-35.49670711888567,5.130640647540165,-28.456945747703962,Limbic,3,lh
7Networks_LH_Limbic_TempPole_8-lh,25.65036146925973,0.8815792735559731,0.5770166149551069,0.976120849891369,-22.61813603386598,-22.201365062522385,-24.528874233477605,Limbic,3,lh
7Networks_LH_SalVentAttn_FrOperIns_1-lh,29.81841889313642,0.9207926606203314,0.5727632304845549,0.9754009979223867,-45.18159460355852,-3.4188466248221445,-17.44925534249327,SalVentAttn,3,lh
7Networks_LH_SalVentAttn_FrOperIns_2-lh,26.583487929857547,0.9214375759654392,0.5716116756850487,0.9747453614451865,-36.092786239230925,-0.14282099074255838,-6.718680682945798,SalVentAttn,3,lh
7Networks_LH_SalVentAttn_FrOperIns_3-lh,30.969516467226228,0.9050080108112398,0.5720095966622029,0.9747037622022049,-30.519674086365207,26.42326987894445,-0.4829546711604555,SalVentAttn,3,lh
7Networks_LH_SalVentAttn_FrOperIns_4-lh,28.18583973664103,0.9171080889758789,0.5697447841339923,0.9749477238918602,-38.122878857976914,-16.981779080433128,-4.792229866487667,SalVentAttn,3,lh
7Networks_LH_SalVentAttn_FrOperIns_5-lh,24.90800064893948,0.9078087386859575,0.5712426596842805,0.9741752207372649,-32.31017820236057,19.66180677873769,9.311800713373367,SalVentAttn,3,lh
7Networks_LH_SalVentAttn_FrOperIns_6-lh,21.288030325153745,0.9222010134887211,0.5703317558946908,0.974154184173391,-35.28943294632723,4.929825485190969,11.368380454196423,SalVentAttn,3,lh
7Networks_LH_SalVentAttn_FrOperIns_7-lh,24.16919488657835,0.9155276045737414,0.5738909337650232,0.975092121639759,-44.62366701492409,11.748556231009209,5.2050868099450875,SalVentAttn,3,lh
7Networks_LH_SalVentAttn_FrOperIns_8-lh,22.795971614065675,0.9128664388458904,0.5760664065772607,0.9753393790401169,-50.89108623276099,0.7058502798564388,6.796441643028674,SalVentAttn,3,lh
7Networks_LH_SalVentAttn_FrOperIns_9-lh,20.041879011308747,0.9156007291055019,0.5753136309364271,0.9752947458045251,-49.96572895316591,7.949703081703346,12.50949196530858,SalVentAttn,3,lh
7Networks_LH_SalVentAttn_Med_1-lh,21.36803575872931,0.9203678850071537,0.5682318072613506,0.9737728838339683,-9.7989397224644,19.02593928978696,31.899253939934674,SalVentAttn,3,lh
7Networks_LH_SalVentAttn_Med_2-lh,18.726450629407474,0.9211335137139304,0.5681550456401846,0.9740850578942063,-9.128736888010819,0.5730238740388957,40.04978220616504,SalVentAttn,3,lh
7Networks_LH_SalVentAttn_Med_3-lh,17.544792358569737,0.9195287775398729,0.5692985691114797,0.9741268507861353,-13.827261214977817,-24.640372779808544,39.92721813681879,SalVentAttn,3,lh
7Networks_LH_SalVentAttn_Med_4-lh,19.186634944562716,0.9119720182073336,0.5679807970577793,0.9740021208241157,-9.88332422122187,8.061285190359644,47.15841930541557,SalVentAttn,3,lh
7Networks_LH_SalVentAttn_Med_5-lh,15.425991714133612,0.8858569928133458,0.5668747788142149,0.9735272723249598,-15.469697962056198,-39.917750736750456,44.754262029095635,SalVentAttn,3,lh
7Networks_LH_SalVentAttn_Med_6-lh,19.360294731147743,0.855861007559283,0.5680885894396015,0.9737031995821093,-10.129832926808753,-48.91972201734825,55.95170092457628,SalVentAttn,3,lh
7Networks_LH_SalVentAttn_Med_7-lh,14.605512661786843,0.9096453471714961,0.5718287712216173,0.9746479828954548,-10.893570640000512,-5.094162641790002,65.93495959718825,SalVentAttn,3,lh
7Networks_LH_SalVentAttn_PFCl_1-lh,22.96897562917536,0.8979479653939743,0.5733107890602351,0.9746548957348194,-29.990098208386815,37.72480283509445,23.967933466048102,SalVentAttn,3,lh
7Networks_LH_SalVentAttn_ParOper_1-lh,18.864030454525345,0.8791071770261365,0.5710554044272549,0.9747628375165839,-51.56367033769249,-34.98286242075757,23.21750361940081,SalVentAttn,3,lh
7Networks_LH_SalVentAttn_ParOper_2-lh,15.546507825350353,0.8821825586468077,0.5746606118273389,0.9754868849367839,-55.449250401497565,-46.388308659701025,25.636013528847762,SalVentAttn,3,lh
7Networks_LH_SalVentAttn_ParOper_3-lh,15.755965460999896,0.9061686464704092,0.5717614882168841,0.9747900793987916,-57.46750573063284,-25.581208659229134,29.20339095575777,SalVentAttn,3,lh
7Networks_LH_SalVentAttn_ParOper_4-lh,16.148238074069774,0.8894508708642002,0.5745661354451246,0.9752826103184894,-57.667350665054805,-37.01216649218388,34.18445929976329,SalVentAttn,3,lh
7Networks_LH_SalVentAttn_TempOcc_1-lh,15.87456705618742,0.8895976202792427,0.5768770828488945,0.9760243086409472,-51.71449360382107,-54.68387471627666,6.292897528702567,SalVentAttn,3,lh
7Networks_LH_SomMot_1-lh,22.48391518540346,0.8972172124584128,0.5717585402727057,0.974943296815995,-49.84483707454514,-14.932317744031073,-0.9422418915148322,SomMot,1,lh
7Networks_LH_SomMot_10-lh,19.050176601925415,0.8884960267401821,0.5705980375443126,0.9746945847041204,-48.57228689923369,-24.829529584925563,19.92793483104919,SomMot,1,lh
7Networks_LH_SomMot_11-lh,16.94909831457604,0.8989502163494383,0.5735630098295935,0.9750230076139546,-58.084395753698296,-18.95986579861251,20.161383072613237,SomMot,1,lh
7Networks_LH_SomMot_12-lh,16.50615612494425,0.9143088870648703,0.574752175962354,0.9750748705396906,-56.7268442768785,-5.20643108877494,22.370655688169798,SomMot,1,lh
7Networks_LH_SomMot_13-lh,15.274510822229086,0.9212909977895559,0.574022123548308,0.9750205302872671,-60.269855526718345,-12.9184497838267,30.319311705548404,SomMot,1,lh
7Networks_LH_SomMot_14-lh,16.980873893670456,0.9167324207540227,0.5705102759302199,0.9742996888893889,-49.5941002994499,-10.846647743176058,28.039739914123118,SomMot,1,lh
7Networks_LH_SomMot_15-lh,15.33957009959187,0.8968098170541573,0.5720446694522949,0.9746371339997011,-51.8380428761081,-22.900283099991867,37.0493990654136,SomMot,1,lh
7Networks_LH_SomMot_16-lh,16.050448722352275,0.909633329088078,0.5715227902376102,0.9743972028654873,-47.875649962725994,-8.760205781792196,39.60923766582695,SomMot,1,lh
7Networks_LH_SomMot_17-lh,16.164762066019758,0.9062849752127521,0.5691886925791093,0.9739443957533781,-45.53369466554035,-19.06268638265612,37.05294360243879,SomMot,1,lh
7Networks_LH_SomMot_18-lh,18.098938642211795,0.9260837012989402,0.5694568231792033,0.9741808395861211,-10.800108197814987,-13.440786213565818,46.51202453928383,SomMot,1,lh
7Networks_LH_SomMot_19-lh,15.899285302764156,0.9069776232926859,0.570288901952539,0.9739463317537826,-37.5606653048054,-15.299751833133788,44.24049030090925,SomMot,1,lh
7Networks_LH_SomMot_2-lh,20.614296575104376,0.8864110291906582,0.5706009708145449,0.9748778011215415,-54.995902845425405,-24.161641692493806,3.6696806318520143,SomMot,1,lh
7Networks_LH_SomMot_20-lh,14.526081764189552,0.899918936248435,0.5724661877425647,0.9745720200599872,-46.55444739405446,-20.946260959822304,51.891830488469225,SomMot,1,lh
7Networks_LH_SomMot_21-lh,14.596486580526449,0.8934442661854733,0.5720181658336734,0.9747407111878702,-44.675989572844735,-29.329503769875142,53.86794881882731,SomMot,1,lh
7Networks_LH_SomMot_22-lh,18.596453677690334,0.8841220373088974,0.5695164941422771,0.9741023095225375,-36.441130481496124,-25.588589617777206,47.71199838103417,SomMot,1,lh
7Networks_LH_SomMot_23-lh,12.877575289285899,0.9008709194564705,0.5684594494451507,0.9738189764210361,-12.040251710425876,-35.799544466227104,52.99795961205458,SomMot,1,lh
7Networks_LH_SomMot_24-lh,14.965443489001043,0.922320692996081,0.5703207948923636,0.9743019148128499,-7.594318930428512,-23.650136483040185,54.65435371688097,SomMot,1,lh
7Networks_LH_SomMot_25-lh,18.206789199742616,0.9188153836805509,0.5692056534857636,0.9742187502591506,-7.191353969961062,-9.343187091704833,56.93388145088693,SomMot,1,lh
7Networks_LH_SomMot_26-lh,13.581451658440685,0.8804373288556903,0.5719207074452151,0.9740745325807779,-34.03063116501866,-18.903733896895016,58.803625540245136,SomMot,1,lh
7Networks_LH_SomMot_27-lh,19.748816628296193,0.8405857074133044,0.5674990841691683,0.9736827795696353,-29.231075968691513,-45.75288564508951,57.04653111182461,SomMot,1,lh
7Networks_LH_SomMot_28-lh,14.447495079662556,0.8779244775403907,0.5709831384639624,0.9741112058697522,-33.34377910445134,-29.638158403337002,57.63992911080519,SomMot,1,lh
7Networks_LH_SomMot_29-lh,16.834295659692057,0.8560614692257468,0.5695852667949619,0.9739543040205065,-29.646519166511176,-35.315671325629985,59.510021526741504,SomMot,1,lh
7Networks_LH_SomMot_3-lh,20.99244327445986,0.9026287545662538,0.5676091229359936,0.9741573477074807,-35.560778106056794,-25.247177026989892,7.393435338805622,SomMot,1,lh
7Networks_LH_SomMot_30-lh,14.76405832102765,0.9095539441023106,0.571513486579594,0.9744190637147851,-25.73572183643533,-13.090632146894775,58.763960362700324,SomMot,1,lh
7Networks_LH_SomMot_31-lh,12.720265542585048,0.9139215825463823,0.5715207320967,0.9742380380703107,-21.169599772010947,-25.09073267745621,59.56675752851309,SomMot,1,lh
7Networks_LH_SomMot_32-lh,15.52721401292603,0.87878921407121,0.5698480783988346,0.9740102517728004,-10.898743647786294,-41.41513471385873,67.49863246539988,SomMot,1,lh
7Networks_LH_SomMot_33-lh,13.242538130204675,0.9246839107282295,0.5723252361687199,0.9747826542983854,-6.52918150495987,-25.956416564081913,66.45343481549915,SomMot,1,lh
7Networks_LH_SomMot_34-lh,13.579489122598815,0.8972745458090204,0.5745677653238908,0.9750752556697502,-15.954936411384093,-14.733885170815713,66.59026625375765,SomMot,1,lh
7Networks_LH_SomMot_35-lh,11.941484925855159,0.8939183608169436,0.5716811929216405,0.9741175464666053,-19.119080725167336,-32.698092968756555,63.47145845874304,SomMot,1,lh
7Networks_LH_SomMot_36-lh,18.872262676989077,0.8766553744260347,0.5705572736325777,0.9741899940530141,-19.472607343206167,-39.06264032263769,66.61512701692543,SomMot,1,lh
7Networks_LH_SomMot_37-lh,12.270622064782394,0.9162402145237283,0.5728686211428061,0.974625201122265,-12.281569181654737,-28.22106984501305,67.00998627740866,SomMot,1,lh
7Networks_LH_SomMot_4-lh,21.06632152881048,0.9107873476128807,0.5691332196275178,0.9742550223634149,-37.331802807952634,-8.360631648976392,13.745587528449137,SomMot,1,lh
7Networks_LH_SomMot_5-lh,19.468222298164473,0.8980162617070032,0.5673887704070403,0.9739341514906158,-35.66290769173681,-26.76236146485792,18.780705501370072,SomMot,1,lh
7Networks_LH_SomMot_6-lh,20.118235042060242,0.8705172276116775,0.575406149623653,0.9756015124305611,-57.52310742962064,-38.939930436683824,12.722176938237741,SomMot,1,lh
7Networks_LH_SomMot_7-lh,20.72856667698404,0.8792079141471956,0.5685086946458765,0.974244377546341,-41.0098968771662,-35.95079331789922,12.270632916216812,SomMot,1,lh
7Networks_LH_SomMot_8-lh,20.044239111663323,0.8936614392065616,0.5713391295309254,0.974831575763865,-47.94891592588132,-13.19385568455882,16.045081985851326,SomMot,1,lh
7Networks_LH_SomMot_9-lh,19.21985926501188,0.9004773865783204,0.5770650443897325,0.9757100961963421,-58.4099892526865,-4.432136377026131,12.069538710507707,SomMot,1,lh
7Networks_LH_Vis_1-lh,23.095159952125993,0.8915162262614446,0.5758154981376207,0.9759661850192198,-33.12346240300596,-41.69758871803728,-20.917689757484,Vis,1,lh
7Networks_LH_Vis_10-lh,28.6192092027655,0.796879722563116,0.5757601441978148,0.9755770292033745,-15.52142486108478,-62.634500818183795,-5.11131545103578,Vis,1,lh
7Networks_LH_Vis_11-lh,32.300049918389874,0.7945300898706119,0.579827137549779,0.9763592437778444,-9.538788466945478,-77.2623528974305,-4.987916480099094,Vis,1,lh
7Networks_LH_Vis_12-lh,25.50329885214443,0.7728135830886508,0.5889990468277794,0.9774703732620119,-24.372305835021173,-95.3682271194826,-11.00493672451717,Vis,1,lh
7Networks_LH_Vis_13-lh,21.189031021338092,0.899432616934643,0.5693001230742061,0.9744435576722681,-15.544132206924518,-45.04778216362825,-4.190698164233166,Vis,1,lh
7Networks_LH_Vis_14-lh,16.5959877789189,0.8170647028614836,0.5885673905509142,0.9774491194465483,-38.223451123024255,-85.44266116274684,-5.456915927511275,Vis,1,lh
7Networks_LH_Vis_15-lh,25.5467562271656,0.8194878599044644,0.5860676113682655,0.977286548178789,-11.531171991606374,-96.57647390981134,-3.0718975917166405,Vis,1,lh
7Networks_LH_Vis_16-lh,20.391549150013198,0.8415948821999821,0.5718484329474429,0.9748761111295644,-16.95543139935586,-58.72304243446171,-0.10791152992408279,Vis,1,lh
7Networks_LH_Vis_17-lh,14.520637631625958,0.8830515726817337,0.5797172840986922,0.9764312238980046,-42.509967387833406,-72.48143537547261,1.7885814928492918,Vis,1,lh
7Networks_LH_Vis_18-lh,32.956902101804964,0.8186351311641274,0.5784618544916054,0.9763405399058258,-8.705984785230559,-87.75338412994898,3.8500763232362267,Vis,1,lh
7Networks_LH_Vis_19-lh,31.781643974568674,0.8211608529071949,0.5788352647812697,0.9760690677579356,-24.833119100336223,-93.11056962395286,3.4931407443234597,Vis,1,lh
7Networks_LH_Vis_2-lh,23.942963427555625,0.9081906561486699,0.5726982183018099,0.9754467409146446,-32.35818239356246,-34.64806423687266,-17.09845192011139,Vis,1,lh
7Networks_LH_Vis_20-lh,19.77045561262752,0.8671907808998894,0.5692903401815544,0.9743396518571403,-15.007232462189027,-50.8632948508068,4.832464175672854,Vis,1,lh
7Networks_LH_Vis_21-lh,30.411493794840062,0.8212414477747072,0.5725473863125657,0.9751634001122146,-11.15208075559735,-76.13221531385904,7.979047428407184,Vis,1,lh
7Networks_LH_Vis_22-lh,19.84930447614763,0.823967330617528,0.5722128180834304,0.9748791634098791,-22.283446853304042,-66.55238282830356,6.504356160671477,Vis,1,lh
7Networks_LH_Vis_23-lh,22.008423167544315,0.831194384040732,0.576055871069394,0.9756213243092491,-37.42996851015605,-81.68026867599768,9.872763125888403,Vis,1,lh
7Networks_LH_Vis_24-lh,29.71299617076732,0.8230018434512766,0.5773452309249667,0.9759039645506988,-14.44325272358306,-95.80447243422455,14.090348853619757,Vis,1,lh
7Networks_LH_Vis_25-lh,37.24317987348744,0.7854499931786905,0.5713615446445559,0.9746794437295172,-5.8111221931251205,-84.342577341459,22.62707833781604,Vis,1,lh
7Networks_LH_Vis_26-lh,29.444635960960973,0.81214778657431,0.5691211649947238,0.9743610298338469,-14.81314727800778,-72.12093964695765,18.588559115266683,Vis,1,lh
7Networks_LH_Vis_27-lh,26.135771906133904,0.8179545590639258,0.5717243823568197,0.9749183742925015,-26.687798578322703,-82.80031935061827,15.38788063226733,Vis,1,lh
7Networks_LH_Vis_28-lh,28.22818911335649,0.8054161504299389,0.5734620468906053,0.9750827197452563,-34.63274027213795,-80.42841307989514,22.230069634075686,Vis,1,lh
7Networks_LH_Vis_29-lh,37.23001161463605,0.7762147620785147,0.5702655923186581,0.9744908064256745,-16.41751432558904,-86.8839057306155,27.487523370531,Vis,1,lh
7Networks_LH_Vis_3-lh,24.64260870094317,0.8465385987482327,0.5774168504982823,0.9761802360564386,-36.526266463901386,-60.60588947258705,-17.273717081128073,Vis,1,lh
7Networks_LH_Vis_30-lh,33.34086131873942,0.755379780304204,0.5675911824062397,0.9739569134165165,-14.746121890504906,-79.86642779875906,32.15782284290749,Vis,1,lh
7Networks_LH_Vis_31-lh,27.489802234915995,0.7974959631390035,0.5678943841335065,0.9739474981345221,-20.01418758172003,-76.33999278241734,37.465512380589665,Vis,1,lh
7Networks_LH_Vis_4-lh,22.903604055364898,0.8632049949452159,0.5726786591118246,0.9753825558247329,-27.57475596495825,-54.584220985868086,-8.114055094230382,Vis,1,lh
7Networks_LH_Vis_5-lh,24.827795452257174,0.8058588929908894,0.5814074715206147,0.9764978235650132,-25.56491407752037,-73.3112882822752,-8.489302766819796,Vis,1,lh
7Networks_LH_Vis_6-lh,18.25586419316197,0.8232598411168501,0.5873684641402693,0.9773594806294998,-34.30064677746153,-80.52331850614766,-14.17281625392309,Vis,1,lh
7Networks_LH_Vis_7-lh,22.50304515687649,0.9114118543104622,0.570643134991577,0.9749742621340494,-20.176316531498337,-37.70958519272493,-11.064053638063518,Vis,1,lh
7Networks_LH_Vis_8-lh,16.978184225374033,0.859909918929106,0.5841495197294442,0.9770820989216843,-42.100306866736375,-69.0706103979004,-8.622319709699587,Vis,1,lh
7Networks_LH_Vis_9-lh,27.275303820509844,0.7901740306639465,0.5872001442841462,0.9772599607959179,-17.83488857537726,-87.88344799328111,-10.33359184993986,Vis,1,lh
7Networks_RH_Cont_Cing_1-rh,22.173322835847912,0.9038346006573932,0.56831221257318,0.9740538250347842,6.654393975197043,-25.27282804182572,29.487439656130427,Cont,4,rh
7Networks_RH_Cont_Cing_2-rh,24.521873469282262,0.9171013743227584,0.567870098967037,0.9739422165175697,5.7514592502907895,-0.3812984456947982,31.393431851067728,Cont,4,rh
7Networks_RH_Cont_PFCl_1-rh,47.19228105588699,0.8936461473422331,0.5775229435990936,0.9754756941426401,26.81849762657875,50.82022706729573,-10.892299220384377,Cont,4,rh
7Networks_RH_Cont_PFCl_10-rh,19.52344820188742,0.9042203839027091,0.5692539482873386,0.9736475220459208,34.84737877644299,11.497757851020571,31.040315393965212,Cont,4,rh
7Networks_RH_Cont_PFCl_11-rh,20.534318893788807,0.879362053310675,0.5734295433952599,0.974652913046214,36.22321508648596,28.96480358960829,35.08867203464803,Cont,4,rh
7Networks_RH_Cont_PFCl_12-rh,17.823739476788216,0.891378652970753,0.5716635077282826,0.9742811022043147,39.28717842423602,19.82195463864819,39.21965182219681,Cont,4,rh
7Networks_RH_Cont_PFCl_13-rh,21.297906931990948,0.8958238754403283,0.5720726346026381,0.9745229750190176,39.220301392634354,6.920277563888463,45.77582914198461,Cont,4,rh
7Networks_RH_Cont_PFCl_14-rh,17.702574902101244,0.9056507532836139,0.5715270658840423,0.9744973795418868,34.34455298663837,14.824635781087276,49.87405172713828,Cont,4,rh
7Networks_RH_Cont_PFCl_15-rh,18.15649200196492,0.9162504797486126,0.5696875903264934,0.9742523107153813,23.2498791468733,7.885743201478856,52.17263919039572,Cont,4,rh
7Networks_RH_Cont_PFCl_2-rh,38.32730598974186,0.8586639242421815,0.5802266378444283,0.9756793497507081,40.31157045378157,46.15447655265783,-3.896793746512927,Cont,4,rh
7Networks_RH_Cont_PFCl_3-rh,37.50397077948874,0.8776780706685301,0.5773590825703646,0.9753819556767337,27.173046654958444,52.16833528448407,3.0893337250136432,Cont,4,rh
7Networks_RH_Cont_PFCl_4-rh,30.24546719364037,0.8717130388449656,0.577997819724325,0.9753324838948643,44.72097128602443,34.91447347350814,4.602054365440727,Cont,4,rh
7Networks_RH_Cont_PFCl_5-rh,28.079281644196275,0.8653973598826131,0.5759180796634794,0.9749120148495085,38.500592519160534,40.92467474199774,14.764885139336364,Cont,4,rh
7Networks_RH_Cont_PFCl_6-rh,23.980539715252057,0.8733080823293186,0.5750452711836815,0.9747781976617002,44.20416911391063,28.064097767048896,16.029124692680533,Cont,4,rh
7Networks_RH_Cont_PFCl_7-rh,22.023044213229447,0.8885054458949223,0.5726937603952371,0.974396523241612,42.02085528443693,18.797566434513392,21.154990662126426,Cont,4,rh
7Networks_RH_Cont_PFCl_8-rh,31.235436435939633,0.897778248593101,0.5726320389099127,0.9747305580333466,24.187250020283276,47.33774513249296,21.997070225596815,Cont,4,rh
7Networks_RH_Cont_PFCl_9-rh,19.765546074968444,0.8841595901589236,0.5742054606554373,0.9746290873829997,44.50692862678224,27.585470102703535,26.789346781487648,Cont,4,rh
7Networks_RH_Cont_PFCmp_1-rh,26.55906407117603,0.9129845260117654,0.5689619541033165,0.9740411857527927,11.271244635737867,31.50846499527576,25.752592247852398,Cont,4,rh
7Networks_RH_Cont_PFCmp_2-rh,23.11020685641402,0.9042512908415632,0.5693456404096013,0.9741433096509161,7.975966781053084,25.67806593754968,46.51491470906512,Cont,4,rh
7Networks_RH_Cont_PFCv_1-rh,34.596945852762836,0.9131084857590903,0.5719778813730281,0.9751153368208635,31.589197073568275,21.634269142853302,-5.90980362532498,Cont,4,rh
7Networks_RH_Cont_Par_1-rh,17.107636454513717,0.862063649954674,0.5743519646318894,0.9752702358931146,49.058432316129235,-55.80668911958734,40.27093690552417,Cont,4,rh
7Networks_RH_Cont_Par_2-rh,16.492541546269887,0.8685026713842277,0.5716909077611059,0.9746985710333468,50.799714371562004,-46.76864513754845,38.722525388002396,Cont,4,rh
7Networks_RH_Cont_Par_3-rh,29.734289914720286,0.8086313078398311,0.5694291550779093,0.9742510685104244,33.42874026696744,-66.4467973313455,40.68205389354763,Cont,4,rh
7Networks_RH_Cont_Par_4-rh,15.21660954739473,0.8787482342574264,0.5713260258061096,0.9745413282518391,49.16773095247756,-38.35918093713465,42.01235186884816,Cont,4,rh
7Networks_RH_Cont_Par_5-rh,17.589409404197692,0.8555303730305078,0.5695865040099157,0.9743607807460686,43.09716927749452,-48.99235039866015,38.730350913785735,Cont,4,rh
7Networks_RH_Cont_Par_6-rh,22.434001267322515,0.8256124915223734,0.5700341566522,0.9743624163571735,37.98904658043793,-57.63656415602402,42.10644100139954,Cont,4,rh
7Networks_RH_Cont_Temp_1-rh,24.500247705039246,0.8733595501903472,0.5791237074793267,0.9766007376294329,56.67548289542402,-34.86688990257934,-18.546782459279616,Cont,4,rh
7Networks_RH_Cont_Temp_2-rh,18.429054969245627,0.8479869608465094,0.5827756331343461,0.9770433000640302,58.256486687861695,-46.378575354604656,-9.505295895636868,Cont,4,rh
7Networks_RH_Cont_pCun_1-rh,35.80364713559466,0.7920048389037554,0.5663609783274712,0.9736606095009356,13.466540722020314,-68.97617072254592,37.14413676583181,Cont,4,rh
7Networks_RH_Cont_pCun_2-rh,30.97414364119373,0.7910467775995416,0.5672153179907656,0.9735751897420752,7.852201057657895,-62.190376946654105,43.46496327159781,Cont,4,rh
7Networks_RH_Default_PFCdPFCm_1-rh,42.94608478578512,0.9207704760128769,0.572508375396623,0.9751802082315697,8.6118453337066,37.08040380382492,-9.297955743288014,Default,5,rh
7Networks_RH_Default_PFCdPFCm_10-rh,22.928732268610183,0.8973611938609716,0.5702634408529421,0.9743497217258142,24.693623709026724,29.88947093752878,37.63130825079445,Default,5,rh
7Networks_RH_Default_PFCdPFCm_11-rh,21.827165768299633,0.9082214292580494,0.5718980012244889,0.9748038204335885,12.757921536058403,35.46817772680757,48.59766440571141,Default,5,rh
7Networks_RH_Default_PFCdPFCm_12-rh,21.081852718557542,0.8957875314931133,0.5699601855230214,0.9741847097877375,22.334307318387594,19.675837353534828,47.567994683822626,Default,5,rh
7Networks_RH_Default_PFCdPFCm_13-rh,18.925019574977085,0.9099503314700592,0.5704635991585908,0.974525720385448,12.533816060894004,17.42013530487576,59.076576997590344,Default,5,rh
7Networks_RH_Default_PFCdPFCm_2-rh,40.93462691713248,0.887960168938413,0.5806110707400081,0.9761862606913574,11.455655616763943,61.857507951427934,1.634327021107254,Default,5,rh
7Networks_RH_Default_PFCdPFCm_3-rh,29.047518556780606,0.9205913745894666,0.5709462225396755,0.9745861120016951,11.086604564772198,38.99872597357784,5.650336926121573,Default,5,rh
7Networks_RH_Default_PFCdPFCm_4-rh,33.22782694872594,0.9064193326761,0.573095104502255,0.9750000039426494,10.946304478279469,49.57516123252764,14.449669609168001,Default,5,rh
7Networks_RH_Default_PFCdPFCm_5-rh,30.374217658823298,0.8942362196916609,0.5757579148989082,0.9753320784513305,16.92244860944949,58.501252387309194,16.274833785976064,Default,5,rh
7Networks_RH_Default_PFCdPFCm_6-rh,23.108934677888286,0.928629741408632,0.5681665096733339,0.9739644138134471,6.521936556797658,21.197980918661983,20.918819042625,Default,5,rh
7Networks_RH_Default_PFCdPFCm_7-rh,24.157567864713684,0.9049566058522751,0.5731752268565705,0.9745901676769853,8.563856353463086,52.6519797608122,29.366493691597974,Default,5,rh
7Networks_RH_Default_PFCdPFCm_8-rh,24.832201182097407,0.9100988242076746,0.5732434174958564,0.9748804139116385,17.46276493563696,46.55700766042043,33.01180371543731,Default,5,rh
7Networks_RH_Default_PFCdPFCm_9-rh,24.1633357644463,0.9140271975782255,0.5706031631052867,0.9744935072066744,8.093701712575486,40.50585298065209,37.711269751360476,Default,5,rh
7Networks_RH_Default_PFCv_1-rh,39.606344690666106,0.907324660102624,0.5759951266872658,0.9758741416795013,32.29503285734964,22.286920026826436,-15.333492482995846,Default,5,rh
7Networks_RH_Default_PFCv_2-rh,37.321975899140135,0.8872954517127997,0.575360244318444,0.9751455379033996,33.69415870917191,35.73511302547839,-10.02771390911901,Default,5,rh
7Networks_RH_Default_PFCv_3-rh,33.50364835102377,0.9138224358621124,0.5743884368242224,0.9754091089704257,46.30633978340245,32.05079049140998,-5.072106196546832,Default,5,rh
7Networks_RH_Default_PFCv_4-rh,25.603917264557705,0.8958562236128205,0.5766376426868498,0.9753674079925393,50.71605030493235,23.125186561388364,9.04514403944766,Default,5,rh
7Networks_RH_Default_Par_1-rh,16.004428031398344,0.8731909688943769,0.5707393571437731,0.9748094468122916,46.262068431824446,-48.7597706541419,16.681355418016512,Default,5,rh
7Networks_RH_Default_Par_2-rh,23.327752747586125,0.8148530751676301,0.5714735913839786,0.974827610823139,40.89926033027771,-65.7121846021686,20.078378885639886,Default,5,rh
7Networks_RH_Default_Par_3-rh,15.98927754538096,0.8635862795192132,0.5702839951337283,0.9746211954966164,46.73862093795649,-57.19350169409021,24.912585139553617,Default,5,rh
7Networks_RH_Default_Par_4-rh,17.20124321659874,0.8741619738770403,0.571305410022045,0.9748646580082128,52.09050543456579,-49.62564579900671,27.421346164583422,Default,5,rh
7Networks_RH_Default_Par_5-rh,22.54101959776744,0.8377025634092423,0.5728968593710149,0.9750630000341414,42.40429798878738,-65.90939738670612,38.229573218176,Default,5,rh
7Networks_RH_Default_Temp_1-rh,33.52642367594339,0.8871249756504427,0.5792661846198639,0.9763657028936708,51.33194893981104,0.004308584062968461,-29.560338197990998,Default,5,rh
7Networks_RH_Default_Temp_2-rh,31.463610239663193,0.8847236656254194,0.5801416931511896,0.976794086981209,59.05756906080049,-15.467672242208364,-21.9924000882264,Default,5,rh
7Networks_RH_Default_Temp_3-rh,32.561580459820604,0.90509264153999,0.5753951929643784,0.9757434452352642,49.60738681507463,7.659694572451507,-20.45167947606676,Default,5,rh
7Networks_RH_Default_Temp_4-rh,28.764553106705847,0.9093702209069353,0.5729770289878064,0.9756242599979977,52.958798540371234,-11.430707584212778,-13.897798551894471,Default,5,rh
7Networks_RH_Default_Temp_5-rh,24.38985600094795,0.8660195245206289,0.5781020809392483,0.9764725332040523,60.639633180559144,-30.9133624325889,-10.285578027021053,Default,5,rh
7Networks_RH_Default_Temp_6-rh,27.696315218336622,0.901325827979474,0.5706609152608975,0.9751874182572087,47.47251396992996,-26.267995994434266,-6.963241916349347,Default,5,rh
7Networks_RH_Default_Temp_7-rh,19.58733816267186,0.8592062095460394,0.5781187805732798,0.9760913497833313,59.604137406302485,-43.4347180744058,-2.840368901982607,Default,5,rh
7Networks_RH_Default_Temp_8-rh,19.651086245797465,0.875910304058824,0.5718326298302858,0.9751852904404701,47.668250549978225,-37.10290355252036,1.0908372323042952,Default,5,rh
7Networks_RH_Default_pCunPCC_1-rh,21.32392804840149,0.8308980397115168,0.5680658726034019,0.973974874075207,12.697787581967166,-54.751663329684504,15.086119539443064,Default,5,rh
7Networks_RH_Default_pCunPCC_2-rh,18.949962199752232,0.8640224561466431,0.5676644747538075,0.9739876038484618,7.892487325089795,-44.37681452416982,21.10028396172276,Default,5,rh
7Networks_RH_Default_pCunPCC_3-rh,23.545581997627323,0.8042999053945072,0.5669985196568037,0.9738724918817225,16.284992881729956,-62.99627446493164,27.903196844654005,Default,5,rh
7Networks_RH_Default_pCunPCC_4-rh,20.101240945028593,0.8303680599464976,0.5675622279665187,0.9738597476937756,7.447816522495932,-51.91139448392997,24.41164089786197,Default,5,rh
7Networks_RH_Default_pCunPCC_5-rh,24.267663436645517,0.8069533792237675,0.5673983094100042,0.973869904039422,6.411170249995054,-62.234849170584916,31.927673274021544,Default,5,rh
7Networks_RH_Default_pCunPCC_6-rh,16.71492170267329,0.8890134742225426,0.5677061074297879,0.9739049392808597,7.817013265671894,-38.64134116888181,35.7633935260357,Default,5,rh
7Networks_RH_Default_pCunPCC_7-rh,21.8561065994147,0.9081952949111367,0.5683245729495329,0.973999167785744,4.914213505214181,-18.921143797523808,37.24773982501129,Default,5,rh
7Networks_RH_Default_pCunPCC_8-rh,21.64637806372902,0.832603688269551,0.566989652965134,0.9738143199247901,12.999217428058106,-51.929234546200135,36.48988600367697,Default,5,rh
7Networks_RH_Default_pCunPCC_9-rh,20.051623260600014,0.8453158884883757,0.5679454008452152,0.9737856855807275,8.889625390156805,-49.2873996072589,45.212739312329816,Default,5,rh
7Networks_RH_DorsAttn_FEF_1-rh,14.796021498209873,0.8915676368150223,0.5721690620958021,0.9742530267370161,38.09755564474597,-4.342551977198982,48.81221786189567,DorsAttn,2,rh
7Networks_RH_DorsAttn_FEF_2-rh,16.59277149461666,0.914830585475302,0.5694265515879108,0.9739991448024661,26.116200083236745,-3.4246262965359135,47.726651645465964,DorsAttn,2,rh
7Networks_RH_DorsAttn_FEF_3-rh,15.01545931582282,0.9081018926071722,0.5701848341581425,0.974320160047816,21.159799073419286,-4.027190802186106,58.225623115866576,DorsAttn,2,rh
7Networks_RH_DorsAttn_Post_1-rh,23.095359709241553,0.8678135994690191,0.5780118342206237,0.9762971429241004,45.47563733454811,-52.82786945359054,-14.327007634087261,DorsAttn,2,rh
7Networks_RH_DorsAttn_Post_10-rh,24.163146634019423,0.8270795325110857,0.56736042851036,0.9736444315600526,27.32835148944157,-60.228999925976055,45.11468794668283,DorsAttn,2,rh
7Networks_RH_DorsAttn_Post_11-rh,16.999860520160194,0.8557329793854009,0.5670343529000791,0.9736861433105274,32.51764853827327,-47.90144695160801,40.181338198154286,DorsAttn,2,rh
7Networks_RH_DorsAttn_Post_12-rh,24.622738912101497,0.806606666070673,0.5684696143619683,0.9738126011141631,18.335120114738597,-65.71954495331077,48.99809675345204,DorsAttn,2,rh
7Networks_RH_DorsAttn_Post_13-rh,17.223005210009163,0.8712875261383314,0.567393258683552,0.9736917383510584,32.03264908346257,-38.81628157346328,46.014020893337126,DorsAttn,2,rh
7Networks_RH_DorsAttn_Post_14-rh,20.529057460999596,0.8421265029033701,0.5674378077636251,0.9735522033971895,31.046976032468347,-51.45908491039392,48.98049703705035,DorsAttn,2,rh
7Networks_RH_DorsAttn_Post_15-rh,39.886068309037995,0.7741743331431699,0.5696961127254653,0.9743337638342606,8.60586617328554,-68.002865333863,50.836819022736776,DorsAttn,2,rh
7Networks_RH_DorsAttn_Post_16-rh,19.347182465468027,0.8206468548754215,0.568583991127422,0.9737234227562559,24.65524496662589,-56.723456026547716,55.7855354070594,DorsAttn,2,rh
7Networks_RH_DorsAttn_Post_17-rh,18.396649211450104,0.8468065218823964,0.5698245396463895,0.9741438005922487,8.254611230831983,-54.08509692944779,57.527972226040966,DorsAttn,2,rh
7Networks_RH_DorsAttn_Post_18-rh,25.16147517220186,0.8081137721820123,0.5704643984725803,0.9743573339167336,12.64866486687483,-61.92046295260963,60.51539333715831,DorsAttn,2,rh
7Networks_RH_DorsAttn_Post_19-rh,18.742062965464832,0.8356729434312687,0.5686891362124955,0.9737717016126473,23.180326944991442,-50.39012424145522,61.57793123902899,DorsAttn,2,rh
7Networks_RH_DorsAttn_Post_2-rh,17.858021700538323,0.8894518855700397,0.5757026105616493,0.9758346548270431,53.150451739038964,-56.31939476669425,-1.0678054767094038,DorsAttn,2,rh
7Networks_RH_DorsAttn_Post_3-rh,19.85793356927639,0.876936165337477,0.5738347655070667,0.9755517248537626,47.225251902732644,-58.21663000191334,9.800635281479249,DorsAttn,2,rh
7Networks_RH_DorsAttn_Post_4-rh,28.486314700779353,0.7924992288249784,0.5736411862823078,0.9753792028758455,39.157150229299205,-75.15799914656179,29.66041722100147,DorsAttn,2,rh
7Networks_RH_DorsAttn_Post_5-rh,25.30243591788037,0.8161762500968673,0.5672143879852503,0.9739868038092021,28.658936883604856,-64.06152050156112,31.470659050509468,DorsAttn,2,rh
7Networks_RH_DorsAttn_Post_6-rh,14.528596149789607,0.8885703855987989,0.5715158939312012,0.9745954849464228,52.63739373458891,-29.435416322429568,40.77636108410602,DorsAttn,2,rh
7Networks_RH_DorsAttn_Post_7-rh,33.92905292987188,0.772924490671302,0.5676922239983794,0.9738474474869774,16.840835761589307,-74.25567759748768,43.75448874106594,DorsAttn,2,rh
7Networks_RH_DorsAttn_Post_8-rh,17.803038828431358,0.8678472312499368,0.5672614242119851,0.9739017661787972,36.351453201841544,-41.053280219345744,36.70963758913804,DorsAttn,2,rh
7Networks_RH_DorsAttn_Post_9-rh,15.978446650120913,0.8900358581140292,0.5681282767255688,0.9740537414407521,40.72197897319288,-30.853525210899868,39.78709513047951,DorsAttn,2,rh
7Networks_RH_DorsAttn_PrCv_1-rh,19.260180307498626,0.9072305669024244,0.5717992500773383,0.9744388356536643,45.992224759423145,5.110415286318708,24.234371561834738,DorsAttn,2,rh
7Networks_RH_Limbic_OFC_1-rh,47.693287161807575,0.9124348601405231,0.5767089433379897,0.9759991537196008,15.108259900477885,19.296582906936425,-18.313047028305927,Limbic,3,rh
7Networks_RH_Limbic_OFC_2-rh,45.01415054189377,0.9173713330928228,0.5768075884050647,0.975860407356999,23.04596171147891,21.113830130096023,-17.64892064126151,Limbic,3,rh
7Networks_RH_Limbic_OFC_3-rh,49.70410496637746,0.9337640580659547,0.573955400468018,0.97539999172601,10.309442219339491,40.018570358650045,-20.94836597734316,Limbic,3,rh
7Networks_RH_Limbic_OFC_4-rh,41.30074669817718,0.9303465299278352,0.5736948366348017,0.9754548950692958,19.447754323482513,39.503527399194375,-16.38445776541916,Limbic,3,rh
7Networks_RH_Limbic_OFC_5-rh,48.54284081489487,0.9142040811640831,0.5748727321461864,0.9758113047391987,6.99734275185189,20.999630787768044,-18.5330405958085,Limbic,3,rh
7Networks_RH_Limbic_OFC_6-rh,47.55166614901204,0.8912246544822072,0.5802993038757596,0.9762643332458965,10.912656506726918,57.64774575117505,-13.33752827823747,Limbic,3,rh
7Networks_RH_Limbic_TempPole_1-rh,33.7921191175419,0.9048676515543422,0.5757454362687691,0.9760778363130987,31.270494324355525,-4.381699450979024,-35.9545525922879,Limbic,3,rh
7Networks_RH_Limbic_TempPole_2-rh,34.37933208709776,0.8499425326007316,0.5842416855881764,0.9770817976748599,48.94728192101432,-11.827707966994751,-35.77804549810511,Limbic,3,rh
7Networks_RH_Limbic_TempPole_3-rh,41.067297152980785,0.9191725275297316,0.5754177976897212,0.9758652287899074,40.19357053833068,9.155653600298853,-34.96630235069803,Limbic,3,rh
7Networks_RH_Limbic_TempPole_4-rh,33.38400275616476,0.8857310474276185,0.5786001926161796,0.9763608031308466,40.081860692198596,-17.530604997880136,-26.7680626489651,Limbic,3,rh
7Networks_RH_Limbic_TempPole_5-rh,40.6754258372558,0.9300563508403883,0.5726187953261713,0.9755727690619874,33.544109682893776,5.6867261342431075,-30.091472333363185,Limbic,3,rh
7Networks_RH_Limbic_TempPole_6-rh,27.36227376681552,0.8675757860381016,0.5786337919058991,0.9764384789748769,47.91240135909796,-31.53613680058627,-23.522764274822233,Limbic,3,rh
7Networks_RH_Limbic_TempPole_7-rh,27.374877130915866,0.8827244864266006,0.5763708520226088,0.9761635787802638,24.253035907405526,-20.241071155285272,-24.736704620798783,Limbic,3,rh
7Networks_RH_SalVentAttn_FrOperIns_1-rh,33.41973985520972,0.9257417958259935,0.5715514169556684,0.9753148656853924,40.47035461803543,-1.5282134733920532,-15.695939466129731,SalVentAttn,3,rh
7Networks_RH_SalVentAttn_FrOperIns_2-rh,28.575627868177673,0.9213544721996929,0.5697623576679881,0.9746610479387507,36.32386584187178,7.106570341493105,-2.053861926563164,SalVentAttn,3,rh
7Networks_RH_SalVentAttn_FrOperIns_3-rh,30.653442648608124,0.9270620366121343,0.567945172499362,0.9745538022525894,38.57672890295853,-14.391651736522043,-5.159418677393801,SalVentAttn,3,rh
7Networks_RH_SalVentAttn_FrOperIns_4-rh,24.83989912117797,0.9191216178532368,0.569468321805185,0.9744013588316734,35.77207385429315,-0.3682866902886881,5.695565223604903,SalVentAttn,3,rh
7Networks_RH_SalVentAttn_FrOperIns_5-rh,27.115874778759217,0.9104096968059521,0.5715051498545913,0.9744021568412228,35.37778035747661,21.712915157556317,7.000685822929599,SalVentAttn,3,rh
7Networks_RH_SalVentAttn_FrOperIns_6-rh,22.44600629267956,0.9261117183806701,0.5698229554856545,0.9743042292901285,37.07868279647951,4.643339684705941,13.32578637246332,SalVentAttn,3,rh
7Networks_RH_SalVentAttn_FrOperIns_7-rh,24.375547149911394,0.9082396656795498,0.5733368474527643,0.9752069580438352,49.496391036186495,3.2852891680120155,6.880789584668211,SalVentAttn,3,rh
7Networks_RH_SalVentAttn_FrOperIns_8-rh,21.78636859987976,0.902823160956794,0.5752420104537843,0.975054168130553,50.68603519882475,9.851154993560646,12.928178741717014,SalVentAttn,3,rh
7Networks_RH_SalVentAttn_Med_1-rh,23.099728431396635,0.9141855783936532,0.5683994323000159,0.9738223208498469,9.943240987255441,15.966428801473837,35.58397215526529,SalVentAttn,3,rh
7Networks_RH_SalVentAttn_Med_2-rh,21.96056378204111,0.9169580076952089,0.5683233276169705,0.9739292337255777,9.669219375197923,0.020792446454310737,41.917342172510644,SalVentAttn,3,rh
7Networks_RH_SalVentAttn_Med_3-rh,16.26381740713614,0.8946300401716742,0.5678448783375745,0.9738269365373182,13.905468575386186,-33.064572781401594,39.97410143981326,SalVentAttn,3,rh
7Networks_RH_SalVentAttn_Med_4-rh,20.21221729059975,0.913853033992021,0.5686842070808874,0.9739965039233184,8.844060450454878,9.67879922098001,53.767495586172394,SalVentAttn,3,rh
7Networks_RH_SalVentAttn_Med_5-rh,18.31271744463184,0.8481086683252915,0.5680238938358809,0.9737951990013323,13.714355579675628,-45.24041235488846,51.61052595944512,SalVentAttn,3,rh
7Networks_RH_SalVentAttn_Med_6-rh,16.128305003775644,0.8914191464233587,0.5693349782750743,0.9738724099851399,12.829283276503835,-31.515484256324942,49.277822060717476,SalVentAttn,3,rh
7Networks_RH_SalVentAttn_Med_7-rh,16.41505352086566,0.9160184552333673,0.5699008939628041,0.9744441646090459,8.587795143370649,-3.0888511586308267,63.44160569181163,SalVentAttn,3,rh
7Networks_RH_SalVentAttn_Med_8-rh,16.40291870428912,0.9234578044776636,0.5708348906980573,0.9747820136259275,16.009622839500462,4.519984446788084,63.228749070253414,SalVentAttn,3,rh
7Networks_RH_SalVentAttn_PFCl_1-rh,25.676395953673833,0.8809830731035778,0.5732893928774558,0.9745154254781809,31.6697165185401,37.86424068851514,24.642990011856092,SalVentAttn,3,rh
7Networks_RH_SalVentAttn_PrC_1-rh,17.10564571429937,0.9037598707836908,0.5736615892660663,0.9747235536975681,46.66978221516623,0.4664256805016902,39.01274876972271,SalVentAttn,3,rh
7Networks_RH_SalVentAttn_TempOccPar_1-rh,15.57500606952662,0.8805056129131327,0.5750907231800191,0.9756547420216176,54.77938843828639,-50.96403294892022,6.265029663396806,SalVentAttn,3,rh
7Networks_RH_SalVentAttn_TempOccPar_2-rh,17.477236430962197,0.871714477063383,0.5714400296468001,0.9749339801741914,47.68488250942116,-42.26147791886904,10.439834092613854,SalVentAttn,3,rh
7Networks_RH_SalVentAttn_TempOccPar_3-rh,15.854628164227783,0.8783824502411254,0.5747534581070659,0.9754144691659685,56.55764481240042,-42.90121248233689,18.958555718362874,SalVentAttn,3,rh
7Networks_RH_SalVentAttn_TempOccPar_4-rh,15.952212206197958,0.8791492146892899,0.5722616282387475,0.9746596687117213,53.352318060209306,-35.88283111707927,23.078173100611203,SalVentAttn,3,rh
7Networks_RH_SalVentAttn_TempOccPar_5-rh,16.54075890840414,0.8858613088926494,0.5712846791236823,0.9746415884017741,55.72257894846254,-24.999594257094255,26.60648808834628,SalVentAttn,3,rh
7Networks_RH_SalVentAttn_TempOccPar_6-rh,14.24001968940396,0.8810020538274693,0.5716943471329455,0.9747012201443045,56.974914672468564,-32.622256250164064,35.501792124511795,SalVentAttn,3,rh
7Networks_RH_SalVentAttn_TempOccPar_7-rh,14.803015448491937,0.8819708614198268,0.5726627838912802,0.9749660622015032,55.63558204252821,-42.17857703510811,32.63858029911494,SalVentAttn,3,rh
7Networks_RH_SomMot_1-rh,26.89201765186996,0.910853975592748,0.573962859534397,0.975418618445778,54.25325144894819,-4.9435446032977275,-6.310106609387295,SomMot,1,rh
7Networks_RH_SomMot_10-rh,19.626000442018203,0.8901723641039553,0.5678877427952221,0.974213053441795,39.36710932344456,-31.61239337369606,17.75824169132423,SomMot,1,rh
7Networks_RH_SomMot_11-rh,22.274539757829725,0.8996935259764292,0.570847509778489,0.9749174381253484,49.55605374237571,-13.413906033754293,17.133145244296795,SomMot,1,rh
7Networks_RH_SomMot_12-rh,21.82529121836597,0.8978555518286959,0.5752481377808462,0.9755204466706939,57.4629711673448,-2.27419856024052,12.00421773104982,SomMot,1,rh
7Networks_RH_SomMot_13-rh,20.976870544860386,0.8865627673887778,0.56948443810163,0.9745448531875722,47.29124846659145,-23.957894064904174,20.117661383535182,SomMot,1,rh
7Networks_RH_SomMot_14-rh,21.35187710254944,0.88743522235012,0.5762545978875078,0.975822901800268,60.15022697725466,-14.62191897444427,18.258675121303117,SomMot,1,rh
7Networks_RH_SomMot_15-rh,18.817967605944443,0.8829939077340972,0.5763235898036762,0.9752710718020766,57.49802253011501,2.906439597042911,29.983677105470136,SomMot,1,rh
7Networks_RH_SomMot_16-rh,19.093134140870244,0.8965424085092191,0.5719545787467717,0.9745429965193434,54.71290879463727,-9.329315124677123,27.57389122364136,SomMot,1,rh
7Networks_RH_SomMot_17-rh,15.700111248236878,0.9042884717161341,0.572155552720831,0.9747002231032273,56.56576892063571,-19.13956882711271,31.631085021691327,SomMot,1,rh
7Networks_RH_SomMot_18-rh,17.872150740327555,0.9037757222387423,0.5706484938092351,0.9741655804217951,45.648146277436844,-9.070221122993434,35.754814849217205,SomMot,1,rh
7Networks_RH_SomMot_19-rh,15.373873310093742,0.9015531370593444,0.5710171958042056,0.9743903691050967,50.01836261138893,-21.3938316088528,40.00214392390962,SomMot,1,rh
7Networks_RH_SomMot_2-rh,23.650717497096913,0.8528846662238634,0.5769735958251324,0.976096886952914,60.5088993089513,-23.69997636663222,0.41761066335336094,SomMot,1,rh
7Networks_RH_SomMot_20-rh,18.482865016716406,0.9170836801184288,0.5685890943331728,0.9739398293344068,12.428207799864275,-15.868979339726305,40.882478757564954,SomMot,1,rh
7Networks_RH_SomMot_21-rh,18.819501095883282,0.8906167621388016,0.5716772155358999,0.9742248697316801,49.0929040540111,-17.20305432191293,46.83973380220981,SomMot,1,rh
7Networks_RH_SomMot_22-rh,16.133759907855566,0.9073812345247874,0.5704487816582069,0.9740604521591844,39.65422030811378,-11.89262090136263,45.32747044769257,SomMot,1,rh
7Networks_RH_SomMot_23-rh,15.188652796258005,0.8893198945213424,0.5709261000808535,0.9745212035353855,44.52179515323533,-27.498129831329248,53.347129700759744,SomMot,1,rh
7Networks_RH_SomMot_24-rh,18.50994789659917,0.9121907582445626,0.5687584125565737,0.9739987524360665,9.703147985966377,-9.307936484399352,50.499865719500704,SomMot,1,rh
7Networks_RH_SomMot_25-rh,14.575706566475644,0.8781795929324647,0.568743705527652,0.9737935545109402,38.53892846473431,-23.670397499878693,50.308904538934044,SomMot,1,rh
7Networks_RH_SomMot_26-rh,13.2944612316185,0.8633282319115501,0.5709970981066278,0.974056902884813,33.74246059867063,-18.388701458014516,58.327089393782025,SomMot,1,rh
7Networks_RH_SomMot_27-rh,12.879244932111037,0.8766501846834646,0.5692875322288432,0.9738649893932876,30.73910151428329,-35.23254042493944,58.36205083577354,SomMot,1,rh
7Networks_RH_SomMot_28-rh,17.557122705572727,0.8580343234871176,0.567323766020803,0.9735066804448494,28.72329682410617,-43.464352518191994,56.826105923058314,SomMot,1,rh
7Networks_RH_SomMot_29-rh,15.189554140748298,0.8739627511050522,0.5698048011432668,0.9739434326548749,31.834434600746107,-29.27597912625884,56.76480500999862,SomMot,1,rh
7Networks_RH_SomMot_3-rh,24.68891609924438,0.8920526367018228,0.5717360070715481,0.9752176234127511,52.840190498826615,-19.24012543034619,4.385978663811482,SomMot,1,rh
7Networks_RH_SomMot_30-rh,16.29458975159832,0.8954677463063447,0.570111186754282,0.9742472331248706,6.546830942305739,-24.616587946257738,57.245927841725084,SomMot,1,rh
7Networks_RH_SomMot_31-rh,15.401373344700966,0.8754391694727036,0.5704839711527278,0.9741125357895583,27.92868996737525,-13.293463736772537,59.31665317621082,SomMot,1,rh
7Networks_RH_SomMot_32-rh,17.527894416020196,0.8532603224072871,0.5692508198765458,0.9740203230122151,10.132857538664188,-40.54119276283291,65.31681082554941,SomMot,1,rh
7Networks_RH_SomMot_33-rh,13.819975846126805,0.9050092665342905,0.5708557540049479,0.974178896671515,20.156773901284847,-24.501187037884304,59.570167185981035,SomMot,1,rh
7Networks_RH_SomMot_34-rh,12.498965145343961,0.9100833460048747,0.5712824743722241,0.9740783339416258,21.097185018081817,-31.252125028761167,61.48161953014712,SomMot,1,rh
7Networks_RH_SomMot_35-rh,12.380486675424702,0.8974524221526436,0.5700857654324145,0.9738880039428741,20.787830760269934,-36.356957208535874,64.81403547322957,SomMot,1,rh
7Networks_RH_SomMot_36-rh,14.089012214996067,0.9088477223858021,0.5716957092044062,0.9746831906814647,14.915764449458374,-9.450028428170633,64.46486609546761,SomMot,1,rh
7Networks_RH_SomMot_37-rh,21.739898381450097,0.8145787308948406,0.5704945854975569,0.974239534245412,14.30679002580828,-47.40578258407172,67.79599900896919,SomMot,1,rh
7Networks_RH_SomMot_38-rh,15.242642713687694,0.9034182939660826,0.5721589986699872,0.9748185514365165,5.768329400132905,-24.328105328781707,68.50811534815722,SomMot,1,rh
7Networks_RH_SomMot_39-rh,13.27300879658879,0.9092336755776651,0.5733579446432799,0.974847001087772,14.801924341923291,-21.895545568290377,68.09707838211128,SomMot,1,rh
7Networks_RH_SomMot_4-rh,25.68222730413874,0.9040451716084462,0.569344639113151,0.9747974826106534,39.05873482852626,-22.227604207839885,3.129216382848931,SomMot,1,rh
7Networks_RH_SomMot_40-rh,12.05858881574251,0.8957206511475436,0.5716232573461292,0.9742324913613531,10.945959665253149,-34.868980872211594,70.87704602098505,SomMot,1,rh
7Networks_RH_SomMot_5-rh,22.28967514564446,0.9237955382054613,0.5687141970503885,0.9743150343899011,36.32158175833634,-9.395326457313026,14.284016534081424,SomMot,1,rh
7Networks_RH_SomMot_6-rh,22.556778681219633,0.9086170358858344,0.5675974510416072,0.9743042890561966,33.848636475254274,-23.590280564471346,13.88855386510125,SomMot,1,rh
7Networks_RH_SomMot_7-rh,22.48352957301614,0.8621712128983176,0.5735552409403849,0.9753884220278521,58.86070737487649,-29.247911960805116,8.740049136534639,SomMot,1,rh
7Networks_RH_SomMot_8-rh,20.559224869904074,0.8559245596351901,0.5758049865191187,0.9755878046011235,60.97386741863662,-36.49099753544617,10.255610091630123,SomMot,1,rh
7Networks_RH_SomMot_9-rh,21.546708046747508,0.9220992412323287,0.5685258327878999,0.974308903284858,39.61011124058412,-14.535914406252022,20.116966212383257,SomMot,1,rh
7Networks_RH_Vis_1-rh,22.8312626407164,0.8712548113598341,0.5768375984834744,0.9761698128719171,35.01581779397818,-38.8837883484806,-21.221660007078746,Vis,1,rh
7Networks_RH_Vis_10-rh,25.48347482410335,0.7967150089174747,0.5861095462080399,0.9772804271398792,39.96514733092556,-83.92976201191246,-9.003781034081884,Vis,1,rh
7Networks_RH_Vis_11-rh,24.86398586780057,0.8082145304940738,0.5771956943275464,0.976068444142949,11.06476071528344,-74.29915484893074,-3.6611228059519942,Vis,1,rh
7Networks_RH_Vis_12-rh,23.228383684867314,0.8350684820726595,0.5715346233865828,0.9749786212973588,13.768798801051606,-57.88803396173608,-2.933803097106374,Vis,1,rh
7Networks_RH_Vis_13-rh,24.526465888779008,0.7994219238582713,0.587717899661982,0.9773641840528059,24.620804384173,-95.92437793434054,-8.149158005243628,Vis,1,rh
7Networks_RH_Vis_14-rh,21.977355304184677,0.8864886306449459,0.5691685530310974,0.9745062703003933,19.253684114290767,-47.21379840130628,-2.5576319438940707,Vis,1,rh
7Networks_RH_Vis_15-rh,25.343105267726006,0.8260754074137148,0.5808451341393707,0.9765303997911393,10.955204068229298,-91.33629004336451,0.6985119784634684,Vis,1,rh
7Networks_RH_Vis_16-rh,18.56893776732353,0.8470340504808468,0.5766284977741959,0.9758649382263301,44.219621753725924,-69.78285067768513,5.228408739683545,Vis,1,rh
7Networks_RH_Vis_17-rh,21.49817353605495,0.8653901917701274,0.5687393931275494,0.9742307489445002,14.824996216829573,-48.13307196404157,4.584543712193858,Vis,1,rh
7Networks_RH_Vis_18-rh,34.44370087534598,0.7988324526784584,0.5749660590116449,0.9755004574001103,30.952472851639822,-86.86463641548596,4.647635025070529,Vis,1,rh
7Networks_RH_Vis_19-rh,27.070569470970128,0.8156154875952956,0.5724938440919086,0.9751367017200723,11.656704002613138,-74.24520419350681,8.168353014258763,Vis,1,rh
7Networks_RH_Vis_2-rh,26.507696801732408,0.8840667945749842,0.5743875079289229,0.9756668856357058,32.958125418299225,-34.6498470572592,-15.821547258018386,Vis,1,rh
7Networks_RH_Vis_20-rh,28.344442748008564,0.8082833495680675,0.5707677934956173,0.9748708572679041,24.099571176663012,-62.27302543691317,5.363080539110601,Vis,1,rh
7Networks_RH_Vis_21-rh,26.69518359945237,0.8475956012586672,0.5789802838357635,0.9761772290210123,22.00328459977586,-97.118436944991,7.3156376069143185,Vis,1,rh
7Networks_RH_Vis_22-rh,25.11355790852867,0.8248896935923957,0.5759973425191829,0.9756473747598249,39.38439032107449,-78.81344197112978,11.819792165015444,Vis,1,rh
7Networks_RH_Vis_23-rh,33.47600250938317,0.7993301860486194,0.5760247201634688,0.9756015174776402,12.743869193618956,-91.87575564275933,16.312038842562167,Vis,1,rh
7Networks_RH_Vis_24-rh,33.29127812086404,0.8009550857992493,0.5689793558343831,0.9743580268065988,17.602527239718118,-68.2702782463569,17.70446390629961,Vis,1,rh
7Networks_RH_Vis_25-rh,32.37723815849057,0.807309725257724,0.5719750755500237,0.9747383410699164,5.873933353740408,-80.76663637652943,21.41540856743451,Vis,1,rh
7Networks_RH_Vis_26-rh,32.508471098832494,0.8222110137530411,0.5709324862585092,0.9746961969445632,24.95231468693961,-84.36208873322593,17.790155434989735,Vis,1,rh
7Networks_RH_Vis_27-rh,28.887054264645244,0.7957569234696608,0.5709546235402624,0.9748465341470637,33.53111120605053,-75.31851718996292,21.78589741237426,Vis,1,rh
7Networks_RH_Vis_28-rh,43.81585516044093,0.7422846073718996,0.5681763456861235,0.9740529630108682,15.708400163862663,-78.0861688367391,31.14068111941471,Vis,1,rh
7Networks_RH_Vis_29-rh,55.98347149949314,0.7132066059483683,0.5694411763196565,0.974319272727146,16.327638954148767,-84.99404773369997,33.75196402958383,Vis,1,rh
7Networks_RH_Vis_3-rh,22.415557487897743,0.849322527994827,0.57815230743159,0.9761767044802612,34.833405174962856,-56.20566939368196,-16.647610789083917,Vis,1,rh
7Networks_RH_Vis_30-rh,29.35099132210273,0.7771774645077626,0.5674983250035581,0.973883673802141,24.526336553713517,-73.9590539769442,33.77438091276282,Vis,1,rh
7Networks_RH_Vis_4-rh,18.81656303299824,0.8413399868089109,0.581464716536366,0.9766882233131744,35.29522164221506,-74.21044201260398,-12.703578955326114,Vis,1,rh
7Networks_RH_Vis_5-rh,23.60455553248503,0.8624662827437889,0.5717061070610329,0.9750751788542081,28.66488153370201,-53.50875165786235,-8.328210228231503,Vis,1,rh
7Networks_RH_Vis_6-rh,29.440818552596912,0.7765937872818407,0.5809914146040224,0.9765709713921155,24.24313194401886,-73.4272335615495,-8.684214080542164,Vis,1,rh
7Networks_RH_Vis_7-rh,24.150841792837618,0.899947088696766,0.5713328960792605,0.9750166420965712,19.76886148782866,-37.464770501809255,-9.658392319348797,Vis,1,rh
7Networks_RH_Vis_8-rh,24.40038800551679,0.8000218425603517,0.5855765063041696,0.9771127294298851,21.186495853418656,-87.79309474609114,-9.34486157853495,Vis,1,rh
7Networks_RH_Vis_9-rh,19.023792146010386,0.8660725918460033,0.5756182009070376,0.9758893732486986,45.36849604721399,-67.23466358603315,-7.1411932250776635,Vis,1,rh
