resolution,parcel_idx,rho,r2,label,hemi,network,x,y,z,PVALB,SST,VIP,GAD1,GAD2,PV_minus_SST
400,0,0.5981080815022738,0.999907990263498,7Networks_LH_Cont_Cing_1-lh,lh,Cont,-2.225671791832552,3.6683418127521312,30.230103321564503,0.6253721135438182,0.3317470376338852,0.4665521806485858,0.4018327234303305,0.4246904301200528,1.0439881213535145
400,1,0.6026786545140911,0.999885639148424,7Networks_LH_Cont_Cing_2-lh,lh,Cont,-3.1809476000639414,-21.0075277193948,29.78528140953138,0.266162526121889,0.48141062097538345,0.5139578081803281,0.340189252398679,0.35929747394832307,-1.5613674329113847
400,2,0.605668207142482,0.9999001812591968,7Networks_LH_Cont_OFC_1-lh,lh,Cont,-27.72670631495984,46.75480225866392,-14.109120785780847,0.6751731888079888,0.3707979368390745,0.41975847218942597,0.5155721021430782,0.41075861560584714,1.0700274610807552
400,3,0.6071040987495276,0.9998957688675848,7Networks_LH_Cont_PFCl_1-lh,lh,Cont,-42.23302016870068,46.22517440858052,-4.52016727584215,0.663442103016748,0.3773549926601058,0.5463635439529967,0.5574097675315343,0.5304967902338593,0.9755853364075671
400,4,0.6056887657629545,0.9998889223255686,7Networks_LH_Cont_PFCl_2-lh,lh,Cont,-45.096832626477806,32.46106359431174,10.39753443662044,0.9107217426357652,0.4278404282904387,0.37890529189984284,0.6023830620771636,0.49642292447986835,1.9086966780823147
400,5,0.6050124728854904,0.9998952644959396,7Networks_LH_Cont_PFCl_3-lh,lh,Cont,-39.34782922495966,46.15311339668606,11.77650232563848,0.8348831122357863,0.368331279223206,0.5617235192212688,0.6758955555901096,0.5671069309722137,1.8692742005684282
400,6,0.6034817611893579,0.9999020081450868,7Networks_LH_Cont_PFCl_4-lh,lh,Cont,-28.39669974502809,50.5418346111591,12.993818799157047,0.6765716029541516,0.19709394835553132,0.28657759615521133,0.24183699482929022,0.29280794734615956,2.050480509819247
400,7,0.6048155423728888,0.9998887177107528,7Networks_LH_Cont_PFCl_5-lh,lh,Cont,-42.35231753906917,35.688901406168284,20.877683296881088,0.701662848136484,0.4656653705705748,0.5014493990384923,0.4561671691670123,0.4236010512493083,0.6685854442610213
400,8,0.6031580306811845,0.999893507811134,7Networks_LH_Cont_PFCl_6-lh,lh,Cont,-42.86352279989477,21.123559542518247,25.78900273088465,0.7984863573573225,0.18586595225123545,0.45634260601508103,0.5402947528139463,0.6159923989129624,2.712963670115738
400,9,0.5995934292107047,0.9999037212566152,7Networks_LH_Cont_PFCl_7-lh,lh,Cont,-37.14715568504142,6.909435672052142,31.01085873065482,0.8904782489104772,0.1353422889795922,0.2165916831469569,0.2918809597411628,0.362176092306346,3.448536458585007
400,10,0.6039878813398414,0.99989085136573,7Networks_LH_Cont_PFCl_8-lh,lh,Cont,-37.89648876758601,31.07452515734742,36.07220465300099,0.7994945627074876,0.19075020808448803,0.3958110811977254,0.47759955002312215,0.5920194554347041,2.6905465515878664
400,11,0.599851015836277,0.9999062196037518,7Networks_LH_Cont_PFCmp_1-lh,lh,Cont,-4.862709725057924,25.65371003708282,45.29731506991696,0.8722988078429831,0.22970579669961846,0.4781142627929595,0.680181703515991,0.5710910849804639,2.8302450995748782
400,12,0.6082554716643092,0.999891746147035,7Networks_LH_Cont_PFCv_1-lh,lh,Cont,-33.10543285536419,18.18721230956968,-9.939000995639953,0.44503656331988883,0.5206492348814987,0.5185652468503162,0.4094312563510925,0.5737989479796926,-0.9016250563467119
400,13,0.5974134705606778,0.9999137094525332,7Networks_LH_Cont_Par_1-lh,lh,Cont,-28.972550839407567,-72.08451705061768,36.627593393065496,0.8324464666667277,0.310096182835425,0.44660262909335713,0.7422716087649965,0.5311289493400667,2.183687267653182
400,14,0.6039813931952268,0.9998844799930682,7Networks_LH_Cont_Par_2-lh,lh,Cont,-57.43772529241607,-45.16406984404316,42.6297962684331,0.8144231918771355,0.14910255134975905,0.46864796145903775,0.5949158045817816,0.5886082652612455,2.9973893201975823
400,15,0.6025700910062552,0.9998883024559908,7Networks_LH_Cont_Par_3-lh,lh,Cont,-51.70714798822522,-53.06946920254301,39.308137758384994,0.6479862516390693,0.377357712629409,0.5068085660935396,0.42847411278504133,0.6233673110245442,0.8995612903190259
400,16,0.5954597521460302,0.9999251084144036,7Networks_LH_Cont_Par_4-lh,lh,Cont,-33.01249050057453,-60.82633115703933,41.58812086132989,0.6425769916422297,0.3105978273361002,0.550775801560276,0.4533904644228706,0.5051323292175756,1.24713535884008
400,17,0.598877103109185,0.9999052993677096,7Networks_LH_Cont_Par_5-lh,lh,Cont,-41.75459424227369,-54.409667524385625,40.20693772838962,0.8631263139000378,0.24411999886932317,0.3619048441400454,0.5910847904447467,0.6841376593575579,2.704347895092665
400,18,0.5984395715386096,0.9999083913460568,7Networks_LH_Cont_Par_6-lh,lh,Cont,-44.24843875250716,-44.61400144608295,42.80799689728426,0.7802470057327464,0.11730816548625922,0.32169028755089235,0.5121582400406774,0.6893426155172767,3.0075187775457355
400,19,0.6072885084325826,0.9998687296970024,7Networks_LH_Cont_Temp_1-lh,lh,Cont,-60.02472139294152,-49.59256503171226,-10.852849359675368,0.5323357368408524,0.2821985742651704,0.4785466894591282,0.36796210134799784,0.4859475222725858,0.8641629096433826
400,20,0.5965605522463121,0.9999129010365412,7Networks_LH_Cont_pCun_1-lh,lh,Cont,-10.760401704632644,-75.83670678375461,43.22303682016143,0.8915032856410705,0.24356731723336758,0.32855099701854695,0.6699854697448152,0.6735280019742961,2.846997864249743
400,21,0.5964523797819338,0.99991873085074,7Networks_LH_Cont_pCun_2-lh,lh,Cont,-7.017724206677307,-60.92232099007134,51.415970837159016,0.7352505832072266,0.389271881478717,0.4825084268389094,0.5776704107698795,0.6600483362141482,1.261933385857438
400,22,0.6032859039623596,0.9999027292155438,7Networks_LH_Default_PFC_1-lh,lh,Default,-35.41555273520814,22.084490812704704,-15.082578042399652,0.7466971354149522,0.4308937052717788,0.5643925659061189,0.6268554789119326,0.507394180403028,1.0849432987821155
400,23,0.6071197979249136,0.9998805993497104,7Networks_LH_Default_PFC_10-lh,lh,Default,-53.244488806094765,19.86821067858042,10.648061996735867,0.8465154712452585,0.2875157317392965,0.5377083103485741,0.632328627320112,0.5907293976396006,2.3794347201132764
400,24,0.6066186675600239,0.9998875163227624,7Networks_LH_Default_PFC_11-lh,lh,Default,-16.652498448100907,64.12688667021891,10.012552964724776,0.8164213997975723,0.1657239394232659,0.3449656342997421,0.7103437648873886,0.6576903662689918,2.914056571239021
400,25,0.5976946682433601,0.9999174227881232,7Networks_LH_Default_PFC_12-lh,lh,Default,-5.448136830848746,30.143438312911176,21.237053693985988,0.8257101643785624,0.4350657610631079,0.6343010189423453,0.8035101006528812,0.5545139082287903,1.4501301170733418
400,26,0.6014132253034319,0.9999001935424036,7Networks_LH_Default_PFC_13-lh,lh,Default,-5.358658399160932,49.0758804926848,27.355037936937627,0.8471864968252085,0.4218913789932154,0.414960252330413,0.6855842974231068,0.65789935542651,1.6295862083799206
400,27,0.6042086314065948,0.9998896834151756,7Networks_LH_Default_PFC_14-lh,lh,Default,-16.577720333903617,54.36081275852045,30.122063154449112,0.7844310942696898,0.22302396555874357,0.4873151256552003,0.6510496151246526,0.6535712451033997,2.4355794907006003
400,28,0.6032596938360228,0.9998973207918576,7Networks_LH_Default_PFC_15-lh,lh,Default,-24.65000903312796,44.89307394795034,28.692124938338456,0.8086863895859127,0.3334811828773936,0.4637389827882638,0.6642548574176347,0.6887455282059255,1.9357717141874127
400,29,0.6021748456780031,0.9999000103522456,7Networks_LH_Default_PFC_16-lh,lh,Default,-26.229546386109305,26.803473117083488,38.6378469975037,0.9164843282634184,0.5127300963984155,0.7036339795369001,0.644710565852553,0.42382246205598484,1.4612464076408744
400,30,0.6025193146804209,0.999892007305528,7Networks_LH_Default_PFC_17-lh,lh,Default,-41.33548079856023,18.13569087818757,45.765911541195216,0.7663283789047955,0.3394382497640181,0.7081780023596203,0.7241679060227328,0.6471164378751424,1.6940752852968155
400,31,0.6029793057689644,0.999888993912419,7Networks_LH_Default_PFC_18-lh,lh,Default,-9.74775480605409,42.90992183266523,48.448833176237855,0.636893268909728,0.4786227045506653,0.550487420662965,0.5150582168313854,0.51705265142489,0.2774382919741512
400,32,0.6009538345686372,0.9999016248469532,7Networks_LH_Default_PFC_19-lh,lh,Default,-20.882703936010376,34.39732618116795,42.4120461313348,0.7719546780784464,0.5842205650341749,0.6637568849170944,0.7172502783026031,0.5345390271090966,0.34978864979019547
400,33,0.6069963480784957,0.9998940655085604,7Networks_LH_Default_PFC_2-lh,lh,Default,-34.73836611879283,36.41457536713831,-13.202855249931073,0.4576308781889738,0.41910068336616213,0.27355422623907905,0.43237634239245376,0.5608613737639212,-0.2705295108132073
400,34,0.6011194745357054,0.999895549389366,7Networks_LH_Default_PFC_20-lh,lh,Default,-42.85162354774601,4.787632482870184,45.78667462540932,0.5243648449681808,0.6158133545006738,0.3944742992863134,0.4385862212727811,0.5264723259802548,-1.04488010874963
400,35,0.6011236774814549,0.9998985284661251,7Networks_LH_Default_PFC_21-lh,lh,Default,-32.034395758731605,13.224192363553328,52.6139647658696,0.7738061288755268,0.6618822464124728,0.7524154982150227,0.7788708778524962,0.3764275108187113,-0.07638439120977814
400,36,0.6009512487572188,0.9999055288317992,7Networks_LH_Default_PFC_22-lh,lh,Default,-25.162960916195274,17.890900521908165,47.82930414931579,0.7146814116381666,0.4433290203281444,0.665664339160446,0.6292689262486272,0.601371073293153,0.8577989003533069
400,37,0.6016088893380891,0.99989469037469,7Networks_LH_Default_PFC_23-lh,lh,Default,-13.077377486804217,25.03736183790356,58.38545190233328,0.46866664116986645,0.19228761542659945,0.7697669600358261,0.6419574457644381,0.7864008550758682,1.0549838125032673
400,38,0.6008274641130351,0.999896365621658,7Networks_LH_Default_PFC_24-lh,lh,Default,-7.39856478587175,10.489577521097202,63.66846887148344,0.7646107687991345,0.5688810558209992,0.3895018124652769,0.3677402754537745,0.3981078105704572,0.3996476300673031
400,39,0.6058637180505185,0.9998981649830592,7Networks_LH_Default_PFC_3-lh,lh,Default,-4.724587174592722,52.44956600132273,-9.9265980175121,0.7626674117865405,0.6015370032794818,0.5143144361792905,0.6545085429587246,0.5706339214872869,0.20706056812764817
400,40,0.6021803124127245,0.9999169491268366,7Networks_LH_Default_PFC_4-lh,lh,Default,-5.289522376148108,34.716976993096935,-8.594936791273296,0.9017589120886329,0.5790943823948801,0.6984926059432683,0.6934720319628912,0.45881110024920707,1.0168712632181547
400,41,0.6061153226077757,0.9998943647905116,7Networks_LH_Default_PFC_5-lh,lh,Default,-46.50230795114152,33.41523071644838,-10.048385246944758,0.8867235068883709,0.3836306711566597,0.7000219222169535,0.7882484380287359,0.6376173137999275,2.038464929400564
400,42,0.6057645201330605,0.999897523299356,7Networks_LH_Default_PFC_6-lh,lh,Default,-28.767925863574675,53.433223522907625,0.9124134181494138,0.762479129633993,0.567368208690654,0.32510229170928373,0.5707604766879478,0.4703887665009656,0.39764385682593206
400,43,0.605646729857956,0.9998887433922272,7Networks_LH_Default_PFC_7-lh,lh,Default,-46.10304853360947,27.4919744831242,1.4340034216095388,0.7697446538350472,0.5809386223973008,0.3233568272771775,0.5918352681308375,0.5427314953753494,0.3573148189097232
400,44,0.6051047094449497,0.9998943451453256,7Networks_LH_Default_PFC_8-lh,lh,Default,-7.544467431338713,54.49682205118597,7.529713835653562,0.8775776450478029,0.5161878457254164,0.5224999615013061,0.5794757500156166,0.5796543473638521,1.2505310927247824
400,45,0.6005341385391456,0.9999113629485072,7Networks_LH_Default_PFC_9-lh,lh,Default,-6.932250439334702,41.64669330303486,7.384135745438122,0.7108193431340762,0.36104088793222705,0.5151921165544812,0.7040157054319082,0.4977231743651722,1.3000144512491363
400,46,0.6034692699305457,0.9998842096966792,7Networks_LH_Default_Par_1-lh,lh,Default,-57.383010887272576,-49.72522937550264,12.918316185204691,0.7411944717258586,0.24864413817578945,0.5467274152972253,0.3549744311636611,0.5403881838919521,2.0793544698489557
400,47,0.5970570180844899,0.9999088609846926,7Networks_LH_Default_Par_2-lh,lh,Default,-42.824573299427726,-57.85325620582066,17.128322882973468,,,,,,
400,48,0.6016584923439369,0.9998872445269728,7Networks_LH_Default_Par_3-lh,lh,Default,-42.61979447022183,-75.7570265501533,24.6785933005728,0.598505311831763,0.5403709028294944,0.5352102587395283,0.41856208336635486,0.5521781851690025,-0.2574322760962897
400,49,0.6008935068715313,0.9998971021594972,7Networks_LH_Default_Par_4-lh,lh,Default,-42.58179975369058,-63.030436059429306,27.82130876127773,0.6907577239415745,0.17155208868846117,0.8132070306473302,0.8252817181930694,0.801983079809777,2.2634020170176323
400,50,0.6026084813830377,0.999887430057972,7Networks_LH_Default_Par_5-lh,lh,Default,-54.131188492661074,-55.54472807411835,25.30252821497457,0.8847222778424986,0.2946311614346994,0.46806026738280215,0.6761290106430851,0.5851414877899962,2.5274476387847193
400,51,0.6009825440622292,0.9998930681169216,7Networks_LH_Default_Par_6-lh,lh,Default,-39.05635863200874,-73.46306570016654,40.98188612567392,0.85391308542846,0.3928242453619792,0.35286257590605724,0.5764854296942159,0.4749714138835327,1.8255816715250643
400,52,0.6022553511306019,0.9998908444040308,7Networks_LH_Default_Par_7-lh,lh,Default,-47.452882282069474,-63.57486788952937,41.60346452525405,0.9220929233939519,0.4524346554619806,0.4288941594048489,0.5517105064977651,0.5820321098816839,1.8267721842952394
400,53,0.6087834254126924,0.9998815429674645,7Networks_LH_Default_Temp_1-lh,lh,Default,-55.9116706111005,-7.6435819522878115,-27.64751808117361,0.7019681637937228,0.49772783833836653,0.562698932930892,0.49269274281028214,0.5751640880739046,0.49038324133015515
400,54,0.6037135635502077,0.9998863482740548,7Networks_LH_Default_Temp_10-lh,lh,Default,-52.29275311985409,-44.45777504342105,3.683274732517424,0.607480695396988,0.35098279091600576,0.5266786680781806,0.55995049616252,0.6254595290532425,0.8481891583433135
400,55,0.6083420279432238,0.9998726721686254,7Networks_LH_Default_Temp_2-lh,lh,Default,-61.790484664840825,-23.34326415926764,-21.159731723702887,0.7080469996857306,0.4142232406248475,0.41722281985809834,0.3931737682245086,0.5112953430735365,0.988304225200123
400,56,0.6095100462773009,0.999869585434882,7Networks_LH_Default_Temp_3-lh,lh,Default,-58.37601721091349,-38.36302311433469,-20.80113221778244,0.8302393941210189,0.3269446639556791,0.26750940226494213,0.46866730101712706,0.47586552642820196,2.0784009753925625
400,57,0.6073456230016082,0.999876254602052,7Networks_LH_Default_Temp_4-lh,lh,Default,-56.184116394907726,-16.283339937164754,-14.49555316398523,0.7314940678480824,0.34879905270289996,0.3754247887548754,0.3967783540157855,0.32919984467553376,1.47030165773386
400,58,0.6069412095763932,0.9998837083181252,7Networks_LH_Default_Temp_5-lh,lh,Default,-56.14723524146419,-0.4664827350988786,-11.205865896063736,0.843882233750224,0.485919679017995,0.4338489226573798,0.610054346180509,0.481597252615989,1.2544707536198174
400,59,0.6068529380409333,0.9998740611494242,7Networks_LH_Default_Temp_6-lh,lh,Default,-58.67622828198444,-38.53217578000066,-5.0871125535864685,0.9419329856769382,0.5263171585644328,0.4082235817619109,0.6689977463526744,0.7877610490896366,1.5102450889724999
400,60,0.6051465629189678,0.9998834642985012,7Networks_LH_Default_Temp_7-lh,lh,Default,-51.35545365942661,-28.308782433717383,-6.800510683236047,0.7624626913860503,0.43586972978781774,0.22915208196529627,0.437827585661542,0.31378067233104173,1.1345855487349394
400,61,0.6095968532186468,0.9998736151653684,7Networks_LH_Default_Temp_8-lh,lh,Default,-61.78149339379368,-16.813580985261474,-3.943987178188997,0.826149279241543,0.28735881088507453,0.4512632944138334,0.6064544687605234,0.5011931896392304,2.2801573507469843
400,62,0.6060786730558223,0.9998770021844676,7Networks_LH_Default_Temp_9-lh,lh,Default,-61.810173705013,-35.032639649363446,2.062868429731705,0.851489307583665,0.3577653715902676,0.3532771186941419,0.496337930963951,0.4089596643124331,2.010159952133626
400,63,0.6017256204039586,0.999893844807798,7Networks_LH_Default_pCunPCC_1-lh,lh,Default,-7.1763669689368585,-54.03647287252248,7.499414140005204,0.7991310193115058,0.317222902089447,0.3706582534573735,0.49808959942925224,0.45880062920508324,1.979904699319183
400,64,0.5954854907075178,0.9999234227183648,7Networks_LH_Default_pCunPCC_10-lh,lh,Default,-4.11859862944659,-65.55800170732219,41.53012864522165,,,,,,
400,65,0.5936950346348191,0.999928025776042,7Networks_LH_Default_pCunPCC_11-lh,lh,Default,-7.123247340262015,-49.818272388727465,42.59006779616111,0.9425459824488257,0.30108297446050236,0.574858507589794,0.7228971235648434,0.6563641349944467,2.775651995897439
400,66,0.59841643115043,0.9999070450131696,7Networks_LH_Default_pCunPCC_2-lh,lh,Default,-14.11254913537572,-62.67526649996493,17.11080800938307,0.5890163511782597,0.4446836226378547,0.2842368939627329,0.49432115554979117,0.40303895671579326,0.23221086804986457
400,67,0.5962039629977074,0.9999147252717866,7Networks_LH_Default_pCunPCC_3-lh,lh,Default,-3.2310558035969734,-54.12389100514925,20.204847374023537,0.8677930233518742,0.4347197859451614,0.448694798119985,0.6851001652187978,0.5317352292717508,1.6590243635631663
400,68,0.6024456068410179,0.9998879517455032,7Networks_LH_Default_pCunPCC_4-lh,lh,Default,-4.187172914616038,-39.83902543355404,24.192996006833308,0.5284716013121077,0.5076053612160993,0.5606651391968772,0.579040674105175,0.43916580529893773,-0.4181998549285522
400,69,0.5928178950779011,0.999930601468732,7Networks_LH_Default_pCunPCC_5-lh,lh,Default,-12.182870918188613,-68.88448113755297,30.34756563875241,0.5801579352477279,0.43166344713984334,0.6343798949571597,0.5819590415541588,0.5419430286105537,0.26162240692676036
400,70,0.5939268424945139,0.9999276302598368,7Networks_LH_Default_pCunPCC_6-lh,lh,Default,-6.210162707089527,-59.21063153043514,29.97880504757839,0.5338056741211507,0.3290869716104939,0.5313557657088891,0.47467256322809953,0.4798826277067764,0.608591730066422
400,71,0.5983697352730064,0.9999023369285416,7Networks_LH_Default_pCunPCC_7-lh,lh,Default,-7.397917231708242,-43.84895533288432,33.774448196790374,0.7104993662712963,0.4699066115448193,0.4162242861311216,0.5348734604413257,0.4780308720754623,0.6882703790804757
400,72,0.5984727874146866,0.9999023117232352,7Networks_LH_Default_pCunPCC_8-lh,lh,Default,-2.999572497981412,-31.003679178811453,39.53711645419781,0.7694506135490351,0.46418724441147763,0.5475463746606256,0.5855733747408155,0.5186582276396318,1.010236784015016
400,73,0.5968672862362602,0.9999096090900652,7Networks_LH_Default_pCunPCC_9-lh,lh,Default,-1.8576950583632528,-14.542882574504793,39.12657913627014,0.6945360431870097,0.4401136162127701,0.4872969129727691,0.36581807583942755,0.5107089539558113,0.7767496809375181
400,74,0.5999760757945812,0.9999025129116844,7Networks_LH_DorsAttn_FEF_1-lh,lh,DorsAttn,-42.38063602239867,-4.416281575106394,49.41332086471154,0.5785864184339519,0.1905791550944118,0.3043896961873176,0.27466934038473667,0.370258657093813,1.6051229785779608
400,75,0.599176967402303,0.9999162683032302,7Networks_LH_DorsAttn_FEF_2-lh,lh,DorsAttn,-26.209761056873607,-0.553784114816239,51.04001641735806,0.811392015130641,0.4395018951431263,0.44430617224643765,0.5478188817356222,0.7094661278316636,1.3548526690453455
400,76,0.5982893245058097,0.9999142262427758,7Networks_LH_DorsAttn_FEF_3-lh,lh,DorsAttn,-30.667170245005902,-7.23287867207125,49.05226208024236,0.6995554455461457,0.34934192381821816,0.4971914357727217,0.7369089906552484,0.45449782195756416,1.3101911859175104
400,77,0.5984151439593692,0.9999107356539872,7Networks_LH_DorsAttn_FEF_4-lh,lh,DorsAttn,-21.806398165744284,5.312929678721981,59.09587647811226,0.7790332434313225,0.4552966429581492,0.6986691130028394,0.8478543650643248,0.780978583900724,1.1071922841211355
400,78,0.6079367989723206,0.999877722399042,7Networks_LH_DorsAttn_Post_1-lh,lh,DorsAttn,-44.205691876883705,-41.47907080056187,-24.02837216130461,0.6479400146988352,0.3809155522768346,0.5539480878669294,0.49739863331372935,0.5063830512093298,0.8793929304512454
400,79,0.5968380663260519,0.999920819625104,7Networks_LH_DorsAttn_Post_10-lh,lh,DorsAttn,-27.93978271047577,-56.96442309226698,45.037484685883264,0.7666423061736516,0.2963758909490153,0.6253983664251943,0.6463210372515931,0.5532127470956092,1.936974979114459
400,80,0.5972909011143673,0.9999203203374938,7Networks_LH_DorsAttn_Post_11-lh,lh,DorsAttn,-35.27278000163281,-38.49769673009557,44.12522832990632,0.6968078931352477,0.27514674004030304,0.47832269983506304,0.5186510934773365,0.4849810406694705,1.7125283555227304
400,81,0.5982886028083343,0.9999131288707108,7Networks_LH_DorsAttn_Post_12-lh,lh,DorsAttn,-34.70367788801006,-51.61386739818099,51.68537143632477,0.7623221566454347,0.4276328922251056,0.5563792383159064,0.6989705212085007,0.45148131434022254,1.1800602450868203
400,82,0.5966643711287297,0.999914875994354,7Networks_LH_DorsAttn_Post_13-lh,lh,DorsAttn,-15.236237032457543,-69.27501632643431,54.09764610619516,0.7852971423304849,0.6461702471527749,0.7007443806534959,0.7626950557027277,0.6343075765653776,0.0681887225466088
400,83,0.5987511015075173,0.9999078390088434,7Networks_LH_DorsAttn_Post_14-lh,lh,DorsAttn,-26.62689025998897,-60.30824582261152,58.1833988004712,0.713497236407319,0.4228265760465674,0.6901136069680586,0.6060646740454495,0.5982709254033399,0.966887439704563
400,84,0.5978211364290742,0.9999117102270276,7Networks_LH_DorsAttn_Post_15-lh,lh,DorsAttn,-9.955279937660416,-57.18201072912648,61.73898947549618,0.6485834240222712,0.47963616603176595,0.35957755030952954,0.4751594792259378,0.43714439867060445,0.3292479005505546
400,85,0.5985149394644341,0.9999096678362778,7Networks_LH_DorsAttn_Post_16-lh,lh,DorsAttn,-20.9414129970836,-53.92451153709775,63.16374481616377,0.7367034494053223,0.5309785844090636,0.4466554573807445,0.46079986778273535,0.5553327136980168,0.47484071778555914
400,86,0.5999842005478522,0.9999004660514073,7Networks_LH_DorsAttn_Post_17-lh,lh,DorsAttn,-15.386701867096406,-50.276124586138806,70.73036589658349,0.7052368425458782,0.42813333579766255,0.3707527790698474,0.4733209027763635,0.473682228059041,0.8965211452967758
400,87,0.6066653061509476,0.9998780985409264,7Networks_LH_DorsAttn_Post_2-lh,lh,DorsAttn,-47.15596871878233,-54.06269714307735,-15.919451797095528,,,,,,
400,88,0.6070103609917301,0.9998721442880288,7Networks_LH_DorsAttn_Post_3-lh,lh,DorsAttn,-53.2125022771322,-62.25397700136548,-3.8142905067428297,0.6273495025378845,0.4782221390657284,0.3815591919109676,0.3534129387153976,0.4123365486364813,0.23274903725724183
400,89,0.6029250898619363,0.999883122435254,7Networks_LH_DorsAttn_Post_4-lh,lh,DorsAttn,-46.47895984177876,-67.84704178719133,11.128987582749277,0.7249359333412663,0.5705565121587223,0.5278030485179555,0.48505715868980886,0.5371922181526695,0.19514408910709596
400,90,0.5937823050499538,0.9999324530820046,7Networks_LH_DorsAttn_Post_5-lh,lh,DorsAttn,-26.4475365004726,-69.29530358625301,27.30186345190976,0.8246510458892392,0.662390061031899,0.40485800560478474,0.5942626575641831,0.7111742129185739,0.17081459319212056
400,91,0.6013740340894304,0.999893354484632,7Networks_LH_DorsAttn_Post_6-lh,lh,DorsAttn,-50.50214662977085,-33.157821261654995,40.64988930574648,0.6013720105718575,0.37517500987063884,0.5652258251773442,0.5321906996848804,0.42821744353589447,0.6825553395024322
400,92,0.5956928164695763,0.999921699722872,7Networks_LH_DorsAttn_Post_7-lh,lh,DorsAttn,-23.56977437251323,-64.05671753754487,42.030502046121136,0.598207584031261,0.386566272045626,0.5190043250880807,0.38249829520214434,0.4201597067737773,0.6031475856438382
400,93,0.5957854712144879,0.9999245915420428,7Networks_LH_DorsAttn_Post_8-lh,lh,DorsAttn,-41.80453570444181,-31.00647144860758,38.730709529601945,0.70555836804651,0.4769974907021374,0.4165154706876939,0.7439309806277755,0.4796349456169824,0.6242285813079922
400,94,0.5957343367011549,0.9999226054219804,7Networks_LH_DorsAttn_Post_9-lh,lh,DorsAttn,-33.93362460633502,-47.70593910757332,38.35676895789658,0.5906234708134402,0.4724935794104051,0.5571518929307291,0.5324484294150985,0.42953225005480256,0.08424514702476649
400,95,0.6012091402566301,0.999897678552472,7Networks_LH_DorsAttn_PrCv_1-lh,lh,DorsAttn,-47.97324231275872,6.2063375440996085,24.471581162030425,0.5524262517725602,0.4415717140886181,0.42378647562929517,0.4397690619487214,0.363201604318495,0.06970966262752781
400,96,0.6006828405060587,0.9998991785725052,7Networks_LH_DorsAttn_PrCv_2-lh,lh,DorsAttn,-49.70606513484832,0.9781463359288248,36.64115305562173,0.13989057775217653,0.7476755442303705,0.5346431510380815,0.4134853920718541,0.2701930068318299,-3.6747090987103226
400,97,0.6048307193944775,0.9999060914531616,7Networks_LH_Limbic_OFC_1-lh,lh,Limbic,-13.292980548075713,21.18468537236926,-21.08755740952804,0.0992113990057018,0.7553540076999716,0.5201075153734595,0.4398214448988156,0.42460564915072185,-3.917797447951939
400,98,0.6032746595903655,0.9999070249960712,7Networks_LH_Limbic_OFC_2-lh,lh,Limbic,-23.89638536037197,21.985710938771565,-20.290748986126232,0.48853489812795137,0.6490623613729942,0.44144301061930097,0.42770511755662804,0.46474430147125556,-1.4074386544532553
400,99,0.6053453087715089,0.9999082090423086,7Networks_LH_Limbic_OFC_3-lh,lh,Limbic,-10.873434260217609,43.48105623411096,-23.46935508130253,0.24366440477142903,0.6048992411573424,0.37612264217071983,0.40790933691864995,0.4063285922513995,-2.3641376008325645
400,100,0.6050719755844943,0.9999029953738038,7Networks_LH_Limbic_OFC_4-lh,lh,Limbic,-3.754660211937337,20.102923882762088,-18.793292442756364,0.28586220224411263,0.7255103485134123,0.3229198280289813,0.33175995306819683,0.32305116167622855,-2.832618234345923
400,101,0.6076203651618816,0.9998886777948756,7Networks_LH_Limbic_OFC_5-lh,lh,Limbic,-16.13442856102314,62.18571597164117,-7.906560958747399,0.38140393043134163,0.7833157302821112,0.6168263755367513,0.7046660457780256,0.6411328708585264,-2.6867505699193885
400,102,0.6089410936686688,0.9998860745251548,7Networks_LH_Limbic_TempPole_1-lh,lh,Limbic,-39.70239196528656,-7.127084286019371,-41.0033975718879,0.3683221759512667,0.7745790303906733,0.48453084524857326,0.4889429341225722,0.38285624430430243,-2.702116588977021
400,103,0.6065403492374964,0.9998952750073636,7Networks_LH_Limbic_TempPole_2-lh,lh,Limbic,-26.86821711989882,4.227945093631065,-38.74394536141904,0.5101245928975207,0.6258218274542363,0.5406554580108349,0.5420420950546709,0.4167170722262185,-1.1710063128372572
400,104,0.6079697180860921,0.9998931354294012,7Networks_LH_Limbic_TempPole_3-lh,lh,Limbic,-26.731302960713705,-10.89095298608144,-33.499243920644126,0.5631300932158824,0.4116191538331368,0.23840167616372618,0.18173617818537266,0.34379817740956875,0.29022710191063467
400,105,0.6089637318518958,0.999874818649282,7Networks_LH_Limbic_TempPole_4-lh,lh,Limbic,-51.7472156144016,-24.36365758002192,-32.80556341572594,0.6107601608308141,0.6649818070941279,0.5576663729389096,0.4774877319866506,0.331000571428169,-0.8955844286341587
400,106,0.6081261749069459,0.9998789513878852,7Networks_LH_Limbic_TempPole_5-lh,lh,Limbic,-40.06220527048464,-23.02177058546632,-26.49928586129789,0.25966319364775226,0.7754623995723396,0.5865654154516677,0.6719609053078222,0.7160724610424545,-3.241430946360733
400,107,0.6083638324068136,0.999894310857543,7Networks_LH_Limbic_TempPole_6-lh,lh,Limbic,-47.4509777497353,8.622316963813343,-30.74130548409761,0.38428476255251026,0.7250093242677971,0.46031208930631706,0.5228729622102178,0.5865409760894728,-2.3457875296674984
400,108,0.60643080575425,0.9998972078270144,7Networks_LH_Limbic_TempPole_7-lh,lh,Limbic,-33.55322896501292,7.815340258841119,-26.289559712617294,0.4760877402800324,0.5502699255667878,0.5650153076028598,0.47952873861355316,0.5200188026115233,-0.9149395625777238
400,109,0.603877563780504,0.9998974448570286,7Networks_LH_Limbic_TempPole_8-lh,lh,Limbic,-20.833664374048976,-22.47760446266105,-25.04633926841068,0.6480092701862231,0.7091416484672746,0.6359968862023433,0.6728928814589478,0.6261528515185173,-0.9599077528025486
400,110,0.6027777731687576,0.9999036316116984,7Networks_LH_SalVentAttn_FrOperIns_1-lh,lh,SalVentAttn,-44.27507714153524,-1.9691270553615543,-15.561208579821743,0.6292823076943921,0.48936858691171264,0.6418453173528628,0.578520309188694,0.6714025720476589,0.17978058957097667
400,111,0.6022356057756322,0.9999041913513868,7Networks_LH_SalVentAttn_FrOperIns_2-lh,lh,SalVentAttn,-39.97043976865537,0.595864837537787,-6.664366941782386,0.5924472370534671,0.47388294954867016,0.5749778717677397,0.569548164199732,0.4839516307168003,0.0854269262014899
400,112,0.6019982999202174,0.999911422292145,7Networks_LH_SalVentAttn_FrOperIns_3-lh,lh,SalVentAttn,-32.39046696366935,26.02637937874629,-0.3362175469819842,0.6839302266165288,0.5086005311282338,0.6436245044815688,0.5717000851549329,0.8190628839142696,0.3407369992643861
400,113,0.6059271832583375,0.9998859153239916,7Networks_LH_SalVentAttn_FrOperIns_4-lh,lh,SalVentAttn,-40.23415162386142,-16.420856948315397,-3.941731276541112,0.16471077986592322,0.7562180781192575,0.6511789663769124,0.6533636858364306,0.5745499260188426,-3.600527468857401
400,114,0.6007341713364748,0.9999078472828048,7Networks_LH_SalVentAttn_FrOperIns_5-lh,lh,SalVentAttn,-32.974421531985506,19.40142974371862,7.906767452124393,0.43899338935591087,0.7581981454389047,0.6795461858513021,0.5871035509319756,0.4797145986469498,-2.262758059513966
400,115,0.6027026887528514,0.9998928779247376,7Networks_LH_SalVentAttn_FrOperIns_6-lh,lh,SalVentAttn,-35.928958713498886,4.822265129268403,10.04293815226976,0.4206040875790395,0.714458188035796,0.6701823417709707,0.5985830531052542,0.47244574909190845,-2.1080393201831855
400,116,0.6069251044141623,0.9998787378189274,7Networks_LH_SalVentAttn_FrOperIns_7-lh,lh,SalVentAttn,-44.15241681496928,12.027876529637284,1.954714645833276,0.08668701080185225,0.783427140314322,0.32211722237721635,0.5271659363428629,0.531212566805413,-4.136734159891717
400,117,0.605807719815932,0.9998831979278306,7Networks_LH_SalVentAttn_FrOperIns_8-lh,lh,SalVentAttn,-51.096116187164135,0.163706507318967,3.985929608473668,0.5067240657364607,0.640310878660409,0.5660183710683486,0.4149283962152541,0.4540963592972515,-1.268937647163277
400,118,0.6056518828913864,0.9998808821596578,7Networks_LH_SalVentAttn_FrOperIns_9-lh,lh,SalVentAttn,-51.86575559607135,8.562580772968525,12.651200385378376,0.22203156120222395,0.622525182261714,0.5562860340402234,0.4730760621777789,0.43906511701256773,-2.5693134759412355
400,119,0.5974413827200193,0.999923497813559,7Networks_LH_SalVentAttn_Med_1-lh,lh,SalVentAttn,-7.622988210197239,19.573154094349984,32.80045354014207,0.1381606584021802,0.8097949381229077,0.6156668156997934,0.6022472092763937,0.5899631108747858,-4.031383209321234
400,120,0.5968926766783215,0.9999309024302104,7Networks_LH_SalVentAttn_Med_2-lh,lh,SalVentAttn,-6.89563837940768,0.8559452925412733,41.32250199355478,0.09947543270496323,0.7847131326235427,0.4661961063705042,0.40420140778423375,0.51711048041562,-4.081050974295177
400,121,0.600401897204216,0.9998954094162392,7Networks_LH_SalVentAttn_Med_3-lh,lh,SalVentAttn,-12.766133691386171,-24.88988610920153,41.19620874906841,0.36686645636777687,0.5956761057621798,0.5589520185833705,0.45561972220102076,0.39670576419872655,-1.7065606102531776
400,122,0.5995440141541085,0.9999246907933178,7Networks_LH_SalVentAttn_Med_4-lh,lh,SalVentAttn,-7.273161498623826,8.181929967880901,46.825313479857456,0.2135553770371564,0.7197872572753932,0.5766136630088982,0.47706757420266815,0.3870573669949218,-3.156132035373589
400,123,0.595929178172692,0.9999117755452812,7Networks_LH_SalVentAttn_Med_5-lh,lh,SalVentAttn,-14.46428824674244,-39.05645511824771,45.86814254720214,0.3174510505957496,0.7367399879736518,0.6059150533361708,0.49199470357285746,0.3997510520201484,-2.7402104357149435
400,124,0.5969356300871532,0.9999223841670029,7Networks_LH_SalVentAttn_Med_6-lh,lh,SalVentAttn,-7.996972425284158,-47.905287310632026,56.66460163651948,0.05550669262571245,0.8592914354748499,0.6151302171039802,0.5070885814862414,0.503892782122131,-4.715276878727949
400,125,0.5992258598402147,0.9998975139315924,7Networks_LH_SalVentAttn_Med_7-lh,lh,SalVentAttn,-9.581735411692527,-4.7751348625948085,68.61623965108336,0.37154825429226546,0.5604881567396859,0.5061299090809236,0.36223383680155324,0.5201693638562183,-1.4863150812658084
400,126,0.6032724260159417,0.9998967327963972,7Networks_LH_SalVentAttn_PFCl_1-lh,lh,SalVentAttn,-30.43239820530984,39.53049867765039,25.725265998755937,0.756719573932159,0.5038291778007589,0.5721540954207877,0.5586079950961297,0.35133742098321097,0.7254429995149966
400,127,0.6007955772626214,0.9998966041480284,7Networks_LH_SalVentAttn_ParOper_1-lh,lh,SalVentAttn,-53.007303389158544,-35.49347277359816,21.68828773603565,0.516864047728662,0.2489238927379194,0.5652823461821646,0.43363086225139225,0.2768706012554854,0.9745741205460381
400,128,0.6029869016639005,0.9998868387661644,7Networks_LH_SalVentAttn_ParOper_2-lh,lh,SalVentAttn,-57.54926100154381,-45.50295204227253,25.69512326030408,0.6502127324880194,0.36486512035248214,0.6300151173837365,0.398463084858891,0.49523655793056315,0.9805291476875375
400,129,0.6045513757104893,0.9998818178208556,7Networks_LH_SalVentAttn_ParOper_3-lh,lh,SalVentAttn,-59.68074720102058,-24.800348331803395,30.209649454625765,0.7562961654800073,0.3652024222088471,0.6510648561077212,0.6588821472901095,0.6256494603853129,1.5003358504069404
400,130,0.6040221590485438,0.9998830322467868,7Networks_LH_SalVentAttn_ParOper_4-lh,lh,SalVentAttn,-60.27880584389154,-37.42226658276985,34.42161412911912,0.7058390062593652,0.26761516522422735,0.5461674199282373,0.5443800071585675,0.5175181885312271,1.7991545349469078
400,131,0.6045675734925717,0.9998796455192616,7Networks_LH_SalVentAttn_TempOcc_1-lh,lh,SalVentAttn,-53.62599159361529,-54.918923530160434,7.941994568516798,0.6536479961179094,0.5343530834176525,0.5161431373869189,0.5959300307238448,0.4319385420021669,0.047477138994307166
400,132,0.6044561548441895,0.9998924015658356,7Networks_LH_SomMot_1-lh,lh,SomMot,-49.10716878647772,-13.393378912210798,0.4076897875755875,0.48674402804248634,0.4943873813203772,0.5554710814854752,0.5163900432790304,0.4384985907960018,-0.5493236366828699
400,133,0.6019525568197371,0.9998934032523916,7Networks_LH_SomMot_10-lh,lh,SomMot,-48.60821804058589,-25.19058727096988,17.03619863844964,0.5489408951066501,0.6580016486592678,0.6123402874294759,0.4980204313770429,0.46370270690431054,-1.160476890392387
400,134,0.6050733427778802,0.999880324194624,7Networks_LH_SomMot_11-lh,lh,SomMot,-60.038825685568085,-19.98567181373921,18.521731339629167,0.60864887830063,0.6187200434700382,0.6370218543452887,0.4995588567181837,0.4306478848703775,-0.6466794133632342
400,135,0.6045209321768242,0.9998849165829192,7Networks_LH_SomMot_12-lh,lh,SomMot,-58.84164334007316,-5.112528729102339,22.820865601232047,0.7279722816829154,0.6541159038103218,0.46049128346204515,0.35589472710616804,0.30857741826830204,-0.25825734171864123
400,136,0.6048753219533518,0.9998801372045149,7Networks_LH_SomMot_13-lh,lh,SomMot,-62.35561814361916,-12.373987597159909,31.45366324088424,0.5412605998658272,0.5640625697855369,0.4439053618892215,0.44206137042703125,0.36760678831341426,-0.6717374065396899
400,137,0.5995595819287983,0.999904037016232,7Networks_LH_SomMot_14-lh,lh,SomMot,-50.190783267419775,-10.547492154242454,28.73387516541377,0.6210181218242776,0.6853523907063502,0.6389537063870493,0.48569213818464707,0.4835378124208087,-0.959310842841736
400,138,0.6011464218433881,0.9998938482138428,7Networks_LH_SomMot_15-lh,lh,SomMot,-53.3214094234946,-23.75585824414029,37.91048008757211,0.7326391773927307,0.670115253204997,0.6209622001462182,0.4422123130376689,0.4152833211142717,-0.32497961351190807
400,139,0.5993216038475525,0.9999046798224568,7Networks_LH_SomMot_16-lh,lh,SomMot,-49.83749240769976,-10.013368644769963,40.2321214262352,0.7226572173932666,0.46808285853435605,0.5362895192330387,0.48827561895576865,0.5198388925016701,0.7582820402603746
400,140,0.5982144958284243,0.999907478770478,7Networks_LH_SomMot_17-lh,lh,SomMot,-45.774021628853326,-17.987458420800163,37.90019580200836,0.7503826732132042,0.5331066022358877,0.38464787327545646,0.26364012853271046,0.3058897937610582,0.530185306163474
400,141,0.5975740923063311,0.9999073365086212,7Networks_LH_SomMot_18-lh,lh,SomMot,-8.743129790720923,-13.75252651180579,45.59628399935636,0.6325636874435345,0.6457946195934113,0.527527382446224,0.4550972094508664,0.37573104384914047,-0.6808186961760789
400,142,0.5973254541340672,0.9999157590536454,7Networks_LH_SomMot_19-lh,lh,SomMot,-38.86746629572385,-16.22310636275578,44.99045438457107,0.3017351662425889,0.7723785497300419,0.3001678602101802,0.48523326351554485,0.25204455223869393,-3.017244999628007
400,143,0.604383037371768,0.9998848447208488,7Networks_LH_SomMot_2-lh,lh,SomMot,-56.10931351951565,-23.69945911513901,5.707054936435079,0.6872698810744919,0.3168066337067627,0.6150813913979374,0.410462888150783,0.5690263197867849,1.4321269835265258
400,144,0.5992523516531859,0.9999021017126164,7Networks_LH_SomMot_20-lh,lh,SomMot,-46.825092743854135,-19.5573662118036,52.93963616234915,0.6087935119494818,0.40670975958549044,0.40714723952257165,0.43049206006602936,0.4319761331954913,0.5423068753236029
400,145,0.6004163571365246,0.9999027135405572,7Networks_LH_SomMot_21-lh,lh,SomMot,-46.16054633649737,-30.398967910518845,54.6225489349511,0.24661902955121823,0.777850508685022,0.6484375284078201,0.6280659382481575,0.6558848714664889,-3.3189644208341136
400,146,0.59818035902511,0.9999232008123304,7Networks_LH_SomMot_22-lh,lh,SomMot,-36.92225503634833,-24.852956129697137,48.816611440960536,0.5523392037256157,0.4924884056042963,0.7073078056651484,0.4857341816786473,0.7254087968443496,-0.2160962397304851
400,147,0.5952144499196846,0.9999157396043848,7Networks_LH_SomMot_23-lh,lh,SomMot,-10.595498790968524,-36.98443543109356,51.43822518967237,0.6290978685407437,0.559798589347883,0.44231149301387884,0.4982482819694939,0.6113025549309677,-0.215872446752478
400,148,0.5998735635443806,0.999922672123498,7Networks_LH_SomMot_24-lh,lh,SomMot,-4.910091947092869,-23.9275973102834,54.10443394727046,0.3334918572041642,0.6205625429744922,0.4846444089341668,0.36043629420604695,0.34941315005698714,-2.0101737233607846
400,149,0.5985288381180642,0.999906012746444,7Networks_LH_SomMot_25-lh,lh,SomMot,-4.144896760297461,-9.14335792123472,57.2605713372943,0.37252928495412635,0.542152395508048,0.503807240304919,0.4683281549752879,0.4050247600955242,-1.3787223130401556
400,150,0.599833475852164,0.9999169095140656,7Networks_LH_SomMot_26-lh,lh,SomMot,-35.46460509877983,-19.69449630808176,60.009912207361566,0.48891476113683696,0.592122504942692,0.6326806018489702,0.5019327118201239,0.4189128277973455,-1.086434118204299
400,151,0.5982239774200078,0.9999119732901172,7Networks_LH_SomMot_27-lh,lh,SomMot,-30.09208316156825,-44.93929588001974,58.88197968505706,0.5021796681978781,0.6115043242573958,0.6601195109940038,0.4650608073975662,0.4575586245012877,-1.1298311450012615
400,152,0.5992508235030035,0.999916251327376,7Networks_LH_SomMot_28-lh,lh,SomMot,-33.50274708048503,-28.586031125386555,58.95554850260417,0.3644555947237821,0.6087508709713393,0.6655675963243812,0.6247456620136074,0.5046605956371839,-1.791698177897306
400,153,0.5988575465643015,0.9999102224343842,7Networks_LH_SomMot_29-lh,lh,SomMot,-30.132549316611065,-36.48280794796528,60.82360043621704,0.5815454870845979,0.5147563803536018,0.6240777754620613,0.5654942517371234,0.4918947005465105,-0.1972730712360806
400,154,0.6001632745850183,0.9999017823435457,7Networks_LH_SomMot_3-lh,lh,SomMot,-36.600375378225735,-24.48510210232472,8.472105336007406,0.5426142221379607,0.5072512332974918,0.45730123090117153,0.4099369520509298,0.1959014816610137,-0.34666444445482086
400,155,0.6001121909607326,0.999912814037353,7Networks_LH_SomMot_30-lh,lh,SomMot,-26.147134152439435,-11.438259468999265,60.13442602888109,0.5302572715703335,0.3687407071846249,0.5127729947302819,0.4051340151120857,0.46347607747109776,0.3688901783484848
400,156,0.5989091630614785,0.9999070648724088,7Networks_LH_SomMot_31-lh,lh,SomMot,-22.04363322725483,-26.53818640989416,60.84053631202848,0.715483645046807,0.5519936636168653,0.6277362464861653,0.6006111639021616,0.5705140537202926,0.25270064974966255
400,157,0.598729417528523,0.9999062545664736,7Networks_LH_SomMot_32-lh,lh,SomMot,-9.737462859300951,-42.27655872147296,68.4564729499186,0.5445186347268935,0.24779483635483013,0.7444272306946249,0.8697265035586363,0.769235845356745,1.1169020098573967
400,158,0.6009118224832151,0.9999133607917836,7Networks_LH_SomMot_33-lh,lh,SomMot,-4.5160255521326,-25.76914211897783,67.47828754237,0.6935053652577798,0.5688849108089776,0.5109955574706515,0.658342921328879,0.6298477402662788,0.04994379969978052
400,159,0.6005409249244386,0.999894627842884,7Networks_LH_SomMot_34-lh,lh,SomMot,-16.98395305465736,-14.130715002357736,68.84486236950427,,,,,,
400,160,0.5991105815880506,0.9999088762728604,7Networks_LH_SomMot_35-lh,lh,SomMot,-19.01375838058765,-31.45782142355233,64.50237796687279,0.6758114965633718,0.452803560893097,0.5637288102011632,0.5150361439392965,0.4901975045025736,0.6135414988314453
400,161,0.597586320485872,0.9999171201334198,7Networks_LH_SomMot_36-lh,lh,SomMot,-20.53849470405113,-39.21286640400155,68.25770817294696,0.6560830521492698,0.256677528033452,0.6757230695230835,0.5791421925051693,0.5902684989163288,1.6157679116270445
400,162,0.5991659427862519,0.999910227245452,7Networks_LH_SomMot_37-lh,lh,SomMot,-13.274689418241982,-29.313758384396824,68.78446425905653,0.6654823086508652,0.45266215512342606,0.5492316571593105,0.5134146947712616,0.28664396123488883,0.5635371591931827
400,163,0.5978128330190016,0.9999086132011076,7Networks_LH_SomMot_4-lh,lh,SomMot,-38.73192432550015,-8.68678628993808,12.735589813597676,0.6781792242506797,0.4377689986675296,0.6542276311277939,0.5755441459017512,0.4922289912495953,0.7094512104527837
400,164,0.5961889044668783,0.999916048690139,7Networks_LH_SomMot_5-lh,lh,SomMot,-36.52532194769103,-26.759153874289897,17.119322231382032,0.6962420318074234,0.49231466934695833,0.49611328817546363,0.5212480176735833,0.448337570634247,0.4925629874709725
400,165,0.6029345855884144,0.9998878451585974,7Networks_LH_SomMot_6-lh,lh,SomMot,-58.85225339873676,-37.719997849821056,14.647466864282077,0.13686331681498584,0.5160147161888616,0.6638619224027004,0.407490118821343,0.5740718172502943,-2.391184207779729
400,166,0.5966006166597543,0.999918794020058,7Networks_LH_SomMot_7-lh,lh,SomMot,-41.89994005826891,-34.98152779736212,12.694232993023492,0.6770559231724521,0.5657410510360236,0.6180998046356424,0.5575203420289429,0.4665807805464941,-0.013330581027708788
400,167,0.5994790475624237,0.9999057897368367,7Networks_LH_SomMot_8-lh,lh,SomMot,-47.326613596264544,-14.227169012377164,13.181350216885946,0.4949112550743835,0.8065339885679955,0.7978874432455185,0.6659894905265178,0.5996598673337824,-2.2586778052694156
400,168,0.6070074496359057,0.9998785455516572,7Networks_LH_SomMot_9-lh,lh,SomMot,-60.75959134706309,-4.318530817605345,10.313856801180773,0.2709103256698735,0.8031604751391771,0.5868973490126831,0.5416604967658429,0.5260381948283667,-3.341361933264595
400,169,0.6065579636136628,0.9998913309081048,7Networks_LH_Vis_1-lh,lh,Vis,-31.4309310791405,-41.7305473893453,-23.353852010419683,0.6900365157745164,0.7049404821737028,0.5731869096084156,0.451221387270323,0.4537145540868837,-0.729679430552542
400,170,0.6040320566194705,0.999888469244606,7Networks_LH_Vis_10-lh,lh,Vis,-13.831584402089996,-61.93816955272968,-6.925084474659111,0.7418274020475848,0.678456908995415,0.722303494057591,0.8240929722833231,0.6944201088284744,-0.3265470565346573
400,171,0.604165391860317,0.999887601064329,7Networks_LH_Vis_11-lh,lh,Vis,-7.6674930474741,-76.6371835941891,-6.423972532256983,0.6668604634903261,0.6129285835754518,0.544100363978351,0.4393399587188864,0.4456122823004739,-0.3279464539475503
400,172,0.607911664223195,0.9998687530524972,7Networks_LH_Vis_12-lh,lh,Vis,-24.88535555931016,-96.7344111954627,-12.331187576548398,0.6356636062130714,0.6942293647935609,0.8337112261454547,0.7276599475511265,0.5028228943430627,-0.9370409199511381
400,173,0.6061173789634736,0.9998797641544048,7Networks_LH_Vis_13-lh,lh,Vis,-13.33588174859591,-44.53940906480609,-4.765169160052536,0.3121593103467278,0.8550496835707599,0.6168191760444122,0.5429762837826164,0.5783097383157023,-3.429336214723439
400,174,0.6059586389233127,0.9998739989976352,7Networks_LH_Vis_14-lh,lh,Vis,-39.96225601367736,-87.00389323226904,-5.55985734128598,0.7475693242041804,0.5900053033584982,0.4519285300306722,0.4277547560081589,0.3403291306035402,0.19744403727763016
400,175,0.6052555039519395,0.9998786929603636,7Networks_LH_Vis_15-lh,lh,Vis,-10.10872519621048,-97.78456176792218,-3.886825971378868,,,,,,
400,176,0.6030814331256527,0.999890052296654,7Networks_LH_Vis_16-lh,lh,Vis,-15.482495665705253,-58.09110391465523,0.7895022529339805,0.19174183704338219,0.8438192130123466,0.6069445831980648,0.5638218649683566,0.635326094969954,-3.958580854950447
400,177,0.60518488845688,0.9998755937416772,7Networks_LH_Vis_17-lh,lh,Vis,-44.34436879345911,-72.90463907650104,1.5993256595568917,0.4112773207353314,0.6316327295625375,0.48993062926788317,0.36965001693527477,0.37918239105933876,-1.6896864635768316
400,178,0.5996393482821791,0.9998965309073656,7Networks_LH_Vis_18-lh,lh,Vis,-7.046712842381116,-88.08057260050357,3.616288670102469,0.5754047335989428,0.4914272136534309,0.6892136852080641,0.4914800533331379,0.5691268904191966,-0.09671678658760201
400,179,0.6038930465271011,0.9998816421783912,7Networks_LH_Vis_19-lh,lh,Vis,-26.07193373999697,-94.43096102044936,3.78806229834965,0.5375774632540753,0.6186245158832534,0.6379890375384332,0.5908297689124049,0.4409824618473892,-0.9956590757301289
400,180,0.6082475457409504,0.9998870714972588,7Networks_LH_Vis_2-lh,lh,Vis,-31.40945883181384,-35.14854264301093,-18.22494495228168,0.6656923012904534,0.458387969916007,0.43325855461757623,0.43645235612547967,0.33837532959755084,0.5324778206643982
400,181,0.6043280137669396,0.9998871820278296,7Networks_LH_Vis_20-lh,lh,Vis,-13.2440716159587,-51.69824464759048,2.876118942084057,0.7171007815848893,0.40736841777960936,0.5388330294586934,0.4457796502536489,0.3907588329541582,1.0712488264364468
400,182,0.5982659687476746,0.9999073437483876,7Networks_LH_Vis_21-lh,lh,Vis,-9.856477479710986,-75.67654549863917,7.829021696911358,0.5902517591168523,0.49996322470039417,0.2941695932402895,0.24368498054092125,0.20215511829957844,-0.07154469525450362
400,183,0.5990562400595085,0.999903867547704,7Networks_LH_Vis_22-lh,lh,Vis,-21.03412999840422,-66.21519638146768,5.735785520143349,0.6041596407240664,0.6486480214457848,0.5652311247445208,0.45703399339162243,0.42111874291417595,-0.8364968888626992
400,184,0.6036508191404795,0.9998800570547168,7Networks_LH_Vis_23-lh,lh,Vis,-38.88945099783496,-83.35966367350517,10.044632151487876,0.7759953457385451,0.5589465949824428,0.6376819373727535,0.6791532310919063,0.5712193082001557,0.5113153691452316
400,185,0.5986853386883139,0.9998993912729948,7Networks_LH_Vis_24-lh,lh,Vis,-14.192239268374,-97.16284925567436,15.415261314818578,0.6885366049253233,0.5049724667135711,0.42144557565358537,0.42604199579257807,0.435281510804624,0.383724822568587
400,186,0.5965980663992242,0.99991335666046,7Networks_LH_Vis_25-lh,lh,Vis,-3.968079407498219,-84.70897804445805,23.46371066894313,0.6801035644257298,0.46807999533403866,0.5031762723756484,0.515793553134442,0.4266851242035237,0.549027691227512
400,187,0.5946096809582285,0.9999229054883296,7Networks_LH_Vis_26-lh,lh,Vis,-13.974083823852643,-70.9343149771445,19.449905606403803,0.6118175978609,0.4907385354682472,0.4955330807045787,0.4907669977881485,0.5244460610853185,0.08621433607660464
400,188,0.599211841922193,0.9999006853800544,7Networks_LH_Vis_27-lh,lh,Vis,-27.42744734250926,-83.66948806387039,16.621921721544524,0.7111335564142375,0.49793953807021385,0.49755407692912523,0.5387628026310514,0.5548270884784401,0.534270283806249
400,189,0.6002694600652229,0.9998940217016252,7Networks_LH_Vis_28-lh,lh,Vis,-33.7867070651843,-82.53938262395883,23.04350547693461,0.4949966348649846,0.429786733419531,0.626006605591811,0.4256080841939597,0.6403830233421995,-0.14666531738698002
400,190,0.5979619385832597,0.9999058040576962,7Networks_LH_Vis_29-lh,lh,Vis,-16.95356636250939,-88.38620781859349,28.612489427839005,0.6376630729211594,0.45574125300588064,0.6991269135489908,0.5986433869781094,0.5044747485315884,0.40946996970639515
400,191,0.605927203427678,0.999877933679442,7Networks_LH_Vis_3-lh,lh,Vis,-36.478565499802265,-61.14527789659736,-20.06013478050547,0.648030429815446,0.49517496600975375,0.7065338140932855,0.6501642866672859,0.6208654614049072,0.2394365358283423
400,192,0.5956734423538546,0.9999166065093168,7Networks_LH_Vis_30-lh,lh,Vis,-13.66630835192544,-79.6397770914792,33.57240023299994,0.740933163462428,0.45458953387904005,0.6450159615702076,0.42390712827432514,0.66291921380691,0.9237868773280286
400,193,0.5964344526328883,0.9999153994306916,7Networks_LH_Vis_31-lh,lh,Vis,-21.08930028309612,-77.06418851936388,39.01340075258939,0.7623834606611868,0.3420442591283208,0.6301272172973958,0.6858744770537448,0.6733553541844332,1.6600688039938891
400,194,0.6024014834913315,0.999891859512885,7Networks_LH_Vis_4-lh,lh,Vis,-26.57484521249041,-54.31074229378012,-9.431516289117916,0.7012125665506148,0.48757997932904135,0.5583290206143002,0.48325113305174705,0.48829391668025246,0.5435440736297461
400,195,0.6058226072766937,0.9998815434716352,7Networks_LH_Vis_5-lh,lh,Vis,-24.92466871007284,-73.26484629821778,-10.00446177037557,0.5808450608011498,0.4629086046036428,0.6106647070220482,0.3165177389904171,0.5169440096024039,0.08987872898678403
400,196,0.6072799902958018,0.9998712900110788,7Networks_LH_Vis_6-lh,lh,Vis,-34.64361891612201,-80.6698271388739,-16.732641611300725,0.5467404647099456,0.4951289413160245,0.689614832351199,0.4538283209444445,0.6559865896112782,-0.25842939569826023
400,197,0.6065937325837627,0.9998880815082906,7Networks_LH_Vis_7-lh,lh,Vis,-19.014586882002664,-37.84904459166825,-12.17023153978938,0.4150845073546757,0.6831426006458264,0.572607538576801,0.5000138315427152,0.5088330438460793,-1.9596659470346258
400,198,0.60723972751939,0.9998746998819604,7Networks_LH_Vis_8-lh,lh,Vis,-43.993360427731226,-69.29369410149238,-9.570383422120376,0.7760691030800393,0.4641822921092603,0.6803512990192699,0.5867882190443898,0.6099868118519183,1.0428129550414604
400,199,0.6076018484428323,0.999874603899034,7Networks_LH_Vis_9-lh,lh,Vis,-17.310307839234962,-87.84337217062439,-12.153232631997174,0.6366013361217187,0.5103606477589765,0.6533153319926743,0.48501385278572307,0.5403305967588908,0.09811783494694655
400,200,0.6027900579097326,0.99988593738199,7Networks_RH_Cont_Cing_1-rh,rh,Cont,4.109800150917797,-25.29359493371917,29.053500754658767,0.6612367416020208,0.44482392868563525,0.4737023587993235,0.5615666427048652,0.2937576294178543,0.5865899883947271
400,201,0.598809879014151,0.9999019579134676,7Networks_RH_Cont_Cing_2-rh,rh,Cont,3.155343483909701,-0.2025656573961459,31.53282304703136,0.15974812099530905,0.4235356478152795,0.23374368378197896,0.2556110100911883,0.27098739589260057,-1.76031471299991
400,202,0.6075801459400823,0.999892937441559,7Networks_RH_Cont_PFCl_1-rh,rh,Cont,27.986942701890204,52.30002185149051,-13.416409871879496,0.5448014239505306,0.2591292850183669,0.7017612404744411,0.7638045876364519,0.6706580430736988,1.0547654054045008
400,203,0.5978409690735642,0.9999114239351128,7Networks_RH_Cont_PFCl_10-rh,rh,Cont,36.431297569475326,11.299653027813406,30.729302708614103,0.6999226532169923,0.300810249936442,0.4069671884446754,0.5387887683220679,0.4193383556579189,1.584007313303448
400,204,0.6030245798644978,0.9998945192368072,7Networks_RH_Cont_PFCl_11-rh,rh,Cont,37.26327935217558,30.61038870943047,36.97827252953187,0.6161365982208078,0.3988372876064439,0.5113671320899121,0.4283895076089064,0.5402035767299048,0.6225423346691622
400,205,0.6013845461481235,0.9998960111120534,7Networks_RH_Cont_PFCl_12-rh,rh,Cont,41.34909707119591,20.19441542499944,39.795362961919686,0.6563287852849915,0.3296006112285651,0.44718685049944357,0.46874515279297235,0.4107861135784638,1.2082571606802457
400,206,0.6002308977426606,0.9998987767549232,7Networks_RH_Cont_PFCl_13-rh,rh,Cont,41.15386166593954,7.346591785082368,46.490649022329016,0.43631338043394297,0.3984324335100903,0.4154522633539421,0.4756253557220503,0.4992618028445712,-0.25952333800069305
400,207,0.6002823846057294,0.9998995068229646,7Networks_RH_Cont_PFCl_14-rh,rh,Cont,34.31315690797992,15.67370102179082,52.58439444992347,0.7318665451300481,0.03964212775581345,0.7329792731224976,0.5680440683834588,0.5637625074135086,3.204895824534405
400,208,0.5981969444418637,0.9999135672105632,7Networks_RH_Cont_PFCl_15-rh,rh,Cont,24.59286099607608,8.304191625305194,53.71093755982034,0.6574472524975832,0.5590418255305278,0.46615651088538035,0.42192375502719265,0.48693677667904295,-0.0722143092388442
400,209,0.6063832884793781,0.9998909844692966,7Networks_RH_Cont_PFCl_2-rh,rh,Cont,42.60892465688887,48.0329504918008,-4.145084624362253,,,,,,
400,210,0.6048331803262197,0.9999022463810424,7Networks_RH_Cont_PFCl_3-rh,rh,Cont,28.33977524577109,54.3951634851541,3.541195894611669,0.74096495928987,0.24973706322097478,0.5820186198738498,0.6363379683675079,0.4258459298988995,2.072100148256069
400,211,0.6067325891204687,0.999883450146264,7Networks_RH_Cont_PFCl_4-rh,rh,Cont,46.33146818115681,36.46545952373275,5.405926232268758,0.9217108705133077,0.5493595279598592,0.5193877929216169,0.6244576254210437,0.5081922976406098,1.2816489040020425
400,212,0.6049044023415532,0.9998928386629944,7Networks_RH_Cont_PFCl_5-rh,rh,Cont,40.67638054440802,42.033907573830334,15.31384148960471,0.9040605981061489,0.5280602309405671,0.6376696911498877,0.6856105058106889,0.5220288425876737,1.3142266537171654
400,213,0.6048732228615891,0.9998880457161607,7Networks_RH_Cont_PFCl_6-rh,rh,Cont,45.62040812973369,29.41268179928445,16.996940627772148,0.16919213720176723,0.676012635625101,0.17786466794012962,0.17628737655725385,0.194363277341208,-3.1289536682080143
400,214,0.6023205494056066,0.9998900260921524,7Networks_RH_Cont_PFCl_7-rh,rh,Cont,43.166955864244,18.62472132071748,22.83558898127231,0.6823648595220796,0.01620072876244102,0.6637615768589019,0.7652331559698702,0.6614348151799944,3.0928407136965794
400,215,0.603753526871293,0.9998999893458544,7Networks_RH_Cont_PFCl_8-rh,rh,Cont,26.06461976441824,48.84746140173559,23.25081079274561,,,,,,
400,216,0.6038003218701558,0.9998904423763966,7Networks_RH_Cont_PFCl_9-rh,rh,Cont,46.76786480805813,27.62840656745128,27.253773429454903,0.3429905746485718,0.36158607712524465,0.5226830200997971,0.4146181416035578,0.37747505098609635,-0.5119499063832802
400,217,0.5977490056828151,0.9999233482763202,7Networks_RH_Cont_PFCmp_1-rh,rh,Cont,8.97032985015802,32.04564013968994,26.07139907392076,0.8555929518725298,0.4116908001365315,0.6661248720079189,0.7796459854849638,0.5156480580801637,1.7280996746477686
400,218,0.6007032989583975,0.999900315753152,7Networks_RH_Cont_PFCmp_2-rh,rh,Cont,4.795652627189261,25.6176882696983,46.74457559721595,0.7540123384555961,0.11892434646817344,0.5653940999514833,0.6423008674773942,0.662660722788944,2.869443535421337
400,219,0.6035382717965022,0.9999099168251828,7Networks_RH_Cont_PFCv_1-rh,rh,Cont,34.285116081341734,21.91055755069535,-6.664761837805324,,,,,,
400,220,0.6019061846332621,0.9998920195556468,7Networks_RH_Cont_Par_1-rh,rh,Cont,51.18898262374702,-56.87642972770779,41.70235615215082,,,,,,
400,221,0.6030155242953374,0.9998924124209284,7Networks_RH_Cont_Par_2-rh,rh,Cont,52.00346158599854,-46.91642377471924,40.77199843597412,0.8643204159961195,0.483246871241342,0.8544234633145251,0.858316382831136,0.6965947573273622,1.3699622166317902
400,222,0.5965448263927825,0.9999098715689394,7Networks_RH_Cont_Par_3-rh,rh,Cont,32.362512693734004,-67.84252778415022,42.07948364389354,0.8430687713345726,0.20379951526130471,0.5357556526075072,0.7546164263463675,0.6347475680829657,2.8316970952034106
400,223,0.5989587526844293,0.9999057926920304,7Networks_RH_Cont_Par_4-rh,rh,Cont,49.114118170044506,-38.99513814788865,44.43647093137592,0.6590163260430929,0.4622550825917188,0.8271984313264243,0.7094162965916332,0.5155750618702204,0.47797231405239515
400,224,0.5967125678812041,0.999913763300056,7Networks_RH_Cont_Par_5-rh,rh,Cont,42.90274063508902,-48.25392402819733,40.48044496507787,,,,,,
400,225,0.5980292672842223,0.999908678732927,7Networks_RH_Cont_Par_6-rh,rh,Cont,38.11645154143165,-57.00652062787152,44.25646655490039,0.85521502506406,0.25642304680478495,0.37487964119310224,0.3782205702487156,0.6628254635006385,2.5964856412966615
400,226,0.6100176207173625,0.9998702229289186,7Networks_RH_Cont_Temp_1-rh,rh,Cont,58.97514143091862,-35.62536605738761,-20.49556885265125,0.5880954628137334,0.33685995838414157,0.6736768226714951,0.7768172147096446,0.47273762792776086,0.832012078810629
400,227,0.6081286292080843,0.9998709815684068,7Networks_RH_Cont_Temp_2-rh,rh,Cont,60.88816406357456,-47.586759943357656,-10.291781403649022,,,,,,
400,228,0.5930156977005546,0.9999279382271484,7Networks_RH_Cont_pCun_1-rh,rh,Cont,12.853132706157044,-70.58133080102115,36.26859003133168,,,,,,
400,229,0.5941964918116243,0.9999246075507394,7Networks_RH_Cont_pCun_2-rh,rh,Cont,5.498088653018245,-62.45582795544751,43.55214358763527,0.7184613649420485,0.2792506826051928,0.6272469602865866,0.42711481878752827,0.624808477790222,1.7960140477758335
400,230,0.6023935814581957,0.999919869928002,7Networks_RH_Default_PFCdPFCm_1-rh,rh,Default,5.588297783452536,37.42104409807124,-9.593708101057,0.6211148192721351,0.5099872925186179,0.5022093553950705,0.4911439371234347,0.5401675078506,0.024050808097559405
400,231,0.6003368340666893,0.999906290699825,7Networks_RH_Default_PFCdPFCm_10-rh,rh,Default,25.31312210389546,31.00944399493081,39.36191293512072,0.82884056884136,0.7908176372686172,0.7291154848197109,0.6481607228324314,0.3657829967996856,-0.5283929066944462
400,232,0.6029471304365998,0.9998894695548516,7Networks_RH_Default_PFCdPFCm_11-rh,rh,Default,13.267370673931804,37.36956202311247,51.487659948928304,0.8228193459763681,0.30805483270132344,0.6733613617450108,0.4838422912114276,0.5033231976961269,2.147784361008311
400,233,0.5999429417413252,0.9999079753163737,7Networks_RH_Default_PFCdPFCm_12-rh,rh,Default,23.762133992209066,20.444972563866443,49.20852863772774,0.41794932503332105,0.34252795676734205,0.3060335143702684,0.36787660309107784,0.20118769172863288,-0.03650075721373092
400,234,0.6015999327957443,0.9998909866718924,7Networks_RH_Default_PFCdPFCm_13-rh,rh,Default,12.232005817172114,18.632650527058868,62.18023994475642,,,,,,
400,235,0.6059082321321284,0.9998871313445054,7Networks_RH_Default_PFCdPFCm_2-rh,rh,Default,9.803337070420817,64.31052014998356,2.1734403552995487,0.6191017731391703,0.4621874285503224,0.0033903592810377776,0.2925163606954344,0.016077126511294827,0.2820596735610833
400,236,0.6004767884586524,0.9999148504376084,7Networks_RH_Default_PFCdPFCm_3-rh,rh,Default,8.43134450712334,40.7287696766328,5.949203541510663,0.7926320778439837,0.5653115896819236,0.7466792454582782,0.7685480464671384,0.6760173834342919,0.557456991376262
400,237,0.6034699657033682,0.9998992515100384,7Networks_RH_Default_PFCdPFCm_4-rh,rh,Default,8.173263098639465,49.435463988704726,14.053490551931263,0.6595329330016311,0.44025903219759904,0.6601523395895565,0.7539140094978664,0.6007465596640255,0.6037963236582321
400,238,0.60560969992728,0.9998911040323276,7Networks_RH_Default_PFCdPFCm_5-rh,rh,Default,17.81460848293272,61.53761652827872,17.781020677881713,,,,,,
400,239,0.5984908501151989,0.999908983911552,7Networks_RH_Default_PFCdPFCm_6-rh,rh,Default,3.83684627462606,21.711594576913804,21.371467330807544,0.75118642970031,0.507366519114341,0.7972408826691018,0.6024446319620061,0.6120243925360299,0.6784060105753784
400,240,0.6036640977468012,0.999889944708105,7Networks_RH_Default_PFCdPFCm_7-rh,rh,Default,6.198490611497347,54.50929613542986,30.654135791675465,,,,,,
400,241,0.6028782009137106,0.9998965291972418,7Networks_RH_Default_PFCdPFCm_8-rh,rh,Default,18.79265238505439,48.52408156955492,35.24343968205598,0.6967431625375305,0.6052929558445248,0.45394075380538956,0.5760505857841614,0.5295008208452017,-0.13819312896195252
400,242,0.6014371885152091,0.9998974741222432,7Networks_RH_Default_PFCdPFCm_9-rh,rh,Default,4.954849225102049,40.90822325330792,38.285303289240055,,,,,,
400,243,0.6038771849336791,0.999906848212412,7Networks_RH_Default_PFCv_1-rh,rh,Default,34.27081070623454,21.02159628896318,-17.531312066704565,,,,,,
400,244,0.60537316392698,0.9999014188874474,7Networks_RH_Default_PFCv_2-rh,rh,Default,34.08088187124471,36.03029393086507,-12.585957857593256,0.8123185712409132,0.6361671101994638,0.21691006777840732,0.39583508686501306,0.43015231549838107,0.25714030354270023
400,245,0.6060099710166061,0.9998973800364596,7Networks_RH_Default_PFCv_3-rh,rh,Default,48.05995820126857,31.190751683007704,-6.094201975800245,0.8220776994042158,0.46985878125199887,0.5012226134721626,0.5884549296264072,0.5648891856243606,1.237258495405362
400,246,0.6068612306009034,0.999878956096328,7Networks_RH_Default_PFCv_4-rh,rh,Default,52.64648396056376,23.043459775712755,8.024921463448324,,,,,,
400,247,0.599959896593275,0.9998977114514078,7Networks_RH_Default_Par_1-rh,rh,Default,47.57667186737061,-49.14187300364176,16.539062418937682,0.8165234818449251,0.3049183957658988,0.8261943413556149,0.8787758327239968,0.7018200086916424,2.134401652483466
400,248,0.5992821737790309,0.9998971506128744,7Networks_RH_Default_Par_2-rh,rh,Default,42.55005280819932,-66.14002597676536,19.68927357100338,,,,,,
400,249,0.6004402165403825,0.9998964515635436,7Networks_RH_Default_Par_3-rh,rh,Default,48.5526318569415,-57.537798985778565,24.66760673696696,0.49573424725302817,0.4386869957649051,0.5452067287330709,0.6348914644029882,0.6173047019487856,-0.19292206719555188
400,250,0.6015242860645498,0.9998903700383118,7Networks_RH_Default_Par_4-rh,rh,Default,53.76739533201804,-51.02891871291666,26.71510990325597,0.8659781148783867,0.3503206590541773,0.44212691392981085,0.6951779083641795,0.490474944044321,2.1231391397408483
400,251,0.6004472806812152,0.99989197837235,7Networks_RH_Default_Par_5-rh,rh,Default,44.072940162990406,-67.54807635619974,39.64125069103846,0.752306032230962,0.5119582370597817,0.2925019108145279,0.5326604670178843,0.5234277212939574,0.6581763372483396
400,252,0.6103772334600629,0.9998867916490216,7Networks_RH_Default_Temp_1-rh,rh,Default,53.53213134896201,1.1876589927557926,-30.469456115386887,0.7938754955306118,0.34361009917162255,0.5789097965113179,0.593586286281422,0.6147215609434411,1.8061641456776
400,253,0.6102744544459924,0.999874804159862,7Networks_RH_Default_Temp_2-rh,rh,Default,61.84137821422965,-15.036201773383093,-22.79083654841069,0.5428161806258158,0.5358662000731561,0.44760420159876607,0.4201564105325699,0.3027010555505176,-0.506052387553844
400,254,0.6079544543508402,0.999893783138242,7Networks_RH_Default_Temp_3-rh,rh,Default,50.75050901307713,9.91206988515044,-19.35705923873676,0.8538417354823358,0.3883531115522379,0.3421066024018719,0.4279240104477683,0.3524511050099256,1.8502905926171476
400,255,0.6067332911327414,0.999886323287103,7Networks_RH_Default_Temp_4-rh,rh,Default,54.60705314975463,-11.22631081825231,-13.954414818114367,0.8388171459607165,0.3947663732915121,0.33782526274805713,0.6110675175435116,0.47250367281176764,1.740457608951385
400,256,0.6098225690201698,0.9998711231136748,7Networks_RH_Default_Temp_5-rh,rh,Default,62.63798049217047,-29.721897098629974,-8.070959416840427,0.8372484271746459,0.5985829506485532,0.3366473265110842,0.5003592527991235,0.37797852327046866,0.5903920304258641
400,257,0.6036913634734381,0.9998926304604188,7Networks_RH_Default_Temp_6-rh,rh,Default,48.59316793388626,-26.47810995320417,-6.890964917723239,,,,,,
400,258,0.607327630884484,0.999872629836778,7Networks_RH_Default_Temp_7-rh,rh,Default,61.80421009151617,-42.416495397892966,-0.9022873837826988,0.713133095226824,0.29039182310547257,0.27860217270280657,0.37071911914656813,0.27991807454996626,1.707366825501832
400,259,0.6000841596378231,0.999904080241851,7Networks_RH_Default_Temp_8-rh,rh,Default,48.789136233172016,-37.17882288685476,0.8362984158140443,0.742944197367631,0.2905051496688851,0.38197324913577596,0.5334952113219488,0.5770275664555271,1.8533367205252957
400,260,0.6005121467604916,0.9998978886571832,7Networks_RH_Default_pCunPCC_1-rh,rh,Default,11.371401494780145,-56.735878458270776,13.294874331200278,0.8794285053738039,0.2822616881908776,0.13708753810111818,0.4095676593577358,0.23029768529589562,2.570742329518911
400,261,0.6005438438420497,0.9998964462207316,7Networks_RH_Default_pCunPCC_2-rh,rh,Default,4.470121007799451,-44.1611646641799,20.471178127768265,,,,,,
400,262,0.5942353128141653,0.9999241178188216,7Networks_RH_Default_pCunPCC_3-rh,rh,Default,16.043998142930327,-64.62959662265465,26.699371850686,,,,,,
400,263,0.596138961082918,0.999913651915034,7Networks_RH_Default_pCunPCC_4-rh,rh,Default,4.632948196223766,-52.26327028337693,24.680937318612408,0.7968361560083936,0.3070248123136772,0.4635222424805402,0.4373424433123474,0.331060439595236,2.025777260810195
400,264,0.5930089259571937,0.9999291874107982,7Networks_RH_Default_pCunPCC_5-rh,rh,Default,4.057480467457167,-62.76660713007752,31.82082361906347,0.987575937217211,0.6461029498060773,0.44017948184966676,0.5133455430323509,0.30026870199622135,1.0633327684067337
400,265,0.597869105286797,0.9999084044023604,7Networks_RH_Default_pCunPCC_6-rh,rh,Default,5.061209592025379,-39.29035188483977,36.50329726726588,0.811365055679164,0.3833063041579814,0.47759106886990726,0.6845321765760732,0.73671939272973,1.6696850752361059
400,266,0.5971717451034817,0.9999087535858626,7Networks_RH_Default_pCunPCC_7-rh,rh,Default,2.2020231840274147,-18.82170599525895,39.06002417837436,0.5858207250547649,0.2553571699441565,0.14459172043414453,0.4647951235051328,0.4522108593211619,1.277632111463906
400,267,0.5933325235432376,0.999924710656966,7Networks_RH_Default_pCunPCC_8-rh,rh,Default,11.215948670823998,-51.38251839040596,36.54573605261116,0.7031192303555578,0.33225325162972685,0.2811218425914445,0.6353552845424403,0.5593338515766508,1.4234957417305738
400,268,0.5939439839061057,0.9999263593889725,7Networks_RH_Default_pCunPCC_9-rh,rh,Default,6.368820904090652,-49.40895337643831,44.86351006804502,0.9141362164043523,0.2365428286112253,0.24978657657262934,0.5493764256227863,0.3578031136196952,2.997672959776759
400,269,0.5978479133827452,0.9999111584754428,7Networks_RH_DorsAttn_FEF_1-rh,rh,DorsAttn,38.3135613531902,-3.6349047379636463,50.73709463662114,,,,,,
400,270,0.5975922499391086,0.9999223949872836,7Networks_RH_DorsAttn_FEF_2-rh,rh,DorsAttn,26.464219323712594,-3.432914727188832,49.81678637927657,0.5589500070270674,0.5271322228917225,0.5846119039495399,0.5538393843796098,0.4645636231043519,-0.3777572542698643
400,271,0.5993147574208222,0.9999095564064872,7Networks_RH_DorsAttn_FEF_3-rh,rh,DorsAttn,23.17010997404063,-4.056077748322879,59.61092115084983,,,,,,
400,272,0.6064702130296121,0.999879990819614,7Networks_RH_DorsAttn_Post_1-rh,rh,DorsAttn,46.348202926374704,-53.78820482494301,-16.448455304788023,0.8069876398082074,0.43356567324828704,0.5934546748385359,0.6165672145337107,0.6412025994859695,1.3664641577622414
400,273,0.5951206156050558,0.9999194091035704,7Networks_RH_DorsAttn_Post_10-rh,rh,DorsAttn,27.60359283239019,-61.39694359639738,46.25960829476861,0.6029119523896066,0.10749202166628914,0.4200547499356098,0.5909903437946354,0.6021499619783143,2.1904377888768223
400,274,0.5937055370258466,0.9999295877331034,7Networks_RH_DorsAttn_Post_11-rh,rh,DorsAttn,33.524815552374896,-47.94944888703964,41.1034790207358,0.6969513731365992,0.5874009965469109,0.4612184595481656,0.6836739262082991,0.38559339686769023,-0.03688835660474937
400,275,0.5945490517989909,0.9999194058680094,7Networks_RH_DorsAttn_Post_12-rh,rh,DorsAttn,19.251976292190456,-66.94902267552264,50.07701479802366,0.7421808896436621,0.4303038080371131,0.4987005925382998,0.4433456662818063,0.20106018168184736,1.0660395562377554
400,276,0.5952110897944176,0.9999252316943676,7Networks_RH_DorsAttn_Post_13-rh,rh,DorsAttn,33.37628368430611,-39.10428724828372,46.32378680983373,,,,,,
400,277,0.5958351639814411,0.9999182225698048,7Networks_RH_DorsAttn_Post_14-rh,rh,DorsAttn,32.46562377660196,-52.07061060395514,49.57190646265659,0.6433486951415107,0.3122659341793656,0.545580291610672,0.45681493018697494,0.5225495927334146,1.2415810396468576
400,278,0.5976712048244249,0.9999080316026449,7Networks_RH_DorsAttn_Post_15-rh,rh,DorsAttn,6.615711579632885,-69.514271546751,51.981414178134266,0.7456094670590556,0.5144123058067649,0.60235306200077,0.4364896621489588,0.2648632878327727,0.6114894005642738
400,279,0.5962359953150822,0.9999146905832847,7Networks_RH_DorsAttn_Post_16-rh,rh,DorsAttn,25.68252445212056,-58.1057635309535,56.53086211464622,0.9513041844006629,0.6093845036028186,0.8128410560748303,0.670332968427816,0.5927520260066383,1.0907550139517894
400,280,0.5983495011420992,0.9999098369135068,7Networks_RH_DorsAttn_Post_17-rh,rh,DorsAttn,5.917152761611425,-54.19254711198761,58.621544873680094,0.7436699916222254,0.5287221162671027,0.5216937810563872,0.48667677884854554,0.5869663594408707,0.5217478361920801
400,281,0.5980464799053655,0.9999068534374328,7Networks_RH_DorsAttn_Post_18-rh,rh,DorsAttn,11.90911540499872,-63.07773404205382,63.018327955630426,0.7708689310592653,0.4763061734137491,0.2588634886388202,0.2773580690794819,0.3550510239482474,0.9492876271424315
400,282,0.5973359426384824,0.9999138909598488,7Networks_RH_DorsAttn_Post_19-rh,rh,DorsAttn,23.593890755899835,-50.32747355257527,63.883427716373056,0.6865261491345623,0.25908202618801024,0.821463673521577,0.8336460337676462,0.8058640092595792,1.7520042754732226
400,283,0.6067193761323988,0.999876073677098,7Networks_RH_DorsAttn_Post_2-rh,rh,DorsAttn,54.87458081135262,-57.92956979203933,-1.6242633325671365,0.7683574357887641,0.3837932580505365,0.6237012652528435,0.43464405219458724,0.5012321576883394,1.455452880909616
400,284,0.6026295338683475,0.9998867980806472,7Networks_RH_DorsAttn_Post_3-rh,rh,DorsAttn,48.45947062045222,-59.93395796876396,10.310884260313331,0.7849347914322684,0.6300910544013432,0.744402925420904,0.6469933402241148,0.5783577026470869,0.15652739503551893
400,285,0.5995520078862646,0.999894506175842,7Networks_RH_DorsAttn_Post_4-rh,rh,DorsAttn,40.541916154660846,-77.21403955577411,30.873190266859154,,,,,,
400,286,0.5942373670186635,0.999926124712086,7Networks_RH_DorsAttn_Post_5-rh,rh,DorsAttn,28.38978977378355,-65.32357463311712,32.141261043023626,0.6008624547971745,0.22104196024311018,0.605852547431894,0.5189255445466876,0.5541244638753737,1.5439341950001761
400,287,0.6013717362062742,0.9998941750524596,7Networks_RH_DorsAttn_Post_6-rh,rh,DorsAttn,52.8949711313053,-28.002365602765764,42.98658286114128,,,,,,
400,288,0.5969018927194732,0.999906910101497,7Networks_RH_DorsAttn_Post_7-rh,rh,DorsAttn,16.47575874889598,-75.87437212700938,45.44054128609452,0.7523445484798655,0.33816589767400074,0.33387698766071566,0.4416379706448547,0.4718842676074012,1.6324368678023373
400,289,0.5948792037900471,0.9999255740352712,7Networks_RH_DorsAttn_Post_8-rh,rh,DorsAttn,36.63401797503773,-41.28795124107683,38.286859454763245,0.8451742758171893,0.587764862476791,0.5687405943559429,0.5875961679560349,0.5684618563850932,0.6900029855799057
400,290,0.5948145515320441,0.9999249090432408,7Networks_RH_DorsAttn_Post_9-rh,rh,DorsAttn,40.97849275143211,-31.310590812225147,41.087894259436986,0.7070822770078742,0.6299394950554906,0.41289142449897837,0.39092910821291915,0.3944891049678053,-0.2254863178230309
400,291,0.5999743183677122,0.9999040131934798,7Networks_RH_DorsAttn_PrCv_1-rh,rh,DorsAttn,46.47460315626796,7.09831048766041,25.061566590108807,,,,,,
400,292,0.6044211804092888,0.9999035014107116,7Networks_RH_Limbic_OFC_1-rh,rh,Limbic,14.07984427417498,18.34913328941622,-21.006484159163243,0.7963753894287262,0.6462151784570428,0.41178976677200707,0.3273718652309757,0.2739751525122837,0.12241750616916158
400,293,0.6035015210490787,0.9999094579939908,7Networks_RH_Limbic_OFC_2-rh,rh,Limbic,23.775841848137453,20.96035031559541,-21.036142926855184,0.7973992173864958,0.3084316728444661,0.43071151191950335,0.5793687805098808,0.37799251117613397,2.0206611142357085
400,294,0.605080040138725,0.9999109981105804,7Networks_RH_Limbic_OFC_3-rh,rh,Limbic,8.748649224337296,40.3155188328824,-24.00032773577733,,,,,,
400,295,0.6032339783848546,0.9999162164200704,7Networks_RH_Limbic_OFC_4-rh,rh,Limbic,21.647665709591983,39.92307148622663,-19.1825046475014,,,,,,
400,296,0.607314038055904,0.9999016885811772,7Networks_RH_Limbic_OFC_5-rh,rh,Limbic,4.75263882353461,19.991875132865456,-21.278777542904283,0.7431399725877262,0.7575181411358353,0.328315127035459,0.3462831297030325,0.23176593064876277,-0.7632144039894279
400,297,0.6063749445919576,0.999891146717269,7Networks_RH_Limbic_OFC_6-rh,rh,Limbic,9.64704330301122,60.16479338558054,-14.816802146084886,0.6335092846491078,0.838514792453709,0.484937977485871,0.7496965252577728,0.4722223498449349,-1.75632625313954
400,298,0.6050310593156907,0.999901773668442,7Networks_RH_Limbic_TempPole_1-rh,rh,Limbic,29.57476182487297,-4.768859522915494,-38.516588140360106,0.6520792482969531,0.4970723093470597,0.7786495679616571,0.9616664012518558,0.7147900665674906,0.24871359148610303
400,299,0.6100340067575671,0.9998819161498343,7Networks_RH_Limbic_TempPole_2-rh,rh,Limbic,50.46374282550454,-11.901481811003816,-38.40162119668476,0.5354473907501723,0.6421089147435498,0.35949118003085423,0.3402715347520033,0.396901045102045,-1.1377596816614797
400,300,0.6074807100405278,0.9998989884015392,7Networks_RH_Limbic_TempPole_3-rh,rh,Limbic,40.75116325458247,11.491265406882215,-37.33728399119926,0.887811393880801,0.5383033653247893,0.6079767238547149,0.7764472446317767,0.5453221540919511,1.1769055926021446
400,301,0.6087884600591263,0.9998823976489558,7Networks_RH_Limbic_TempPole_4-rh,rh,Limbic,39.96872856977906,-18.480383260926203,-28.571150450309965,0.14172905015771609,0.7864717623404568,0.9526718784934695,0.8491695177882628,0.614114052420106,-3.8831128584820216
400,302,0.6082204200083284,0.9998983540169588,7Networks_RH_Limbic_TempPole_5-rh,rh,Limbic,30.64272738968509,8.083568287685285,-28.46018266790584,0.26099788769896903,0.825495949292876,0.3138958807056287,0.5301436069563973,0.3982114523661299,-3.5152951718451626
400,303,0.6111171687895854,0.999873249318056,7Networks_RH_Limbic_TempPole_6-rh,rh,Limbic,47.899293777127525,-32.70247620545858,-26.52756239179969,0.3566860433137151,0.538453291065118,0.5419258298480388,0.5037138911546202,0.407982595420637,-1.4359034858953494
400,304,0.6042578790992769,0.9998975575006834,7Networks_RH_Limbic_TempPole_7-rh,rh,Limbic,22.43537580966949,-20.49568425392618,-25.147459710130885,0.3492945700149135,0.8299141689318486,0.6693944566732131,0.5937262318104635,0.6094230870611135,-3.1058328927726504
400,305,0.6008352950952048,0.9999136364004876,7Networks_RH_SalVentAttn_FrOperIns_1-rh,rh,SalVentAttn,41.981187423676936,-0.3311610826986136,-14.979981759577306,0.49631721905317316,0.7778897164602911,0.43611335471361895,0.3321473873309996,0.3746268040659946,-2.0912181689787337
400,306,0.6043903164636428,0.999901888538311,7Networks_RH_SalVentAttn_FrOperIns_2-rh,rh,SalVentAttn,40.967557941644,7.767952047509537,-2.0754919730171832,0.34102710121949964,0.8425680206551495,0.8059191487137223,0.6752260056137431,0.6150511878101269,-3.2174129534154368
400,307,0.6041303059575631,0.9998913197192308,7Networks_RH_SalVentAttn_FrOperIns_3-rh,rh,SalVentAttn,41.30119235476932,-13.839918048961742,-4.574036725030558,0.6640309455167526,0.716101590754533,0.8283482941158905,0.7261426385790931,0.7364807629546105,-0.9201254189828556
400,308,0.6059460493600112,0.999893769966928,7Networks_RH_SalVentAttn_FrOperIns_4-rh,rh,SalVentAttn,39.12488603397291,0.0287277889723072,6.171664282352644,,,,,,
400,309,0.6023479621735356,0.9999038402226904,7Networks_RH_SalVentAttn_FrOperIns_5-rh,rh,SalVentAttn,36.11202239439376,21.28192997667333,5.602545683507199,0.5511581062384346,0.5886086329879703,0.5013345978967052,0.2813023960027292,0.4133727956658554,-0.7606391883173851
400,310,0.600943152995551,0.9998998950316338,7Networks_RH_SalVentAttn_FrOperIns_6-rh,rh,SalVentAttn,37.42141387129077,4.213974989060351,11.4872019834469,0.6732111081299215,0.6601795955725291,0.48714223682746594,0.6494188645206074,0.7030404657757059,-0.561547668247597
400,311,0.605625375344719,0.9998826788550608,7Networks_RH_SalVentAttn_FrOperIns_7-rh,rh,SalVentAttn,49.48076854091836,2.962070921519501,4.01449540630413,0.5353421274941982,0.6624837532789747,0.3840988521332423,0.3412271157006504,0.45586979616793694,-1.252474218332222
400,312,0.6041140097005882,0.999884814659363,7Networks_RH_SalVentAttn_FrOperIns_8-rh,rh,SalVentAttn,52.82435532654224,10.208086172739664,13.132418039148408,0.7660968594962689,0.5155816726709758,0.5593476986853781,0.49557830821978965,0.40749062305372297,0.7056882532436579
400,313,0.5970907735001204,0.9999241972484836,7Networks_RH_SalVentAttn_Med_1-rh,rh,SalVentAttn,7.585728896351961,16.395244640006116,36.34647055067254,,,,,,
400,314,0.5959693620347871,0.9999297639928102,7Networks_RH_SalVentAttn_Med_2-rh,rh,SalVentAttn,7.356912833743144,0.2745236418781872,43.25901147537145,,,,,,
400,315,0.601561753952214,0.9998914143964625,7Networks_RH_SalVentAttn_Med_3-rh,rh,SalVentAttn,12.931206527275124,-32.72201663002449,41.92644299917271,0.6585081338764507,0.37931258389717437,0.6373882650902166,0.27864234074504174,0.4375049882120751,0.9403491528419703
400,316,0.6005615331699021,0.9999001381995192,7Networks_RH_SalVentAttn_Med_4-rh,rh,SalVentAttn,6.036390720934108,9.63839429282192,53.73862471096758,,,,,,
400,317,0.5936347158999596,0.999928582350508,7Networks_RH_SalVentAttn_Med_5-rh,rh,SalVentAttn,12.367558380722496,-43.91977046210052,52.13398835494717,,,,,,
400,318,0.5972081321175033,0.9999070985108351,7Networks_RH_SalVentAttn_Med_6-rh,rh,SalVentAttn,11.300935133474844,-32.3369916845251,47.6872664670591,0.2449206309628707,0.7257889550721239,0.5280415513382942,0.5948822524402814,0.6725397221060094,-3.0355222678659937
400,319,0.6006401896831812,0.999894827628624,7Networks_RH_SalVentAttn_Med_7-rh,rh,SalVentAttn,6.491606072125681,-2.784925786840172,65.25174341290437,0.37593619574546233,0.7596420068082723,0.5167939119486233,0.4501076838841159,0.4079110140810345,-2.5809533413196633
400,320,0.6001141999561089,0.9998972136704024,7Networks_RH_SalVentAttn_Med_8-rh,rh,SalVentAttn,16.81648499379724,5.63756817630571,66.50696219428112,0.45553215708185346,0.6660382739518285,0.7519057967468601,0.613102761389243,0.5826239212426756,-1.6648861434558382
400,321,0.6024948958433768,0.9999009196214924,7Networks_RH_SalVentAttn_PFCl_1-rh,rh,SalVentAttn,32.15586728276433,39.53848211614935,26.49043172801937,0.7340902761624463,0.7036705529899547,0.8809087611904629,0.7008010218708955,0.49851188311712263,-0.5059141063886249
400,322,0.5988126775737447,0.9999055463153456,7Networks_RH_SalVentAttn_PrC_1-rh,rh,SalVentAttn,47.79780671762865,2.261418284220232,39.861866790194846,0.08386776101745028,0.7565951138613051,0.2530891544154975,0.310761787081896,0.2929882648912424,-4.000210556508884
400,323,0.6055288995419177,0.9998809730412,7Networks_RH_SalVentAttn_TempOccPar_1-rh,rh,SalVentAttn,56.839385596949136,-50.53383529395388,8.114580490562524,0.635482067347416,0.7936564533121147,0.7847440749845667,0.7216029491391455,0.6835454712261892,-1.4952025298618603
400,324,0.5991420468654096,0.9999003918145528,7Networks_RH_SalVentAttn_TempOccPar_2-rh,rh,SalVentAttn,48.91662306793791,-42.87915146740702,10.04337062687964,0.07140677686189564,0.7271061907843368,0.3973379493044797,0.3695423748147382,0.33921787402600045,-3.8962117126460623
400,325,0.6043354510850047,0.9998850251918447,7Networks_RH_SalVentAttn_TempOccPar_3-rh,rh,SalVentAttn,58.09814796935924,-44.78331820751239,18.535297371133808,0.3051806280296576,0.6092485564191332,0.5992013808270928,0.6484319985974727,0.5383818634240864,-2.0859900946501475
400,326,0.6020307652881793,0.9998945347776094,7Networks_RH_SalVentAttn_TempOccPar_4-rh,rh,SalVentAttn,54.739830735150505,-34.855605098672584,23.026261487589704,0.24978380745944828,0.8389771243631594,0.5868206927229889,0.3543339279588546,0.3782526781433573,-3.6460030621630466
400,327,0.6024150579777402,0.9998892373657384,7Networks_RH_SalVentAttn_TempOccPar_5-rh,rh,SalVentAttn,57.69827638294981,-26.170714910608453,25.365206347647494,0.192807077958551,0.690167456448754,0.44382026199922286,0.4376506340314042,0.43538930604630144,-3.092155013574962
400,328,0.6035253992863409,0.999887236613132,7Networks_RH_SalVentAttn_TempOccPar_6-rh,rh,SalVentAttn,59.34533298094891,-32.21774297913004,35.75224575922389,0.047301757599515236,0.7395006615883021,0.48533392105313383,0.37942853716505287,0.34502578339055123,-4.0842239167602115
400,329,0.6033386674908193,0.9998882551371968,7Networks_RH_SalVentAttn_TempOccPar_7-rh,rh,SalVentAttn,57.98018251452363,-43.38525100004049,33.54077320859914,0.5162187403944897,0.6711525964211406,0.8143299991449385,0.8027508578648662,0.6451980428997807,-1.3951063529863024
400,330,0.6058102561952392,0.9998895643374608,7Networks_RH_SomMot_1-rh,rh,SomMot,54.16707049868234,-3.1325528045209343,-4.817231903234957,0.09526322340250443,0.7120108974282973,0.49991827127413957,0.4394116958706429,0.5764885841027915,-3.6942843723983945
400,331,0.5946163396695282,0.9999248555799932,7Networks_RH_SomMot_10-rh,rh,SomMot,40.146711502240336,-30.90476738529288,17.142110249696874,,,,,,
400,332,0.6000415954377255,0.9999101836613576,7Networks_RH_SomMot_11-rh,rh,SomMot,49.124778318940926,-14.59144760785478,14.545440470234732,,,,,,
400,333,0.6056541859312995,0.9998841367412692,7Networks_RH_SomMot_12-rh,rh,SomMot,59.36088851699255,-2.1840281121591505,9.89366909256555,0.7088906512898454,0.15399599716437465,0.7482172916018762,0.8312294464173894,0.28249259842204855,2.4509745078179987
400,334,0.5983911095792317,0.9999105676569876,7Networks_RH_SomMot_13-rh,rh,SomMot,47.57107659748623,-25.19497849016773,17.386464291689347,,,,,,
400,335,0.6047862793684675,0.9998836548918963,7Networks_RH_SomMot_14-rh,rh,SomMot,62.31803682872227,-15.638313655342374,16.307944854668207,,,,,,
400,336,0.6039468160921005,0.9998852199698658,7Networks_RH_SomMot_15-rh,rh,SomMot,59.97977982723352,4.343431564284996,31.272222819472805,,,,,,
400,337,0.6010996905252299,0.9998959451993594,7Networks_RH_SomMot_16-rh,rh,SomMot,55.97383255349066,-8.665662223994998,28.3367738426692,0.4060962184785106,0.5429998295597092,0.567157369478567,0.5306192476590751,0.5342924615096672,-1.2183965115739726
400,338,0.6021536944460495,0.999891066981994,7Networks_RH_SomMot_17-rh,rh,SomMot,58.6717884288666,-19.05908757287103,32.782994581967664,0.5352257225908014,0.5764350088701113,0.5730676818834363,0.6515308791049426,0.5566304003734969,-0.7707607651407531
400,339,0.5968532153383642,0.9999154532033214,7Networks_RH_SomMot_18-rh,rh,SomMot,47.22718268174391,-10.461100134712,36.27267553714606,0.0653844558370692,0.592486893549132,0.23379814214416603,0.20997733099690202,0.18269704522075464,-3.171314197798816
400,340,0.5992578594435997,0.999905517794423,7Networks_RH_SomMot_19-rh,rh,SomMot,51.366038976571495,-22.07235040114476,40.97237098522675,0.608004433876418,0.6830190194094536,0.7847492648727061,0.716102028525188,0.5911905979833016,-1.010231493401954
400,341,0.6078726545673432,0.9998771353647712,7Networks_RH_SomMot_2-rh,rh,SomMot,62.27627736473283,-24.248087418615007,-1.573212818450381,0.45223948542712317,0.4604227408211847,0.6020120349471876,0.7407336547268198,0.5121335855632468,-0.5286451302843376
400,342,0.595229011214433,0.9999197121765928,7Networks_RH_SomMot_20-rh,rh,SomMot,10.85787755087762,-16.374574887003874,42.29369466047548,0.6577067246235841,0.7314313309799083,0.8225549503120513,0.5535542096125678,0.5972841352755831,-1.0371467901423803
400,343,0.5979597763048123,0.9999094602295576,7Networks_RH_SomMot_21-rh,rh,SomMot,49.64813986717754,-15.760309406637786,47.72572051218269,0.7636622723107499,0.7904423727534231,0.8694148344673153,0.5427007677448119,0.5933125246260684,-0.846823515756056
400,344,0.5972880102476937,0.9999174553412354,7Networks_RH_SomMot_22-rh,rh,SomMot,41.20006065468514,-12.802968873091393,46.234237665905376,0.7002028697953838,0.739988709477873,0.8018335668423696,0.49514910394296274,0.5352566636925393,-0.8761215910669843
400,345,0.5970094881201277,0.9999136492025122,7Networks_RH_SomMot_23-rh,rh,SomMot,46.0530230812598,-28.567303431632222,53.83086544379609,0.7259226948341939,0.5381960568044858,0.41594031122781366,0.5927298291395166,0.4232238815050512,0.3813706308276289
400,346,0.5982412389302875,0.999908885766014,7Networks_RH_SomMot_24-rh,rh,SomMot,7.458931906394709,-9.311182114533056,49.57925182666654,0.8120615209412088,0.7417219739959215,0.6332212201854472,0.6132000184064872,0.6083576748612545,-0.3357376048050107
400,347,0.5960985588843196,0.999926492822138,7Networks_RH_SomMot_25-rh,rh,SomMot,38.75372867638569,-22.786434736007298,51.48008764435423,0.5962841193691202,0.47118538161495305,0.7936771518876216,0.8329854988139027,0.8586413144406105,0.11941527568150835
400,348,0.5995777159507977,0.9999192205892974,7Networks_RH_SomMot_26-rh,rh,SomMot,35.22973374826177,-19.34261807082767,59.3431970309482,0.8276492713841657,0.6429867970792023,0.640227525695604,0.46970627558153166,0.30356538872135175,0.294310662258245
400,349,0.5987125530171716,0.9999159465761976,7Networks_RH_SomMot_27-rh,rh,SomMot,31.363481462422143,-36.75099741151538,59.3115878730634,0.8669671146784356,0.6719927607057676,0.6806354095038496,0.5518374050194923,0.5729545713523245,0.3250953974618337
400,350,0.5974369306865492,0.9999169015821276,7Networks_RH_SomMot_28-rh,rh,SomMot,29.776935271342367,-42.28359443751994,58.28797455161895,,,,,,
400,351,0.5982255263382841,0.9999205123202126,7Networks_RH_SomMot_29-rh,rh,SomMot,32.21193271912869,-28.384141826029843,58.18446229538828,,,,,,
400,352,0.6041325797244639,0.9998918403271984,7Networks_RH_SomMot_3-rh,rh,SomMot,53.36903767549354,-18.244371210800782,6.734288401347194,,,,,,
400,353,0.6007323140631321,0.9999236772889089,7Networks_RH_SomMot_30-rh,rh,SomMot,3.981809020042419,-24.704219892187027,56.86575749468263,0.6754353186034011,0.4037221993088705,0.74989242311308,0.719852127762839,0.6307058732960701,0.8867826926646878
400,354,0.6001142684839443,0.9999154112570222,7Networks_RH_SomMot_31-rh,rh,SomMot,28.26973286867142,-11.522211138010023,60.640694184303285,0.8459740205174151,0.6686524268424442,0.6902755626553634,0.49792627839851145,0.5518378665331043,0.2405774378265847
400,355,0.5966817822424216,0.9999158080675736,7Networks_RH_SomMot_32-rh,rh,SomMot,8.84448964238402,-41.644575999333306,65.66025912267922,,,,,,
400,356,0.5985161140172341,0.9999126453076512,7Networks_RH_SomMot_33-rh,rh,SomMot,21.113430320995004,-26.097218609210728,60.7053500958978,0.5897732004891658,0.23675865514904557,0.6556545254950081,0.6855551298937119,0.6705826992050938,1.4013105346214878
400,357,0.5995861981845907,0.999914753981638,7Networks_RH_SomMot_34-rh,rh,SomMot,21.24476136853618,-30.0118748264928,62.39330081939697,0.21673425147042188,0.8340380365412517,0.6560892960498192,0.6790447135629624,0.597024131557951,-3.7808516072596365
400,358,0.5994912479822408,0.9999071145027908,7Networks_RH_SomMot_35-rh,rh,SomMot,21.66870424984756,-36.93358524376748,66.25574120978044,0.2983471583735739,0.8104786189518851,0.7160807564409867,0.7355027955264983,0.5735250743861646,-3.2474497747346645
400,359,0.5995317443815315,0.9998986646207676,7Networks_RH_SomMot_36-rh,rh,SomMot,15.91704198134573,-9.38943478747418,66.94574837132504,0.38115151459974017,0.75855923422448,0.472111213534401,0.45575672881983,0.4754487407775078,-2.5492367184912155
400,360,0.5996272034887573,0.99990138605199,7Networks_RH_SomMot_37-rh,rh,SomMot,14.517009213356246,-48.4923494000637,69.88299911475069,0.669016357502281,0.5626372435548166,0.6090398770814788,0.8371923653761705,0.8022130181495634,-0.035471348235711575
400,361,0.601142317362988,0.9998989375660794,7Networks_RH_SomMot_38-rh,rh,SomMot,4.072558445913775,-24.10753179574992,70.02845520920701,0.8057791501879078,0.7042042715718597,0.6943112943783549,0.5592259809780462,0.6830512714965257,-0.15635387605815354
400,362,0.5993516674198252,0.99990504712462,7Networks_RH_SomMot_39-rh,rh,SomMot,15.58972176316259,-21.862215113010908,70.2278064983926,,,,,,
400,363,0.5986448970260791,0.9999095092364884,7Networks_RH_SomMot_4-rh,rh,SomMot,39.71924394478828,-21.259226856056166,3.87016308458452,0.5905724771247143,0.5112753605624841,0.6696502026313149,0.6668449025749603,0.6520557213485787,-0.13336971472943585
400,364,0.5999293958733273,0.9999019849051682,7Networks_RH_SomMot_40-rh,rh,SomMot,10.677242035366314,-34.10032670977853,72.53431116032327,0.5679893122043218,0.3552959848382198,0.28894179113168983,0.36545063283357604,0.2973610956632189,0.6298038103616892
400,365,0.6000998578555226,0.999905366920848,7Networks_RH_SomMot_5-rh,rh,SomMot,38.31698875996604,-9.508908070735078,13.669518731423278,0.7497754897071697,0.4935133654133876,0.5159738108161925,0.43238890917249306,0.5283336175357122,0.7491114293191717
400,366,0.6041762228197386,0.9998891866104012,7Networks_RH_SomMot_6-rh,rh,SomMot,35.73026431974817,-23.47255503232362,13.909120812963266,0.310666378784333,0.7573866322403551,0.49959210832148715,0.48110404831245174,0.41283965858915994,-2.8892963908606184
400,367,0.6044664942997486,0.9998862583942532,7Networks_RH_SomMot_7-rh,rh,SomMot,60.02697238660839,-27.96783253134113,10.53669749808638,0.3702998608581911,0.6249369369499624,0.6379744845590954,0.46917597351960016,0.4878504550145863,-1.8536768851580376
400,368,0.6056837709357046,0.9998778696647164,7Networks_RH_SomMot_8-rh,rh,SomMot,62.91798085915415,-37.91018609937869,9.375149672360797,0.06671517171174589,0.8337217978755429,0.1639861348299334,0.32362254300054355,0.1508574373469717,-4.516843132095819
400,369,0.5927598130175726,0.9999326573011996,7Networks_RH_SomMot_9-rh,rh,SomMot,39.65330003591684,-15.134071417038257,17.82500345156743,0.4268418764680285,0.6778701656527575,0.5308336793318031,0.5117512839558329,0.41890291737954233,-1.8722946076372908
400,370,0.6113718423677537,0.9998816739345636,7Networks_RH_Vis_1-rh,rh,Vis,33.73421924152402,-38.76331486486799,-23.52695965246342,0.7377917460392897,0.6261110443387732,0.7721554318504469,0.7531778643496302,0.44601923096805757,-0.05300556419077551
400,371,0.6071735767364216,0.999869249298243,7Networks_RH_Vis_10-rh,rh,Vis,42.00011734654484,-85.393584712311,-10.430461916392192,0.5579384028290308,0.5529912351726682,0.5214962381212733,0.3838227177520704,0.44242079581733323,-0.5276666863839864
400,372,0.6041568938560753,0.99988568697488,7Networks_RH_Vis_11-rh,rh,Vis,9.3143160225989,-73.61334473694656,-5.402652717239465,0.5364052013744621,0.5305108884335392,0.5091528205584466,0.31885835733585366,0.35358734827680793,-0.50756486279373
400,373,0.6051930262747741,0.9998856358746584,7Networks_RH_Vis_12-rh,rh,Vis,11.603607693186133,-56.83899196154295,-3.7746265772944607,0.633188962302651,0.5396868751447992,0.479507375367469,0.4322824804951222,0.3129337627326715,-0.08303114784594194
400,374,0.6075880685377121,0.9998693299709104,7Networks_RH_Vis_13-rh,rh,Vis,24.974504228786376,-97.4432663410708,-9.269698006822171,0.8412528690389754,0.7393433732167826,0.8641457035476929,0.4872280614072891,0.6316565366979244,-0.17884878516103986
400,375,0.6060000541667899,0.9998832426464808,7Networks_RH_Vis_14-rh,rh,Vis,17.59583367624755,-46.90128453061922,-2.5144432037822537,,,,,,
400,376,0.6026834322465457,0.9998840835988904,7Networks_RH_Vis_15-rh,rh,Vis,9.230852150714432,-92.25688443710716,0.04916290388899,0.7406403813944611,0.6891103936265571,0.6074459231082253,0.4422315194816059,0.45007376724580406,-0.39209522698446164
400,377,0.6038283816886685,0.999881582204176,7Networks_RH_Vis_16-rh,rh,Vis,46.25512828862423,-70.0902906840518,5.295305901964921,0.7710620946311273,0.6979954709556377,0.3140404236285355,0.36856625644886826,0.3908101301542727,-0.2922863672874523
400,378,0.6042046819554681,0.999887818084529,7Networks_RH_Vis_17-rh,rh,Vis,13.130108099305229,-48.858929297629366,2.5628123190546974,0.3889028942203038,0.8404255713442165,0.7719132190186846,0.5786989009605832,0.5521999627817775,-2.969961333621267
400,379,0.6024887652701812,0.9998838045707388,7Networks_RH_Vis_18-rh,rh,Vis,32.3130364311509,-88.13911828982219,5.241248358444906,0.6472148616251996,0.8120205543292068,0.9735227757221618,0.822152135314688,0.6899601836005965,-1.5404300760105165
400,380,0.5992151000536455,0.9999034137702776,7Networks_RH_Vis_19-rh,rh,Vis,10.339547792008158,-73.68011280291343,8.260370245892448,0.2491501037754164,0.8494918305606147,0.5284980947363247,0.5905654469612789,0.5542338959133837,-3.708052304659809
400,381,0.6085544342789698,0.999888824899077,7Networks_RH_Vis_2-rh,rh,Vis,32.11541472952472,-35.21119974912049,-16.925132261768,0.5303907318928818,0.8679147663109099,0.5858693711001555,0.5129791244658912,0.54885583338228,-2.4282237155685973
400,382,0.5998731623625129,0.999902589878152,7Networks_RH_Vis_20-rh,rh,Vis,22.964381222040803,-62.04981967264376,5.045612511913067,0.555822105682366,0.6048901518784996,0.7299738954981957,0.23866307386684787,0.31118673988289525,-0.8289572066542261
400,383,0.6032177179443371,0.9998832329197528,7Networks_RH_Vis_21-rh,rh,Vis,22.953943878527312,-98.85429485424145,8.0702184019862,0.34203753776749235,0.8189359023184715,0.6477992305124146,0.558827994052256,0.5637247273160612,-3.079990556335563
400,384,0.6022644893670153,0.9998837118002896,7Networks_RH_Vis_22-rh,rh,Vis,40.80733049657356,-80.73856837441477,12.199606854949842,,,,,,
400,385,0.5999596417769022,0.9998952941805792,7Networks_RH_Vis_23-rh,rh,Vis,12.053622078929484,-93.16523015549988,17.63867736100133,0.39336518859267966,0.5598454672742271,0.6059380638918932,0.7745044599744472,0.7118808038350596,-1.3754215949439248
400,386,0.5962705234551577,0.9999142348062826,7Networks_RH_Vis_24-rh,rh,Vis,16.748238741801334,-67.17483728848971,18.483881677480845,0.534421657450013,0.7609829868024616,0.7533086314622578,0.7500931943171674,0.620054037734294,-1.809069304054245
400,387,0.5965289821546543,0.9999146412496718,7Networks_RH_Vis_25-rh,rh,Vis,3.802205753045451,-80.82202438714127,21.99782957532992,0.61530366046774,0.6620918730942055,0.5232203265480101,0.44627227373806444,0.312342750039582,-0.8570429026727417
400,388,0.5975845313963537,0.999907147063012,7Networks_RH_Vis_26-rh,rh,Vis,25.90658140854097,-85.26218314909599,18.995517891897283,,,,,,
400,389,0.597327807551871,0.9999061037014008,7Networks_RH_Vis_27-rh,rh,Vis,32.80195320238213,-77.03491728430505,22.98504142338047,0.7160918134810274,0.4803834013188606,0.513970153128622,0.5123958399792491,0.5842327261459914,0.6570526215422225
400,390,0.59460524593747,0.9999210157450484,7Networks_RH_Vis_28-rh,rh,Vis,14.670695726346162,-77.49335751291049,32.26194643246925,,,,,,
400,391,0.5975234540263805,0.9999059187356552,7Networks_RH_Vis_29-rh,rh,Vis,16.143456727149132,-86.62943916770764,35.24504573317061,0.49440035270763877,0.477457037453432,0.39677118355837876,0.22837276307333898,0.3648176314920277,-0.41678018272023143
400,392,0.6030671137804376,0.9998890396831924,7Networks_RH_Vis_3-rh,rh,Vis,34.348148072284204,-56.77809410095215,-19.407818172288977,0.3080484670219754,0.12187821585894992,0.863143812399479,0.45931484699101577,0.7020335004523901,0.6597261229912428
400,393,0.595158566204356,0.9999177904138494,7Networks_RH_Vis_30-rh,rh,Vis,26.223940292994182,-74.16139449013605,34.68717503106153,,,,,,
400,394,0.6072527711906938,0.999873321587638,7Networks_RH_Vis_4-rh,rh,Vis,35.16700399588354,-74.64857728140694,-15.22465385117146,,,,,,
400,395,0.6018447727605607,0.9998931913041148,7Networks_RH_Vis_5-rh,rh,Vis,27.712463258849787,-53.399379567567465,-9.545823355737676,,,,,,
400,396,0.6058222750738831,0.99988228672526,7Networks_RH_Vis_6-rh,rh,Vis,23.59006001016368,-73.18717395533686,-10.34537283130314,0.6442305147604535,0.45955347441725636,0.6747755923573233,0.33274099968879145,0.6746789396125402,0.42040060725388706
400,397,0.6062566946428978,0.9998862409674928,7Networks_RH_Vis_7-rh,rh,Vis,18.001350845446428,-37.05780879390296,-10.671143614504324,0.530472260840096,0.5967601421794609,0.754055894736251,0.755075666694385,0.6850168710790483,-0.9080556291737315
400,398,0.6072129081543943,0.999875783756868,7Networks_RH_Vis_8-rh,rh,Vis,20.84336173317649,-88.07011144464666,-11.322577492107044,0.614687081935704,0.4915741176752605,0.9701804771656733,0.5775430126603942,0.7570623998904793,0.09564261745301231
400,399,0.6068661527714578,0.999873583491216,7Networks_RH_Vis_9-rh,rh,Vis,47.3416371365811,-67.99293328549,-7.595575102717007,0.4511805395210358,0.5263316967090169,0.5354154160184433,0.6750191955975745,0.5436890353496961,-0.9032592599898306
